Accession,Organism_Name,GenBank_RefSeq,Assembly,Submitters,Organization,Org_location,Release_Date,Isolate,Species,Length,Nuc_Completeness,Geo_Location,Country,USA,Host,Tissue_Specimen_Source,Collection_Date,Lineage
NC_009942,West Nile virus,RefSeq,GCF_000875385.1,"Faggioni,G., Pomponi,A., De Santis,R., Masuelli,L., Ciammaruconi,A., Monaco,F., Di Gennaro,A., Marzocchella,L., Sambri,V., Lelli,R., Rezza,G., Bei,R., Lista,F., Borisevich,V., Seregin,A., Nistler,R., Mutabazi,D., Yamshchikov,V.","National Center for Biotechnology Information, NIH",USA,10/19/07,385-99,Orthoflavivirus nilense,11029,complete,USA,USA,NA,NA,NA,NA,Lineage_1
NC_001563,West Nile virus,RefSeq,GCF_000861085.1,"Melian,E.B., Hinzman,E., Nagasaki,T., Firth,A.E., Wills,N.M., Nouwens,A.S., Blitvich,B.J., Leung,J., Funk,A., Atkins,J.F., Hall,R., Khromykh,A.A., Yamshchikov,V.F., Wengler,G., Perelygin,A.A., Brinton,M.A., Compans,R.W., Castle,E.","National Center for Biotechnology Information, NIH",USA,8/3/93,NA,Orthoflavivirus nilense,10962,complete,NA,NA,NA,NA,NA,NA,Lineage_2
OZ223839,West Nile virus 2,GenBank,NA,"Sladecek,T.","Science Park of Comenius University of Bratislava, Ilkovicova 8, 841 04 Bratislava",Slovakia,2/15/25,RNA,Orthoflavivirus nilense,10293,complete,Slovakia,Slovakia,NA,Homo sapiens,NA,9/13/24,Lineage_2
OZ223842,West Nile virus 2,GenBank,NA,"Sladecek,T.","Science Park of Comenius University of Bratislava, Ilkovicova 8, 841 04 Bratislava",Slovakia,2/15/25,RNA,Orthoflavivirus nilense,10293,complete,Slovakia,Slovakia,NA,Homo sapiens,NA,9/23/24,Lineage_2
OZ223850,West Nile virus 2,GenBank,NA,"Sladecek,T.","Science Park of Comenius University of Bratislava, Ilkovicova 8, 841 04 Bratislava",Slovakia,2/15/25,RNA,Orthoflavivirus nilense,10293,complete,Slovakia,Slovakia,NA,Homo sapiens,NA,9/26/24,Lineage_2
PQ793759,West Nile virus,GenBank,NA,"Christova,I., Stoikov,I., Ngoc,K.","National Center of Infectious and Parasitic Diseases, Microbiology",Bulgaria,2/12/25,BG112-2024,Orthoflavivirus nilense,10960,complete,Bulgaria,Bulgaria,NA,Homo sapiens,urine,8/15/24,Lineage_2
PQ793760,West Nile virus,GenBank,NA,"Christova,I., Stoikov,I., Ngoc,K.","National Center of Infectious and Parasitic Diseases, Microbiology",Bulgaria,2/12/25,BG123-2024,Orthoflavivirus nilense,10960,complete,Bulgaria,Bulgaria,NA,Homo sapiens,urine,8/29/24,Lineage_2
OM302314,West Nile virus,GenBank,NA,"Aguilera-Sepulveda,P., Cano-Gomez,C., Villalba,R., Borges,V., Aguero,M., Bravo-Barriga,D., Frontera,E., Jimenez-Clavero,M.A., Fernandez-Pinero,J., Elizalde,M.","Instituto Nacional de Investigacion y Tecnologia Agraria y Alimentaria (INIA-CSIC), Centro de Investigacion en Sanidad Animal (CISA)",Spain,2/5/25,2442-5_Spain/2016/CV-b/3B_Caceres,Orthoflavivirus nilense,10926,complete,"Spain: Caceres, Extremadura",Spain,NA,Aegypius monachus,brain,2016,Lineage_1
OM302317,West Nile virus,GenBank,NA,"Aguilera-Sepulveda,P., Cano-Gomez,C., Villalba,R., Borges,V., Aguero,M., Bravo-Barriga,D., Frontera,E., Jimenez-Clavero,M.A., Fernandez-Pinero,J., Elizalde,M.","Instituto Nacional de Investigacion y Tecnologia Agraria y Alimentaria (INIA-CSIC), Centro de Investigacion en Sanidad Animal (CISA)",Spain,2/5/25,a2153_Spain/2018/LO-l_Caceres,Orthoflavivirus nilense,10932,complete,"Spain: Caceres, Extremadura",Spain,NA,Athene noctua,lung,2018,Lineage_1
OM302318,West Nile virus,GenBank,NA,"Aguilera-Sepulveda,P., Cano-Gomez,C., Villalba,R., Borges,V., Aguero,M., Bravo-Barriga,D., Frontera,E., Jimenez-Clavero,M.A., Fernandez-Pinero,J., Elizalde,M.","Instituto Nacional de Investigacion y Tecnologia Agraria y Alimentaria (INIA-CSIC), Centro de Investigacion en Sanidad Animal (CISA)",Spain,2/5/25,101279_Spain/2018/LO-h/2V_Caceres,Orthoflavivirus nilense,10932,complete,"Spain: Caceres, Extremadura",Spain,NA,Athene noctua,heart,2018,Lineage_1
OM302319,West Nile virus,GenBank,NA,"Aguilera-Sepulveda,P., Cano-Gomez,C., Villalba,R., Borges,V., Aguero,M., Bravo-Barriga,D., Frontera,E., Jimenez-Clavero,M.A., Fernandez-Pinero,J., Elizalde,M.","Instituto Nacional de Investigacion y Tecnologia Agraria y Alimentaria (INIA-CSIC), Centro de Investigacion en Sanidad Animal (CISA)",Spain,2/5/25,3963_Spain/2017/GE-b/2V_Toledo,Orthoflavivirus nilense,10932,complete,"Spain: Toledo, Castilla-La Mancha",Spain,NA,Aquila chrysaetos,brain,2017,Lineage_1
OM302320,West Nile virus,GenBank,NA,"Aguilera-Sepulveda,P., Cano-Gomez,C., Villalba,R., Borges,V., Aguero,M., Bravo-Barriga,D., Frontera,E., Jimenez-Clavero,M.A., Fernandez-Pinero,J., Elizalde,M.","Instituto Nacional de Investigacion y Tecnologia Agraria y Alimentaria (INIA-CSIC), Centro de Investigacion en Sanidad Animal (CISA)",Spain,2/5/25,2500_Spain/2016/H-b/2V_Seville,Orthoflavivirus nilense,10932,complete,"Spain: Seville, Andalusia",Spain,NA,Equus caballus,brain,2016,Lineage_1
OM302324,West Nile virus,GenBank,NA,"Aguilera-Sepulveda,P., Cano-Gomez,C., Villalba,R., Borges,V., Aguero,M., Bravo-Barriga,D., Frontera,E., Jimenez-Clavero,M.A., Fernandez-Pinero,J., Elizalde,M.","Instituto Nacional de Investigacion y Tecnologia Agraria y Alimentaria (INIA-CSIC), Centro de Investigacion en Sanidad Animal (CISA)",Spain,2/5/25,2439_Spain/2016/D-f_Seville,Orthoflavivirus nilense,10932,complete,"Spain: Seville, Andalusia",Spain,NA,Anatidae,NA,2016,Lineage_1
PQ641624,West Nile virus,GenBank,NA,"Busquets,N.","Irta-Cresa, Arbovirus and Mosquito Vectors",Spain,1/26/25,AC1720,Orthoflavivirus nilense,10312,complete,Spain,Spain,NA,Larus michahellis,brain,7/28/23,Lineage_2
OP713601,West Nile virus,GenBank,NA,"Aguilera-Sepulveda,P., Cano-Gomez,C., Villalba,R., Borges,V., Aguero,M., Bravo-Barriga,D., Frontera,E., Jimenez-Clavero,M.A., Fernandez-Pinero,J.","Instituto Nacional de Investigacion y Tecnologia Agraria y Alimentaria (INIA-CSIC), Centro de Investigacion en Sanidad Animal (CISA)",Spain,1/24/25,SPA-E-2020-05_Spain/2020/H-b/4V_Cadiz,Orthoflavivirus nilense,10931,complete,"Spain: Cadiz, Andalusia",Spain,NA,Equus caballus,brain,2020,Lineage_1
OP713602,West Nile virus,GenBank,NA,"Aguilera-Sepulveda,P., Cano-Gomez,C., Villalba,R., Borges,V., Aguero,M., Bravo-Barriga,D., Frontera,E., Jimenez-Clavero,M.A., Fernandez-Pinero,J.","Instituto Nacional de Investigacion y Tecnologia Agraria y Alimentaria (INIA-CSIC), Centro de Investigacion en Sanidad Animal (CISA)",Spain,1/24/25,SPA-E-2020-02_Spain/2020/H-b/3V_Seville,Orthoflavivirus nilense,10931,complete,"Spain: Seville, Andalusia",Spain,NA,Equus caballus,brain,2020,Lineage_1
OP713603,West Nile virus,GenBank,NA,"Aguilera-Sepulveda,P., Cano-Gomez,C., Villalba,R., Borges,V., Aguero,M., Bravo-Barriga,D., Frontera,E., Jimenez-Clavero,M.A., Fernandez-Pinero,J.","Instituto Nacional de Investigacion y Tecnologia Agraria y Alimentaria (INIA-CSIC), Centro de Investigacion en Sanidad Animal (CISA)",Spain,1/24/25,SPA-E-2020-01_Spain/2020/CV-b/3V_Cadiz,Orthoflavivirus nilense,10963,complete,"Spain: Cadiz, Andalusia",Spain,NA,Aegypius monachus,brain,2020,Lineage_1
PQ679039,West Nile virus,GenBank,NA,"Vorovitch,M.F., Tuchynskaya,K.K., Kruglov,Y.A., Peunkov,N.S., Mostipanova,G.F., Kholodilov,I.S., Ivanova,A.L., Fedina,M.P., Gmyl,L.V., Morozkin,E.S., Roev,G.V., Karan,L.S., Karganova,G.G.","Chumakov Federal Scientific Center for Research and Development of Immune-and-Biological Products of RAS, Laboratory of biology of arboviruses",Russia,1/18/25,NA,Orthoflavivirus nilense,10912,complete,Russia: Moscow,Russia,NA,Homo sapiens,blood,2021,Lineage_2
PQ450190,West Nile virus,GenBank,NA,"Gondard,M., Gonzalez,G., Blanchard,Y., Tasset,M., Lucas,P., Niczyporuk,J.S.","ANSES, LSAN, UMR VIROLOGIE",France,11/12/24,POL2/Poland/2024,Orthoflavivirus nilense,11019,complete,Poland,Poland,NA,Corvus cornix,swab,7/26/24,Lineage_2
PQ450191,West Nile virus,GenBank,NA,"Gondard,M., Gonzalez,G., Blanchard,Y., Tasset,M., Lucas,P., Niczyporuk,J.S.","ANSES, LSAN, UMR VIROLOGIE",France,11/12/24,POL3/Poland/2025,Orthoflavivirus nilense,11006,complete,Poland,Poland,NA,Corvus cornix,swab,7/26/24,Lineage_2
PQ450192,West Nile virus,GenBank,NA,"Gondard,M., Gonzalez,G., Blanchard,Y., Tasset,M., Lucas,P., Niczyporuk,J.S.","ANSES, LSAN, UMR VIROLOGIE",France,11/12/24,POL6/Poland/2026,Orthoflavivirus nilense,11019,complete,Poland,Poland,NA,Corvus cornix,swab,7/26/24,Lineage_2
PQ450193,West Nile virus,GenBank,NA,"Gondard,M., Gonzalez,G., Blanchard,Y., Tasset,M., Lucas,P., Niczyporuk,J.S.","ANSES, LSAN, UMR VIROLOGIE",France,11/12/24,POL7/Poland/2027,Orthoflavivirus nilense,11019,complete,Poland,Poland,NA,Corvus cornix,swab,7/26/24,Lineage_2
PP524755,West Nile virus,GenBank,NA,"Dinu,S., Stancu,I.G., Cotar,A.I., Ceianu,C.S., Pintilie,G.V., Karpathakis,I., Falcuta,E., Csutak,O., Prioteasa,F.L., Tiron,G.V.","National Military Medical Institute for Research and Development, Molecular Epidemiology for Communicable Diseases Laboratory",Romania,10/25/24,RO_moR23-25/2023,Orthoflavivirus nilense,10825,complete,Romania,Romania,NA,Culex pipiens,pooled insects,2023,Lineage_2
PP524756,West Nile virus,GenBank,NA,"Dinu,S., Stancu,I.G., Cotar,A.I., Ceianu,C.S., Pintilie,G.V., Karpathakis,I., Falcuta,E., Csutak,O., Prioteasa,F.L., Tiron,G.V.","National Military Medical Institute for Research and Development, Molecular Epidemiology for Communicable Diseases Laboratory",Romania,10/25/24,RO_moR23-57/2023,Orthoflavivirus nilense,10947,complete,Romania,Romania,NA,Culex pipiens,pooled insects,2023,Lineage_2
LC817237,West Nile virus,GenBank,NA,"Kobayashi,H., Chambaro,H., Tabata,K., Ariizumi,T., Phongphaew,W., Ndashe,K., Ndebe,J., Paul,F., Kobayashi,S., Ito,N., Sasaki,M., Hang'ombe,B.M., Simulundu,E., Orba,Y., Sawa,H.","Hokkaido University, Division of Molecular Pathobiology; North 20, West 10 Kita-ku, Sapporo, Hokkaido 001-0020",Japan,7/24/24,Croc110_2019_1_ZM,Orthoflavivirus nilense,11024,complete,Zambia,Zambia,NA,Crocodylus niloticus,NA,2019,Lineage_1
LC802098,West Nile virus,GenBank,NA,"Tajima,S., Lim,C.K.","Department of Virology I; 1-23-1, Shinjuku, Tokyo 162-8640",Japan,3/9/24,Kunjin virus/Mosquito/Australia/OR393/1974,Orthoflavivirus nilense,10975,complete,Australia,Australia,NA,Culex annulirostris,NA,1974,Lineage_1
LC802099,West Nile virus,GenBank,NA,"Tajima,S., Lim,C.K.","Department of Virology I; 1-23-1, Shinjuku, Tokyo 162-8640",Japan,3/9/24,Kunjin virus/Mosquito/Australia/OR393/1974,Orthoflavivirus nilense,10975,complete,Australia,Australia,NA,Culex annulirostris,NA,1974,Lineage_1
PP212878,West Nile virus,GenBank,NA,"Nagy,A.","National Center for Public Health and Pharmacy, National Reference Laboratory for Viral Zoonoses",Hungary,2/3/24,3717_2023_WNV_HU,Orthoflavivirus nilense,11009,complete,Hungary: Balkany,Hungary,NA,Homo sapiens,urine,2023,Lineage_2
PP212879,West Nile virus,GenBank,NA,"Nagy,A.","National Center for Public Health and Pharmacy, National Reference Laboratory for Viral Zoonoses",Hungary,2/3/24,3919_2023_WNV_HU,Orthoflavivirus nilense,11000,complete,Hungary: Budapest,Hungary,NA,Homo sapiens,urine,2023,Lineage_2
PP212880,West Nile virus,GenBank,NA,"Nagy,A.","National Center for Public Health and Pharmacy, National Reference Laboratory for Viral Zoonoses",Hungary,2/3/24,4429_2023_WNV_HU,Orthoflavivirus nilense,11003,complete,Hungary: Zakanyszek,Hungary,NA,Homo sapiens,urine,2023,Lineage_2
PP212881,West Nile virus,GenBank,NA,"Nagy,A.","National Center for Public Health and Pharmacy, National Reference Laboratory for Viral Zoonoses",Hungary,2/3/24,4106_2023_WNV_HU,Orthoflavivirus nilense,10994,complete,Hungary: Szeged,Hungary,NA,Homo sapiens,urine,2023,Lineage_2
PP212882,West Nile virus,GenBank,NA,"Nagy,A.","National Center for Public Health and Pharmacy, National Reference Laboratory for Viral Zoonoses",Hungary,2/3/24,5226_2023_WNV_HU,Orthoflavivirus nilense,10997,complete,Hungary: Budapest,Hungary,NA,Homo sapiens,urine,2023,Lineage_2
PP212883,West Nile virus,GenBank,NA,"Nagy,A.","National Center for Public Health and Pharmacy, National Reference Laboratory for Viral Zoonoses",Hungary,2/3/24,5903_2023_WNV_HU,Orthoflavivirus nilense,10991,complete,Hungary: Algyo,Hungary,NA,Homo sapiens,urine,2023,Lineage_2
PP104329,West Nile virus,GenBank,NA,"Monaco,F., Valleriani,F., Teodori,L., Amatori,G., Marcacci,M., Savini,G.","Istituto Zooprofilattico Sperimentale 'G. Caporale', Viral Foreign Deseases of Animals",Italy,2/2/24,TE.13830.2.8,Orthoflavivirus nilense,10975,complete,Italy: EmiliaRomagna,Italy,NA,Corvidae,NA,7/15/23,Lineage_2
PP104330,West Nile virus,GenBank,NA,"Monaco,F., Valleriani,F., Teodori,L., Amatori,G., Marcacci,M., Savini,G.","Istituto Zooprofilattico Sperimentale 'G. Caporale', Viral Foreign Deseases of Animals",Italy,2/2/24,TE.15714.2.2,Orthoflavivirus nilense,10887,complete,Italy: Lombardia,Italy,NA,Culex pipiens,NA,7/15/23,Lineage_2
PP104332,West Nile virus,GenBank,NA,"Monaco,F., Valleriani,F., Teodori,L., Amatori,G., Marcacci,M., Savini,G.","Istituto Zooprofilattico Sperimentale 'G. Caporale', Viral Foreign Deseases of Animals",Italy,2/2/24,TE.19667.2.2,Orthoflavivirus nilense,10945,complete,Italy: EmiliaRomagna,Italy,NA,Corvidae,NA,7/28/23,Lineage_2
PP104333,West Nile virus,GenBank,NA,"Monaco,F., Valleriani,F., Teodori,L., Amatori,G., Marcacci,M., Savini,G.","Istituto Zooprofilattico Sperimentale 'G. Caporale', Viral Foreign Deseases of Animals",Italy,2/2/24,TE.19667.2.3,Orthoflavivirus nilense,11020,complete,Italy: Lombardia,Italy,NA,Accipiter gentilis,NA,8/10/23,Lineage_2
PP104334,West Nile virus,GenBank,NA,"Monaco,F., Valleriani,F., Teodori,L., Amatori,G., Marcacci,M., Savini,G.","Istituto Zooprofilattico Sperimentale 'G. Caporale', Viral Foreign Deseases of Animals",Italy,2/2/24,TE.19667.2.4,Orthoflavivirus nilense,10954,complete,Italy: Lombardia,Italy,NA,Corvus,NA,8/10/23,Lineage_2
PP104335,West Nile virus,GenBank,NA,"Monaco,F., Valleriani,F., Teodori,L., Amatori,G., Marcacci,M., Savini,G.","Istituto Zooprofilattico Sperimentale 'G. Caporale', Viral Foreign Deseases of Animals",Italy,2/2/24,TE.19667.2.5,Orthoflavivirus nilense,10951,complete,Italy: EmiliaRomagna,Italy,NA,Corvidae,NA,8/11/23,Lineage_2
PP104336,West Nile virus,GenBank,NA,"Monaco,F., Valleriani,F., Teodori,L., Amatori,G., Marcacci,M., Savini,G.","Istituto Zooprofilattico Sperimentale 'G. Caporale', Viral Foreign Deseases of Animals",Italy,2/2/24,TE.19667.2.6,Orthoflavivirus nilense,10834,complete,Italy: Lombardia,Italy,NA,Strigidae,NA,8/17/23,Lineage_2
PP104337,West Nile virus,GenBank,NA,"Monaco,F., Valleriani,F., Teodori,L., Amatori,G., Marcacci,M., Savini,G.","Istituto Zooprofilattico Sperimentale 'G. Caporale', Viral Foreign Deseases of Animals",Italy,2/2/24,TE.19667.2.8,Orthoflavivirus nilense,10792,complete,Italy: Lombardia,Italy,NA,Corvidae,NA,8/17/23,Lineage_2
PP104338,West Nile virus,GenBank,NA,"Monaco,F., Valleriani,F., Teodori,L., Amatori,G., Marcacci,M., Savini,G.","Istituto Zooprofilattico Sperimentale 'G. Caporale', Viral Foreign Deseases of Animals",Italy,2/2/24,TE.20709.2.10,Orthoflavivirus nilense,10920,complete,Italy: EmiliaRomagna,Italy,NA,Culex pipiens,NA,7/26/23,Lineage_2
PP104339,West Nile virus,GenBank,NA,"Monaco,F., Valleriani,F., Teodori,L., Amatori,G., Marcacci,M., Savini,G.","Istituto Zooprofilattico Sperimentale 'G. Caporale', Viral Foreign Deseases of Animals",Italy,2/2/24,TE.20709.2.12,Orthoflavivirus nilense,10918,complete,Italy: EmiliaRomagna,Italy,NA,Culex pipiens,NA,7/28/23,Lineage_2
PP104341,West Nile virus,GenBank,NA,"Monaco,F., Valleriani,F., Teodori,L., Amatori,G., Marcacci,M., Savini,G.","Istituto Zooprofilattico Sperimentale 'G. Caporale', Viral Foreign Deseases of Animals",Italy,2/2/24,TE.20709.2.15,Orthoflavivirus nilense,10949,complete,Italy: Lombardia,Italy,NA,Culex pipiens,NA,7/28/23,Lineage_2
PP104343,West Nile virus,GenBank,NA,"Monaco,F., Valleriani,F., Teodori,L., Amatori,G., Marcacci,M., Savini,G.","Istituto Zooprofilattico Sperimentale 'G. Caporale', Viral Foreign Deseases of Animals",Italy,2/2/24,TE.20709.2.2,Orthoflavivirus nilense,10907,complete,Italy: EmiliaRomagna,Italy,NA,Culex pipiens,NA,7/11/23,Lineage_2
PP104344,West Nile virus,GenBank,NA,"Monaco,F., Valleriani,F., Teodori,L., Amatori,G., Marcacci,M., Savini,G.","Istituto Zooprofilattico Sperimentale 'G. Caporale', Viral Foreign Deseases of Animals",Italy,2/2/24,TE.20709.2.5,Orthoflavivirus nilense,10638,complete,Italy: Sardegna,Italy,NA,Corvus,NA,7/20/23,Lineage_2
PP104345,West Nile virus,GenBank,NA,"Monaco,F., Valleriani,F., Teodori,L., Amatori,G., Marcacci,M., Savini,G.","Istituto Zooprofilattico Sperimentale 'G. Caporale', Viral Foreign Deseases of Animals",Italy,2/2/24,TE.20709.2.6,Orthoflavivirus nilense,10952,complete,Italy: Piemonte,Italy,NA,Culex pipiens,NA,7/26/23,Lineage_2
PP104346,West Nile virus,GenBank,NA,"Monaco,F., Valleriani,F., Teodori,L., Amatori,G., Marcacci,M., Savini,G.","Istituto Zooprofilattico Sperimentale 'G. Caporale', Viral Foreign Deseases of Animals",Italy,2/2/24,TE.20709.2.7,Orthoflavivirus nilense,10833,complete,Italy: Lombardia,Italy,NA,Culex pipiens,NA,7/26/23,Lineage_2
PP104347,West Nile virus,GenBank,NA,"Monaco,F., Valleriani,F., Teodori,L., Amatori,G., Marcacci,M., Savini,G.","Istituto Zooprofilattico Sperimentale 'G. Caporale', Viral Foreign Deseases of Animals",Italy,2/2/24,TE.20709.2.8,Orthoflavivirus nilense,10909,complete,Italy: EmiliaRomagna,Italy,NA,Corvidae,NA,7/26/23,Lineage_2
PP104349,West Nile virus,GenBank,NA,"Monaco,F., Valleriani,F., Teodori,L., Amatori,G., Marcacci,M., Savini,G.","Istituto Zooprofilattico Sperimentale 'G. Caporale', Viral Foreign Deseases of Animals",Italy,2/2/24,TE.21942.1.1,Orthoflavivirus nilense,10958,complete,Italy: EmiliaRomagna,Italy,NA,Culex pipiens,NA,8/11/23,Lineage_2
PP104350,West Nile virus,GenBank,NA,"Monaco,F., Valleriani,F., Teodori,L., Amatori,G., Marcacci,M., Savini,G.","Istituto Zooprofilattico Sperimentale 'G. Caporale', Viral Foreign Deseases of Animals",Italy,2/2/24,TE.21946.1.1,Orthoflavivirus nilense,10909,complete,Italy: EmiliaRomagna,Italy,NA,Culex pipiens,NA,8/11/23,Lineage_2
PP104351,West Nile virus,GenBank,NA,"Monaco,F., Valleriani,F., Teodori,L., Amatori,G., Marcacci,M., Savini,G.","Istituto Zooprofilattico Sperimentale 'G. Caporale', Viral Foreign Deseases of Animals",Italy,2/2/24,TE.21952.1.1,Orthoflavivirus nilense,10949,complete,Italy: Friuli,Italy,NA,Culex pipiens,NA,8/11/23,Lineage_2
PP104352,West Nile virus,GenBank,NA,"Monaco,F., Valleriani,F., Teodori,L., Amatori,G., Marcacci,M., Savini,G.","Istituto Zooprofilattico Sperimentale 'G. Caporale', Viral Foreign Deseases of Animals",Italy,2/2/24,TE.21954.1.1,Orthoflavivirus nilense,10919,complete,Italy: EmiliaRomagna,Italy,NA,Culex pipiens,NA,8/11/23,Lineage_2
PP104353,West Nile virus,GenBank,NA,"Monaco,F., Valleriani,F., Teodori,L., Amatori,G., Marcacci,M., Savini,G.","Istituto Zooprofilattico Sperimentale 'G. Caporale', Viral Foreign Deseases of Animals",Italy,2/2/24,TE.21959.1.1,Orthoflavivirus nilense,10944,complete,Italy: Lombardia,Italy,NA,Corvus,NA,8/17/23,Lineage_2
PP104354,West Nile virus,GenBank,NA,"Monaco,F., Valleriani,F., Teodori,L., Amatori,G., Marcacci,M., Savini,G.","Istituto Zooprofilattico Sperimentale 'G. Caporale', Viral Foreign Deseases of Animals",Italy,2/2/24,TE.21960.1.1,Orthoflavivirus nilense,10800,complete,Italy: Veneto,Italy,NA,Culex pipiens,NA,8/11/23,Lineage_2
PP104355,West Nile virus,GenBank,NA,"Monaco,F., Valleriani,F., Teodori,L., Amatori,G., Marcacci,M., Savini,G.","Istituto Zooprofilattico Sperimentale 'G. Caporale', Viral Foreign Deseases of Animals",Italy,2/2/24,TE.21969.1.1,Orthoflavivirus nilense,10933,complete,Italy: EmiliaRomagna,Italy,NA,Columbidae,NA,8/11/23,Lineage_2
PP104356,West Nile virus,GenBank,NA,"Monaco,F., Valleriani,F., Teodori,L., Amatori,G., Marcacci,M., Savini,G.","Istituto Zooprofilattico Sperimentale 'G. Caporale', Viral Foreign Deseases of Animals",Italy,2/2/24,TE.21980.1.1,Orthoflavivirus nilense,10919,complete,Italy: EmiliaRomagna,Italy,NA,Culex pipiens,NA,8/11/23,Lineage_2
PP104357,West Nile virus,GenBank,NA,"Monaco,F., Valleriani,F., Teodori,L., Amatori,G., Marcacci,M., Savini,G.","Istituto Zooprofilattico Sperimentale 'G. Caporale', Viral Foreign Deseases of Animals",Italy,2/2/24,TE.21981.1.1,Orthoflavivirus nilense,10919,complete,Italy: EmiliaRomagna,Italy,NA,Culex pipiens,NA,8/11/23,Lineage_2
PP104358,West Nile virus,GenBank,NA,"Monaco,F., Valleriani,F., Teodori,L., Amatori,G., Marcacci,M., Savini,G.","Istituto Zooprofilattico Sperimentale 'G. Caporale', Viral Foreign Deseases of Animals",Italy,2/2/24,TE.21982.1.1,Orthoflavivirus nilense,10977,complete,Italy: Lombardia,Italy,NA,Corvus,NA,8/17/23,Lineage_2
PP104359,West Nile virus,GenBank,NA,"Monaco,F., Valleriani,F., Teodori,L., Amatori,G., Marcacci,M., Savini,G.","Istituto Zooprofilattico Sperimentale 'G. Caporale', Viral Foreign Deseases of Animals",Italy,2/2/24,TE.21986.1.1,Orthoflavivirus nilense,10919,complete,Italy: EmiliaRomagna,Italy,NA,Culex pipiens,NA,8/11/23,Lineage_2
PP104360,West Nile virus,GenBank,NA,"Monaco,F., Valleriani,F., Teodori,L., Amatori,G., Marcacci,M., Savini,G.","Istituto Zooprofilattico Sperimentale 'G. Caporale', Viral Foreign Deseases of Animals",Italy,2/2/24,TE.21987.1.1,Orthoflavivirus nilense,10919,complete,Italy: EmiliaRomagna,Italy,NA,Culex pipiens,NA,8/11/23,Lineage_2
PP104361,West Nile virus,GenBank,NA,"Monaco,F., Valleriani,F., Teodori,L., Amatori,G., Marcacci,M., Savini,G.","Istituto Zooprofilattico Sperimentale 'G. Caporale', Viral Foreign Deseases of Animals",Italy,2/2/24,TE.23004.1.1,Orthoflavivirus nilense,10946,complete,Italy: EmiliaRomagna,Italy,NA,Culex pipiens,NA,8/11/23,Lineage_2
PP104362,West Nile virus,GenBank,NA,"Monaco,F., Valleriani,F., Teodori,L., Amatori,G., Marcacci,M., Savini,G.","Istituto Zooprofilattico Sperimentale 'G. Caporale', Viral Foreign Deseases of Animals",Italy,2/2/24,TE.23005.1.1,Orthoflavivirus nilense,10932,complete,Italy: EmiliaRomagna,Italy,NA,Culex pipiens,NA,8/9/23,Lineage_2
PP104363,West Nile virus,GenBank,NA,"Monaco,F., Valleriani,F., Teodori,L., Amatori,G., Marcacci,M., Savini,G.","Istituto Zooprofilattico Sperimentale 'G. Caporale', Viral Foreign Deseases of Animals",Italy,2/2/24,TE.23006.1.1,Orthoflavivirus nilense,10915,complete,Italy: EmiliaRomagna,Italy,NA,Culex pipiens,NA,8/4/23,Lineage_2
PP104364,West Nile virus,GenBank,NA,"Monaco,F., Valleriani,F., Teodori,L., Amatori,G., Marcacci,M., Savini,G.","Istituto Zooprofilattico Sperimentale 'G. Caporale', Viral Foreign Deseases of Animals",Italy,2/2/24,TE.23007.1.1,Orthoflavivirus nilense,11017,complete,Italy: Lombardia,Italy,NA,Culex pipiens,NA,8/4/23,Lineage_2
PP104365,West Nile virus,GenBank,NA,"Monaco,F., Valleriani,F., Teodori,L., Amatori,G., Marcacci,M., Savini,G.","Istituto Zooprofilattico Sperimentale 'G. Caporale', Viral Foreign Deseases of Animals",Italy,2/2/24,TE.23008.1.1,Orthoflavivirus nilense,10908,complete,Italy: Lombardia,Italy,NA,Culex pipiens,NA,8/4/23,Lineage_2
PP104366,West Nile virus,GenBank,NA,"Monaco,F., Valleriani,F., Teodori,L., Amatori,G., Marcacci,M., Savini,G.","Istituto Zooprofilattico Sperimentale 'G. Caporale', Viral Foreign Deseases of Animals",Italy,2/2/24,TE.23009.1.1,Orthoflavivirus nilense,10935,complete,Italy: EmiliaRomagna,Italy,NA,Culex pipiens,NA,8/9/23,Lineage_2
PP104367,West Nile virus,GenBank,NA,"Monaco,F., Valleriani,F., Teodori,L., Amatori,G., Marcacci,M., Savini,G.","Istituto Zooprofilattico Sperimentale 'G. Caporale', Viral Foreign Deseases of Animals",Italy,2/2/24,TE.23010.1.1,Orthoflavivirus nilense,10933,complete,Italy: Piemonte,Italy,NA,Corvus,NA,8/9/23,Lineage_2
PP104368,West Nile virus,GenBank,NA,"Monaco,F., Valleriani,F., Teodori,L., Amatori,G., Marcacci,M., Savini,G.","Istituto Zooprofilattico Sperimentale 'G. Caporale', Viral Foreign Deseases of Animals",Italy,2/2/24,TE.23012.1.1,Orthoflavivirus nilense,10919,complete,Italy: EmiliaRomagna,Italy,NA,Culex pipiens,NA,8/9/23,Lineage_2
PP104369,West Nile virus,GenBank,NA,"Monaco,F., Valleriani,F., Teodori,L., Amatori,G., Marcacci,M., Savini,G.","Istituto Zooprofilattico Sperimentale 'G. Caporale', Viral Foreign Deseases of Animals",Italy,2/2/24,TE.23014.1.1,Orthoflavivirus nilense,10911,complete,Italy: Veneto,Italy,NA,Culex pipiens,NA,8/9/23,Lineage_2
PP104370,West Nile virus,GenBank,NA,"Monaco,F., Valleriani,F., Teodori,L., Amatori,G., Marcacci,M., Savini,G.","Istituto Zooprofilattico Sperimentale 'G. Caporale', Viral Foreign Deseases of Animals",Italy,2/2/24,TE.23015.1.1,Orthoflavivirus nilense,10952,complete,Italy: Piemonte,Italy,NA,Culex pipiens,NA,8/9/23,Lineage_2
PP104371,West Nile virus,GenBank,NA,"Monaco,F., Valleriani,F., Teodori,L., Amatori,G., Marcacci,M., Savini,G.","Istituto Zooprofilattico Sperimentale 'G. Caporale', Viral Foreign Deseases of Animals",Italy,2/2/24,TE.23016.1.1,Orthoflavivirus nilense,10919,complete,Italy: EmiliaRomagna,Italy,NA,Culex pipiens,NA,8/9/23,Lineage_2
PP104372,West Nile virus,GenBank,NA,"Monaco,F., Valleriani,F., Teodori,L., Amatori,G., Marcacci,M., Savini,G.","Istituto Zooprofilattico Sperimentale 'G. Caporale', Viral Foreign Deseases of Animals",Italy,2/2/24,TE.23018.1.1,Orthoflavivirus nilense,10944,complete,Italy: Piemonte,Italy,NA,Corvidae,NA,8/9/23,Lineage_2
PP104373,West Nile virus,GenBank,NA,"Monaco,F., Valleriani,F., Teodori,L., Amatori,G., Marcacci,M., Savini,G.","Istituto Zooprofilattico Sperimentale 'G. Caporale', Viral Foreign Deseases of Animals",Italy,2/2/24,TE.25164.1.2,Orthoflavivirus nilense,10908,complete,Italy: Veneto,Italy,NA,Culex pipiens,NA,9/8/23,Lineage_2
PP104374,West Nile virus,GenBank,NA,"Monaco,F., Valleriani,F., Teodori,L., Amatori,G., Marcacci,M., Savini,G.","Istituto Zooprofilattico Sperimentale 'G. Caporale', Viral Foreign Deseases of Animals",Italy,2/2/24,TE.25165.1.2,Orthoflavivirus nilense,10919,complete,Italy: EmiliaRomagna,Italy,NA,Culex pipiens,NA,9/13/23,Lineage_2
PP104375,West Nile virus,GenBank,NA,"Monaco,F., Valleriani,F., Teodori,L., Amatori,G., Marcacci,M., Savini,G.","Istituto Zooprofilattico Sperimentale 'G. Caporale', Viral Foreign Deseases of Animals",Italy,2/2/24,TE.25166.1.2,Orthoflavivirus nilense,10946,complete,Italy: Veneto,Italy,NA,Culex pipiens,NA,9/8/23,Lineage_2
PP104376,West Nile virus,GenBank,NA,"Monaco,F., Valleriani,F., Teodori,L., Amatori,G., Marcacci,M., Savini,G.","Istituto Zooprofilattico Sperimentale 'G. Caporale', Viral Foreign Deseases of Animals",Italy,2/2/24,TE.25167.1.2,Orthoflavivirus nilense,10920,complete,Italy: EmiliaRomagna,Italy,NA,Culex pipiens,NA,8/28/23,Lineage_2
PP104377,West Nile virus,GenBank,NA,"Monaco,F., Valleriani,F., Teodori,L., Amatori,G., Marcacci,M., Savini,G.","Istituto Zooprofilattico Sperimentale 'G. Caporale', Viral Foreign Deseases of Animals",Italy,2/2/24,TE.25168.1.2,Orthoflavivirus nilense,10920,complete,Italy: EmiliaRomagna,Italy,NA,Culex pipiens,NA,9/15/23,Lineage_2
PP104379,West Nile virus,GenBank,NA,"Savini,G., Monaco,F., Teodori,L., Amatori,G., Marcacci,M., Valleriani,F.","Istituto Zooprofilattico Sperimentale 'G. Caporale', Viral Foreign Deseases of Animals",Italy,2/2/24,TE.19712.2.3,Orthoflavivirus nilense,10962,complete,Italy: Veneto,Italy,NA,Culex pipiens,NA,8/24/23,Lineage_1
PP104380,West Nile virus,GenBank,NA,"Savini,G., Monaco,F., Teodori,L., Amatori,G., Marcacci,M., Valleriani,F.","Istituto Zooprofilattico Sperimentale 'G. Caporale', Viral Foreign Deseases of Animals",Italy,2/2/24,TE.19712.2.5,Orthoflavivirus nilense,10962,complete,Italy: EmiliaRomagna,Italy,NA,Culex pipiens,NA,7/15/23,Lineage_1
PP104381,West Nile virus,GenBank,NA,"Savini,G., Monaco,F., Teodori,L., Amatori,G., Marcacci,M., Valleriani,F.","Istituto Zooprofilattico Sperimentale 'G. Caporale', Viral Foreign Deseases of Animals",Italy,2/2/24,TE.25156.1.2,Orthoflavivirus nilense,10965,complete,Italy: Veneto,Italy,NA,Culex pipiens,NA,9/8/23,Lineage_1
PP104382,West Nile virus,GenBank,NA,"Savini,G., Monaco,F., Teodori,L., Amatori,G., Marcacci,M., Valleriani,F.","Istituto Zooprofilattico Sperimentale 'G. Caporale', Viral Foreign Deseases of Animals",Italy,2/2/24,TE.25159.1.2,Orthoflavivirus nilense,10961,complete,Italy: Veneto,Italy,NA,Corvidae,NA,8/9/23,Lineage_1
OQ357819,West Nile virus,GenBank,NA,"Ruiz-Lopez,M.J., Aguilera-Sepulveda,P., Cebrian-Camison,S., Figuerola,J., Magallanes,S., Varona,S., Cuesta,I., Cano-Gomez,C., Sanchez-Mora,P., Camacho,J., Sanchez-Pena,C., Marchena,F.J., Ameyugo,U., Ruiz,S., Sanchez-Seco,M.P., Agueero,M., Jimenez-Clavero,M.A., Fernandez-Pinero,J., Vazquez,A., Cebrian,S., Sanchez,P., Sanchez-Seco,M.F.P., Aguero,M.","Instituto de Salud Carlos III, National Center of Microbiology",Spain,12/16/23,22C2392,Orthoflavivirus nilense,10925,complete,Spain,Spain,NA,Culex perexiguus,NA,2022,Lineage_1
OQ357820,West Nile virus,GenBank,NA,"Ruiz-Lopez,M.J., Aguilera-Sepulveda,P., Cebrian-Camison,S., Figuerola,J., Magallanes,S., Varona,S., Cuesta,I., Cano-Gomez,C., Sanchez-Mora,P., Camacho,J., Sanchez-Pena,C., Marchena,F.J., Ameyugo,U., Ruiz,S., Sanchez-Seco,M.P., Agueero,M., Jimenez-Clavero,M.A., Fernandez-Pinero,J., Vazquez,A., Cebrian,S., Sanchez,P., Sanchez-Seco,M.F.P., Aguero,M.","Instituto de Salud Carlos III, National Center of Microbiology",Spain,12/16/23,22C2285,Orthoflavivirus nilense,10925,complete,Spain,Spain,NA,Culex perexiguus,NA,NA,Lineage_1
OQ357821,West Nile virus,GenBank,NA,"Ruiz-Lopez,M.J., Aguilera-Sepulveda,P., Cebrian-Camison,S., Figuerola,J., Magallanes,S., Varona,S., Cuesta,I., Cano-Gomez,C., Sanchez-Mora,P., Camacho,J., Sanchez-Pena,C., Marchena,F.J., Ameyugo,U., Ruiz,S., Sanchez-Seco,M.P., Agueero,M., Jimenez-Clavero,M.A., Fernandez-Pinero,J., Vazquez,A., Cebrian,S., Sanchez,P., Sanchez-Seco,M.F.P., Aguero,M.","Instituto de Salud Carlos III, National Center of Microbiology",Spain,12/16/23,JA22_423,Orthoflavivirus nilense,10925,complete,Spain,Spain,NA,Culex perexiguus,NA,2022,Lineage_1
OQ357822,West Nile virus,GenBank,NA,"Ruiz-Lopez,M.J., Aguilera-Sepulveda,P., Cebrian-Camison,S., Figuerola,J., Magallanes,S., Varona,S., Cuesta,I., Cano-Gomez,C., Sanchez-Mora,P., Camacho,J., Sanchez-Pena,C., Marchena,F.J., Ameyugo,U., Ruiz,S., Sanchez-Seco,M.P., Agueero,M., Jimenez-Clavero,M.A., Fernandez-Pinero,J., Vazquez,A., Cebrian,S., Sanchez,P., Sanchez-Seco,M.F.P., Aguero,M.","Instituto de Salud Carlos III, National Center of Microbiology",Spain,12/16/23,JA22_544,Orthoflavivirus nilense,10925,complete,Spain,Spain,NA,Culex perexiguus,NA,2022,Lineage_1
OQ725906,West Nile virus,GenBank,NA,"Ruscher,C., Patzina-Mehling,C., Melchert,J., Graff,S.L., McFarland,S.E., Hieke,C., Kopp,A., Prasser,A., Tonn,T., Schmidt,M., Isner,C., Drosten,C., Werber,D., Corman,V.M., Junglen,S., Schneider,J., Corman,V.","Charite - Universitatsmedizin Berlin, Institute of Virology",Germany,12/10/23,NA,Orthoflavivirus nilense,11003,complete,Germany,Germany,NA,Culex pipiens,NA,7/25/22,Lineage_2
OQ725907,West Nile virus,GenBank,NA,"Ruscher,C., Patzina-Mehling,C., Melchert,J., Graff,S.L., McFarland,S.E., Hieke,C., Kopp,A., Prasser,A., Tonn,T., Schmidt,M., Isner,C., Drosten,C., Werber,D., Corman,V.M., Junglen,S., Schneider,J., Corman,V.","Charite - Universitatsmedizin Berlin, Institute of Virology",Germany,12/10/23,NA,Orthoflavivirus nilense,10994,complete,Germany,Germany,NA,Culex pipiens,NA,7/25/22,Lineage_2
OQ725909,West Nile virus,GenBank,NA,"Ruscher,C., Patzina-Mehling,C., Melchert,J., Graff,S.L., McFarland,S.E., Hieke,C., Kopp,A., Prasser,A., Tonn,T., Schmidt,M., Isner,C., Drosten,C., Werber,D., Corman,V.M., Junglen,S., Schneider,J., Corman,V.","Charite - Universitatsmedizin Berlin, Institute of Virology",Germany,12/10/23,NA,Orthoflavivirus nilense,10941,complete,Germany,Germany,NA,Culex pipiens,NA,8/18/22,Lineage_2
OR757498,West Nile virus,GenBank,NA,"Antonov,A.S., Ustinov,D.V., Izhberdeeva,M.P., Guseva,A.N., Shpak,I.M., Galkina,A.Y., Gusev,E.A., Boroday,N.V., Molchanova,E.V.","Volgograd Plague Control Research Institute, Laboratory of Bioinformatics",NA,11/19/23,Rostov 7/23,Orthoflavivirus nilense,11020,complete,Russia: Rostov,Russia,NA,NA,blood,2023,Lineage_2
OR757500,West Nile virus,GenBank,NA,"Antonov,A.S., Ustinov,D.V., Izhberdeeva,M.P., Guseva,A.N., Shpak,I.M., Galkina,A.Y., Gusev,E.A., Boroday,N.V., Molchanova,E.V.","Volgograd Plague Control Research Institute, Laboratory of Bioinformatics",NA,11/19/23,Volgograd 15/23,Orthoflavivirus nilense,11038,complete,Russia: Volgograd,Russia,NA,NA,NA,2023,Lineage_2
OR757501,West Nile virus,GenBank,NA,"Antonov,A.S., Ustinov,D.V., Izhberdeeva,M.P., Guseva,A.N., Shpak,I.M., Galkina,A.Y., Gusev,E.A., Boroday,N.V., Molchanova,E.V.","Volgograd Plague Control Research Institute, Laboratory of Bioinformatics",NA,11/19/23,Bashkortostan 25/23,Orthoflavivirus nilense,11038,complete,Russia: Bashkortostan,Russia,NA,NA,blood,2023,Lineage_2
OR757502,West Nile virus,GenBank,NA,"Antonov,A.S., Ustinov,D.V., Izhberdeeva,M.P., Guseva,A.N., Shpak,I.M., Galkina,A.Y., Gusev,E.A., Boroday,N.V., Molchanova,E.V.","Volgograd Plague Control Research Institute, Laboratory of Bioinformatics",NA,11/19/23,Krasnodar 51/23,Orthoflavivirus nilense,11038,complete,Russia: Krasnodar,Russia,NA,NA,blood,2023,Lineage_2
OR757503,West Nile virus,GenBank,NA,"Antonov,A.S., Ustinov,D.V., Izhberdeeva,M.P., Guseva,A.N., Shpak,I.M., Galkina,A.Y., Gusev,E.A., Boroday,N.V., Molchanova,E.V.","Volgograd Plague Control Research Institute, Laboratory of Bioinformatics",NA,11/19/23,Krasnodar 61/23,Orthoflavivirus nilense,11038,complete,Russia: Krasnodar,Russia,NA,NA,NA,2023,Lineage_2
OR757505,West Nile virus,GenBank,NA,"Antonov,A.S., Ustinov,D.V., Izhberdeeva,M.P., Guseva,A.N., Shpak,I.M., Galkina,A.Y., Gusev,E.A., Boroday,N.V., Molchanova,E.V.","Volgograd Plague Control Research Institute, Laboratory of Bioinformatics",NA,11/19/23,Volgograd 73/23,Orthoflavivirus nilense,11038,complete,Russia: Volgograd,Russia,NA,Hyalomma scupense,NA,2023,Lineage_2
OR757507,West Nile virus,GenBank,NA,"Antonov,A.S., Ustinov,D.V., Izhberdeeva,M.P., Guseva,A.N., Shpak,I.M., Galkina,A.Y., Gusev,E.A., Boroday,N.V., Molchanova,E.V.","Volgograd Plague Control Research Institute, Laboratory of Bioinformatics",NA,11/19/23,Saratov 119/23,Orthoflavivirus nilense,11038,complete,Russia: Saratov,Russia,NA,Ochlerotatus communis,NA,2023,Lineage_2
OR757508,West Nile virus,GenBank,NA,"Antonov,A.S., Ustinov,D.V., Izhberdeeva,M.P., Guseva,A.N., Shpak,I.M., Galkina,A.Y., Gusev,E.A., Boroday,N.V., Molchanova,E.V.","Volgograd Plague Control Research Institute, Laboratory of Bioinformatics",NA,11/19/23,KBR 277/23,Orthoflavivirus nilense,11038,complete,Russia: Kabardino-Balkaria,Russia,NA,Homo sapiens,blood,2023,Lineage_2
OR757509,West Nile virus,GenBank,NA,"Antonov,A.S., Ustinov,D.V., Izhberdeeva,M.P., Guseva,A.N., Shpak,I.M., Galkina,A.Y., Gusev,E.A., Boroday,N.V., Molchanova,E.V.","Volgograd Plague Control Research Institute, Laboratory of Bioinformatics",NA,11/19/23,Astrakhan 379/23,Orthoflavivirus nilense,11038,complete,Russia: Astrakhan,Russia,NA,Culex pipiens,NA,2023,Lineage_2
OR605719,West Nile virus,GenBank,NA,"Hughes,H.R., Burkhalter,K., Stanek,D.","Centers for Disease Control and Prevention, Division of Vector-borne Diseases",USA,10/25/23,MFL-20-7,Orthoflavivirus nilense,10785,complete,USA: Miami Florida,USA,NA,Culex quinquefasciatus,NA,6/9/20,Lineage_1
OR605720,West Nile virus,GenBank,NA,"Hughes,H.R., Burkhalter,K., Stanek,D.","Centers for Disease Control and Prevention, Division of Vector-borne Diseases",USA,10/25/23,MFL-20-14,Orthoflavivirus nilense,10785,complete,USA: Miami Florida,USA,NA,Culex quinquefasciatus,NA,6/9/20,Lineage_1
OQ689696,West Nile virus,GenBank,NA,"Monaco,F., Valleriani,F., Polci,A., Savini,G., Secondini,B.","Istituto Zooprofilattico Sperimentale dell'Abruzzo e del Molise 'G. Caporale', Animals Foreign Diseases",Italy,7/29/23,NRG1426,Orthoflavivirus nilense,11022,complete,Italy: Sicily,Italy,NA,Equus caballus,NA,10/21/22,Lineage_1
OQ689697,West Nile virus,GenBank,NA,"Monaco,F., Valleriani,F., Polci,A., Savini,G., Secondini,B.","Istituto Zooprofilattico Sperimentale dell'Abruzzo e del Molise 'G. Caporale', Animals Foreign Diseases",Italy,7/29/23,NRG1424,Orthoflavivirus nilense,10961,complete,Italy: Sicily,Italy,NA,Equus caballus,NA,10/12/22,Lineage_1
OQ214888,West Nile virus,GenBank,NA,"Antonov,A.S., Avdiusheva,E.F., Ustinov,D.V., Izhberdeeva,M.P., Boroday,N.V., Luchinin,D.N., Machneva,A.Y., Gusev,E.A., Gerasimova,A.D., Molchanova,E.V., Shpak,I.M.","Volgograd Plague Control Research Institute, Laboratory of bioinformatics",NA,6/13/23,Kalmikia 499/22,Orthoflavivirus nilense,10901,complete,Russia: Kalmikia,Russia,NA,Culex pipiens,NA,2022,Lineage_2
OQ214889,West Nile virus,GenBank,NA,"Antonov,A.S., Avdiusheva,E.F., Ustinov,D.V., Izhberdeeva,M.P., Boroday,N.V., Luchinin,D.N., Machneva,A.Y., Gusev,E.A., Gerasimova,A.D., Molchanova,E.V., Shpak,I.M.","Volgograd Plague Control Research Institute, Laboratory of bioinformatics",NA,6/13/23,Stavropol 1451/22,Orthoflavivirus nilense,10980,complete,Russia: Stavropol,Russia,NA,Culex pipiens,NA,2022,Lineage_2
OQ214890,West Nile virus,GenBank,NA,"Antonov,A.S., Avdiusheva,E.F., Ustinov,D.V., Izhberdeeva,M.P., Boroday,N.V., Luchinin,D.N., Machneva,A.Y., Gusev,E.A., Gerasimova,A.D., Molchanova,E.V., Shpak,I.M.","Volgograd Plague Control Research Institute, Laboratory of bioinformatics",NA,6/13/23,Volgograd 1031/22,Orthoflavivirus nilense,10980,complete,Russia: Volgograd,Russia,NA,Culex pipiens,NA,2022,Lineage_2
OP804520,West Nile virus,GenBank,NA,"Niczyporuk,J.S. Sr.","National Veterinary Research Institute, Department of Poultry Diseases",Poland,5/22/23,WNV-5,Orthoflavivirus nilense,11003,complete,Poland,Poland,NA,Corvus cornix,NA,2022-10,Lineage_2
OP734238,West Nile virus,GenBank,NA,"Savini,G., Monaco,F., Mencattelli,G., Curini,V., Teodori,L., Polci,A.","Istituto Zooprofilattico Sperimentale dell'Abruzzo e del Molise 'G. Caporale', Animals Foreign Diseases",Italy,5/9/23,NA,Orthoflavivirus nilense,10892,complete,Italy: Emilia Romagna,Italy,NA,Pica pica,NA,8/10/22,Lineage_2
OP734239,West Nile virus,GenBank,NA,"Savini,G., Monaco,F., Mencattelli,G., Curini,V., Teodori,L., Polci,A.","Istituto Zooprofilattico Sperimentale dell'Abruzzo e del Molise 'G. Caporale', Animals Foreign Diseases",Italy,5/9/23,NA,Orthoflavivirus nilense,10912,complete,Italy: Emilia Romagna,Italy,NA,Corvus cornix,NA,8/10/22,Lineage_2
OP734240,West Nile virus,GenBank,NA,"Savini,G., Monaco,F., Mencattelli,G., Curini,V., Teodori,L., Polci,A.","Istituto Zooprofilattico Sperimentale dell'Abruzzo e del Molise 'G. Caporale', Animals Foreign Diseases",Italy,5/9/23,NA,Orthoflavivirus nilense,10913,complete,Italy: Piemonte,Italy,NA,Culex pipiens,NA,8/18/22,Lineage_2
OP734241,West Nile virus,GenBank,NA,"Savini,G., Monaco,F., Mencattelli,G., Curini,V., Teodori,L., Polci,A.","Istituto Zooprofilattico Sperimentale dell'Abruzzo e del Molise 'G. Caporale', Animals Foreign Diseases",Italy,5/9/23,NA,Orthoflavivirus nilense,10912,complete,Italy: Piemonte,Italy,NA,Culex pipiens,NA,8/25/22,Lineage_2
OP734242,West Nile virus,GenBank,NA,"Savini,G., Monaco,F., Mencattelli,G., Curini,V., Teodori,L., Polci,A.","Istituto Zooprofilattico Sperimentale dell'Abruzzo e del Molise 'G. Caporale', Animals Foreign Diseases",Italy,5/9/23,NA,Orthoflavivirus nilense,10878,complete,Italy: Emilia Romagna,Italy,NA,Athene noctua,NA,8/31/22,Lineage_2
OP734243,West Nile virus,GenBank,NA,"Savini,G., Monaco,F., Mencattelli,G., Curini,V., Teodori,L., Polci,A.","Istituto Zooprofilattico Sperimentale dell'Abruzzo e del Molise 'G. Caporale', Animals Foreign Diseases",Italy,5/9/23,NA,Orthoflavivirus nilense,10879,complete,Italy: Emilia Romagna,Italy,NA,Culex pipiens,NA,9/2/22,Lineage_2
OP734244,West Nile virus,GenBank,NA,"Savini,G., Monaco,F., Mencattelli,G., Curini,V., Teodori,L., Polci,A.","Istituto Zooprofilattico Sperimentale dell'Abruzzo e del Molise 'G. Caporale', Animals Foreign Diseases",Italy,5/9/23,NA,Orthoflavivirus nilense,10914,complete,Italy: Veneto,Italy,NA,Passer domesticus,NA,9/9/22,Lineage_2
OP617270,West Nile virus,GenBank,NA,"Bayrakdar,F.","Public Health Institution of Turkey, Virology",Turkey,5/2/23,WNV/Turkey/HSGM136s/2018,Orthoflavivirus nilense,10978,complete,Turkey,Turkey,NA,Homo sapiens,NA,2018,Lineage_1
OP345090,West Nile virus,GenBank,NA,"Antonov,A.S., Avdiusheva,E.F., Ustinov,D.V., Izhberdeeva,M.P., Boroday,N.V., Luchinin,D.N., Machneva,A.Y., Gusev,E.A., Molchanova,E.V., Spak,I.M.","Volgograd Plague Control Research Institute, Laboratory of bioinformatics",NA,4/10/23,Volgograd 830/21,Orthoflavivirus nilense,11029,complete,Russia: Volgograd,Russia,NA,Culex pipiens,NA,2021,Lineage_2
OP345095,West Nile virus,GenBank,NA,"Antonov,A.S., Avdiusheva,E.F., Ustinov,D.V., Izhberdeeva,M.P., Boroday,N.V., Luchinin,D.N., Machneva,A.Y., Gusev,E.A., Molchanova,E.V., Spak,I.M.","Volgograd Plague Control Research Institute, Laboratory of bioinformatics",NA,4/10/23,Volgograd 439/21,Orthoflavivirus nilense,11044,complete,Russia: Volgograd,Russia,NA,Culex modestus,NA,2021,Lineage_2
OP345096,West Nile virus,GenBank,NA,"Antonov,A.S., Avdiusheva,E.F., Ustinov,D.V., Izhberdeeva,M.P., Boroday,N.V., Luchinin,D.N., Machneva,A.Y., Gusev,E.A., Molchanova,E.V., Spak,I.M.","Volgograd Plague Control Research Institute, Laboratory of bioinformatics",NA,4/10/23,Volgograd 437/21,Orthoflavivirus nilense,11044,complete,Russia: Volgograd,Russia,NA,Culex modestus,NA,2021,Lineage_2
OP345097,West Nile virus,GenBank,NA,"Antonov,A.S., Avdiusheva,E.F., Ustinov,D.V., Izhberdeeva,M.P., Boroday,N.V., Luchinin,D.N., Machneva,A.Y., Gusev,E.A., Molchanova,E.V., Spak,I.M.","Volgograd Plague Control Research Institute, Laboratory of bioinformatics",NA,4/10/23,Volgograd 72/21,Orthoflavivirus nilense,11044,complete,Russia: Volgograd,Russia,NA,Hyalomma marginatum,NA,2021,Lineage_2
OP345103,West Nile virus,GenBank,NA,"Antonov,A.S., Avdiusheva,E.F., Ustinov,D.V., Izhberdeeva,M.P., Boroday,N.V., Luchinin,D.N., Machneva,A.Y., Gusev,E.A., Molchanova,E.V., Spak,I.M.","Volgograd Plague Control Research Institute, Laboratory of bioinformatics",NA,4/10/23,Volgograd 305/20,Orthoflavivirus nilense,11044,complete,Russia: Volgograd,Russia,NA,Podiceps cristatus,NA,2020,Lineage_2
OP345106,West Nile virus,GenBank,NA,"Antonov,A.S., Avdiusheva,E.F., Ustinov,D.V., Izhberdeeva,M.P., Boroday,N.V., Luchinin,D.N., Machneva,A.Y., Gusev,E.A., Molchanova,E.V., Spak,I.M.","Volgograd Plague Control Research Institute, Laboratory of bioinformatics",NA,4/10/23,Volgograd 5/20,Orthoflavivirus nilense,11044,complete,Russia: Volgograd,Russia,NA,Culex pipiens,NA,2020,Lineage_2
OP345107,West Nile virus,GenBank,NA,"Antonov,A.S., Avdiusheva,E.F., Ustinov,D.V., Izhberdeeva,M.P., Boroday,N.V., Luchinin,D.N., Machneva,A.Y., Gusev,E.A., Molchanova,E.V., Spak,I.M.","Volgograd Plague Control Research Institute, Laboratory of bioinformatics",NA,4/10/23,Volgograd 810/19,Orthoflavivirus nilense,10966,complete,Russia: Volgograd,Russia,NA,Homo sapiens,NA,2019,Lineage_2
OP345108,West Nile virus,GenBank,NA,"Antonov,A.S., Avdiusheva,E.F., Ustinov,D.V., Izhberdeeva,M.P., Boroday,N.V., Luchinin,D.N., Machneva,A.Y., Gusev,E.A., Molchanova,E.V., Spak,I.M.","Volgograd Plague Control Research Institute, Laboratory of bioinformatics",NA,4/10/23,Volgograd 16/19,Orthoflavivirus nilense,10969,complete,Russia: Volgograd,Russia,NA,Culex pipiens,NA,2019,Lineage_2
OP179287,West Nile virus,GenBank,NA,"Nagy,A., Horvath,A.","National Public Health Center, National Reference Laboratory for Viral Zoonoses",Hungary,3/29/23,HUN_WNV2324_2021,Orthoflavivirus nilense,11009,complete,Hungary,Hungary,NA,Homo sapiens,urine,2021-08,Lineage_2
OP179288,West Nile virus,GenBank,NA,"Nagy,A., Horvath,A.","National Public Health Center, National Reference Laboratory for Viral Zoonoses",Hungary,3/29/23,HUN_WNV2947_2021,Orthoflavivirus nilense,11021,complete,Hungary,Hungary,NA,Homo sapiens,urine,2021-08,Lineage_2
OX451204,West Nile virus,GenBank,NA,NA,"Friedrich-Loeffler-Institute, Federal Research Institute for Animal Health, Institute of Diagnostic Virology, Suedufer 10, Greifswald - Insel Riems, Mecklenburg - Western Pomerania, 17493",Germany,3/11/23,ED-I-219-20,Orthoflavivirus nilense,10988,complete,Germany,Germany,NA,Phoenicopterus chilensis,NA,8/26/20,Lineage_2
OX442271,West Nile virus,GenBank,NA,NA,"Friedrich-Loeffler-Institute, Federal Research Institute for Animal Health, Institute of Diagnostic Virology, Suedufer 10, Greifswald - Insel Riems, Mecklenburg - Western Pomerania, 17493",Germany,3/2/23,ED-I-261-20,Orthoflavivirus nilense,10988,complete,Germany,Germany,NA,Phoenicopterus chilensis,NA,2020-09,Lineage_2
OX442272,West Nile virus,GenBank,NA,NA,"Friedrich-Loeffler-Institute, Federal Research Institute for Animal Health, Institute of Diagnostic Virology, Suedufer 10, Greifswald - Insel Riems, Mecklenburg - Western Pomerania, 17493",Germany,3/2/23,ED-I-228-20,Orthoflavivirus nilense,10978,complete,Germany,Germany,NA,Equus caballus,NA,9/2/20,Lineage_2
OX442273,West Nile virus,GenBank,NA,NA,"Friedrich-Loeffler-Institute, Federal Research Institute for Animal Health, Institute of Diagnostic Virology, Suedufer 10, Greifswald - Insel Riems, Mecklenburg - Western Pomerania, 17493",Germany,3/2/23,ED-I-258-20,Orthoflavivirus nilense,10988,complete,Germany,Germany,NA,Parus major,NA,2020-08,Lineage_2
OX442274,West Nile virus,GenBank,NA,NA,"Friedrich-Loeffler-Institute, Federal Research Institute for Animal Health, Institute of Diagnostic Virology, Suedufer 10, Greifswald - Insel Riems, Mecklenburg - Western Pomerania, 17493",Germany,3/2/23,ED-I-281-20,Orthoflavivirus nilense,10988,complete,Germany,Germany,NA,Phoenicopterus sp.,NA,2020-09,Lineage_2
OX442275,West Nile virus,GenBank,NA,NA,"Friedrich-Loeffler-Institute, Federal Research Institute for Animal Health, Institute of Diagnostic Virology, Suedufer 10, Greifswald - Insel Riems, Mecklenburg - Western Pomerania, 17493",Germany,3/2/23,ED-I-173-20,Orthoflavivirus nilense,10988,complete,Germany,Germany,NA,Pyrrhocorax graculus,NA,7/12/20,Lineage_2
OX442276,West Nile virus,GenBank,NA,NA,"Friedrich-Loeffler-Institute, Federal Research Institute for Animal Health, Institute of Diagnostic Virology, Suedufer 10, Greifswald - Insel Riems, Mecklenburg - Western Pomerania, 17493",Germany,3/2/23,ED-I-196-20,Orthoflavivirus nilense,10988,complete,Germany,Germany,NA,Buteo,NA,2020-08,Lineage_2
OX442277,West Nile virus,GenBank,NA,NA,"Friedrich-Loeffler-Institute, Federal Research Institute for Animal Health, Institute of Diagnostic Virology, Suedufer 10, Greifswald - Insel Riems, Mecklenburg - Western Pomerania, 17493",Germany,3/2/23,ED-I-282-20,Orthoflavivirus nilense,10988,complete,Germany,Germany,NA,Bubo scandiacus,NA,9/2/20,Lineage_2
OX442278,West Nile virus,GenBank,NA,NA,"Friedrich-Loeffler-Institute, Federal Research Institute for Animal Health, Institute of Diagnostic Virology, Suedufer 10, Greifswald - Insel Riems, Mecklenburg - Western Pomerania, 17493",Germany,3/2/23,ED-I-260-20,Orthoflavivirus nilense,10988,complete,Germany,Germany,NA,Serinus canaria,NA,2020-09,Lineage_2
OX442279,West Nile virus,GenBank,NA,NA,"Friedrich-Loeffler-Institute, Federal Research Institute for Animal Health, Institute of Diagnostic Virology, Suedufer 10, Greifswald - Insel Riems, Mecklenburg - Western Pomerania, 17493",Germany,3/2/23,ED-I-193-20,Orthoflavivirus nilense,10985,complete,Germany,Germany,NA,Accipiter gentilis,NA,7/30/20,Lineage_2
OX442280,West Nile virus,GenBank,NA,NA,"Friedrich-Loeffler-Institute, Federal Research Institute for Animal Health, Institute of Diagnostic Virology, Suedufer 10, Greifswald - Insel Riems, Mecklenburg - Western Pomerania, 17493",Germany,3/2/23,ED-I-245-20,Orthoflavivirus nilense,10988,complete,Germany,Germany,NA,Phoenicopterus sp.,NA,2020-08,Lineage_2
OX442281,West Nile virus,GenBank,NA,NA,"Friedrich-Loeffler-Institute, Federal Research Institute for Animal Health, Institute of Diagnostic Virology, Suedufer 10, Greifswald - Insel Riems, Mecklenburg - Western Pomerania, 17493",Germany,3/2/23,ED-I-264-20,Orthoflavivirus nilense,10988,complete,Germany,Germany,NA,Passer sp.,NA,2020-09,Lineage_2
OX442282,West Nile virus,GenBank,NA,NA,"Friedrich-Loeffler-Institute, Federal Research Institute for Animal Health, Institute of Diagnostic Virology, Suedufer 10, Greifswald - Insel Riems, Mecklenburg - Western Pomerania, 17493",Germany,3/2/23,ED-I-340-20,Orthoflavivirus nilense,10988,complete,Germany,Germany,NA,Phoenicopterus ruber,NA,8/22/20,Lineage_2
OX442283,West Nile virus,GenBank,NA,NA,"Friedrich-Loeffler-Institute, Federal Research Institute for Animal Health, Institute of Diagnostic Virology, Suedufer 10, Greifswald - Insel Riems, Mecklenburg - Western Pomerania, 17493",Germany,3/2/23,ED-I-224-20,Orthoflavivirus nilense,10988,complete,Germany,Germany,NA,Cyanistes caeruleus,NA,2020-08,Lineage_2
OX442284,West Nile virus,GenBank,NA,NA,"Friedrich-Loeffler-Institute, Federal Research Institute for Animal Health, Institute of Diagnostic Virology, Suedufer 10, Greifswald - Insel Riems, Mecklenburg - Western Pomerania, 17493",Germany,3/2/23,ED-I-174-20,Orthoflavivirus nilense,10988,complete,Germany,Germany,NA,Bubo scandiacus,NA,7/12/20,Lineage_2
OX442285,West Nile virus,GenBank,NA,NA,"Friedrich-Loeffler-Institute, Federal Research Institute for Animal Health, Institute of Diagnostic Virology, Suedufer 10, Greifswald - Insel Riems, Mecklenburg - Western Pomerania, 17493",Germany,3/2/23,ED-I-238-20,Orthoflavivirus nilense,10978,complete,Germany,Germany,NA,Accipiter gentilis,NA,8/31/20,Lineage_2
OX442286,West Nile virus,GenBank,NA,NA,"Friedrich-Loeffler-Institute, Federal Research Institute for Animal Health, Institute of Diagnostic Virology, Suedufer 10, Greifswald - Insel Riems, Mecklenburg - Western Pomerania, 17493",Germany,3/2/23,ED-I-216-20,Orthoflavivirus nilense,10988,complete,Germany,Germany,NA,Cyanistes caeruleus,NA,2020-08,Lineage_2
OX442287,West Nile virus,GenBank,NA,NA,"Friedrich-Loeffler-Institute, Federal Research Institute for Animal Health, Institute of Diagnostic Virology, Suedufer 10, Greifswald - Insel Riems, Mecklenburg - Western Pomerania, 17493",Germany,3/2/23,ED-I-218-20,Orthoflavivirus nilense,10985,complete,Germany,Germany,NA,Phoenicopterus sp.,NA,8/18/20,Lineage_2
OX442288,West Nile virus,GenBank,NA,NA,"Friedrich-Loeffler-Institute, Federal Research Institute for Animal Health, Institute of Diagnostic Virology, Suedufer 10, Greifswald - Insel Riems, Mecklenburg - Western Pomerania, 17493",Germany,3/2/23,ED-I-60-21,Orthoflavivirus nilense,10988,complete,Germany,Germany,NA,Cyanistes caeruleus,NA,2020,Lineage_2
OX442289,West Nile virus,GenBank,NA,NA,"Friedrich-Loeffler-Institute, Federal Research Institute for Animal Health, Institute of Diagnostic Virology, Suedufer 10, Greifswald - Insel Riems, Mecklenburg - Western Pomerania, 17493",Germany,3/2/23,ED-I-241-20,Orthoflavivirus nilense,10988,complete,Germany,Germany,NA,Accipiter gentilis,NA,8/23/20,Lineage_2
OX442290,West Nile virus,GenBank,NA,NA,"Friedrich-Loeffler-Institute, Federal Research Institute for Animal Health, Institute of Diagnostic Virology, Suedufer 10, Greifswald - Insel Riems, Mecklenburg - Western Pomerania, 17493",Germany,3/2/23,ED-I-284-20,Orthoflavivirus nilense,10988,complete,Germany,Germany,NA,Lathamus discolor,NA,9/21/20,Lineage_2
OX442292,West Nile virus,GenBank,NA,NA,"Friedrich-Loeffler-Institute, Federal Research Institute for Animal Health, Institute of Diagnostic Virology, Suedufer 10, Greifswald - Insel Riems, Mecklenburg - Western Pomerania, 17493",Germany,3/2/23,ED-I-242-20,Orthoflavivirus nilense,10988,complete,Germany,Germany,NA,Accipiter gentilis,NA,2020-08,Lineage_2
OX442293,West Nile virus,GenBank,NA,NA,"Friedrich-Loeffler-Institute, Federal Research Institute for Animal Health, Institute of Diagnostic Virology, Suedufer 10, Greifswald - Insel Riems, Mecklenburg - Western Pomerania, 17493",Germany,3/2/23,ED-I-339-20,Orthoflavivirus nilense,10988,complete,Germany,Germany,NA,Phoenicopterus chilensis,NA,8/25/20,Lineage_2
OX442294,West Nile virus,GenBank,NA,NA,"Friedrich-Loeffler-Institute, Federal Research Institute for Animal Health, Institute of Diagnostic Virology, Suedufer 10, Greifswald - Insel Riems, Mecklenburg - Western Pomerania, 17493",Germany,3/2/23,ED-I-208-20,Orthoflavivirus nilense,10988,complete,Germany,Germany,NA,Accipiter gentilis,NA,8/14/20,Lineage_2
OX442295,West Nile virus,GenBank,NA,NA,"Friedrich-Loeffler-Institute, Federal Research Institute for Animal Health, Institute of Diagnostic Virology, Suedufer 10, Greifswald - Insel Riems, Mecklenburg - Western Pomerania, 17493",Germany,3/2/23,ED-I-268-20,Orthoflavivirus nilense,10988,complete,Germany,Germany,NA,Athene noctua,NA,2020-09,Lineage_2
OX442296,West Nile virus,GenBank,NA,NA,"Friedrich-Loeffler-Institute, Federal Research Institute for Animal Health, Institute of Diagnostic Virology, Suedufer 10, Greifswald - Insel Riems, Mecklenburg - Western Pomerania, 17493",Germany,3/2/23,ED-I-211-20,Orthoflavivirus nilense,10988,complete,Germany,Germany,NA,Cyanistes caeruleus,NA,2020-08,Lineage_2
OX442297,West Nile virus,GenBank,NA,NA,"Friedrich-Loeffler-Institute, Federal Research Institute for Animal Health, Institute of Diagnostic Virology, Suedufer 10, Greifswald - Insel Riems, Mecklenburg - Western Pomerania, 17493",Germany,3/2/23,ED-I-115-19,Orthoflavivirus nilense,10988,complete,Germany,Germany,NA,Mergus squamatus,NA,2019,Lineage_2
OX442298,West Nile virus,GenBank,NA,NA,"Friedrich-Loeffler-Institute, Federal Research Institute for Animal Health, Institute of Diagnostic Virology, Suedufer 10, Greifswald - Insel Riems, Mecklenburg - Western Pomerania, 17493",Germany,3/2/23,ED-I-311-20,Orthoflavivirus nilense,10988,complete,Germany,Germany,NA,Accipiter gentilis,NA,2020-09,Lineage_2
OX442299,West Nile virus,GenBank,NA,NA,"Friedrich-Loeffler-Institute, Federal Research Institute for Animal Health, Institute of Diagnostic Virology, Suedufer 10, Greifswald - Insel Riems, Mecklenburg - Western Pomerania, 17493",Germany,3/2/23,ED-I-200-20,Orthoflavivirus nilense,10988,complete,Germany,Germany,NA,Bombycilla garrulus,NA,8/11/20,Lineage_2
OX442300,West Nile virus,GenBank,NA,NA,"Friedrich-Loeffler-Institute, Federal Research Institute for Animal Health, Institute of Diagnostic Virology, Suedufer 10, Greifswald - Insel Riems, Mecklenburg - Western Pomerania, 17493",Germany,3/2/23,ED-I-207-20,Orthoflavivirus nilense,10988,complete,Germany,Germany,NA,Accipiter gentilis,NA,8/9/20,Lineage_2
OX442301,West Nile virus,GenBank,NA,NA,"Friedrich-Loeffler-Institute, Federal Research Institute for Animal Health, Institute of Diagnostic Virology, Suedufer 10, Greifswald - Insel Riems, Mecklenburg - Western Pomerania, 17493",Germany,3/2/23,ED-I-252-20,Orthoflavivirus nilense,10988,complete,Germany,Germany,NA,Garrulus glandarius,NA,2020-08,Lineage_2
OX442302,West Nile virus,GenBank,NA,NA,"Friedrich-Loeffler-Institute, Federal Research Institute for Animal Health, Institute of Diagnostic Virology, Suedufer 10, Greifswald - Insel Riems, Mecklenburg - Western Pomerania, 17493",Germany,3/2/23,ED-I-315-20,Orthoflavivirus nilense,10988,complete,Germany,Germany,NA,Accipiter gentilis,NA,2020-09,Lineage_2
OX442303,West Nile virus,GenBank,NA,NA,"Friedrich-Loeffler-Institute, Federal Research Institute for Animal Health, Institute of Diagnostic Virology, Suedufer 10, Greifswald - Insel Riems, Mecklenburg - Western Pomerania, 17493",Germany,3/2/23,ED-I-194-20,Orthoflavivirus nilense,10988,complete,Germany,Germany,NA,Cyanistes caeruleus,NA,2020-08,Lineage_2
OX442304,West Nile virus,GenBank,NA,NA,"Friedrich-Loeffler-Institute, Federal Research Institute for Animal Health, Institute of Diagnostic Virology, Suedufer 10, Greifswald - Insel Riems, Mecklenburg - Western Pomerania, 17493",Germany,3/2/23,ED-I-192-20,Orthoflavivirus nilense,10988,complete,Germany,Germany,NA,Bubo scandiacus,NA,8/15/20,Lineage_2
OX442305,West Nile virus,GenBank,NA,NA,"Friedrich-Loeffler-Institute, Federal Research Institute for Animal Health, Institute of Diagnostic Virology, Suedufer 10, Greifswald - Insel Riems, Mecklenburg - Western Pomerania, 17493",Germany,3/2/23,ED-I-210-20,Orthoflavivirus nilense,10988,complete,Germany,Germany,NA,Accipiter gentilis,NA,8/1/20,Lineage_2
OX442306,West Nile virus,GenBank,NA,NA,"Friedrich-Loeffler-Institute, Federal Research Institute for Animal Health, Institute of Diagnostic Virology, Suedufer 10, Greifswald - Insel Riems, Mecklenburg - Western Pomerania, 17493",Germany,3/2/23,ED-I-206-20,Orthoflavivirus nilense,10988,complete,Germany,Germany,NA,Accipiter gentilis,NA,8/8/20,Lineage_2
OX442307,West Nile virus,GenBank,NA,NA,"Friedrich-Loeffler-Institute, Federal Research Institute for Animal Health, Institute of Diagnostic Virology, Suedufer 10, Greifswald - Insel Riems, Mecklenburg - Western Pomerania, 17493",Germany,3/2/23,ED-I-205-20,Orthoflavivirus nilense,10988,complete,Germany,Germany,NA,Accipiter gentilis,NA,8/13/20,Lineage_2
OX442308,West Nile virus,GenBank,NA,NA,"Friedrich-Loeffler-Institute, Federal Research Institute for Animal Health, Institute of Diagnostic Virology, Suedufer 10, Greifswald - Insel Riems, Mecklenburg - Western Pomerania, 17493",Germany,3/2/23,ED-I-214-20,Orthoflavivirus nilense,10988,complete,Germany,Germany,NA,Phoenicopterus sp.,NA,8/19/20,Lineage_2
OX442309,West Nile virus,GenBank,NA,NA,"Friedrich-Loeffler-Institute, Federal Research Institute for Animal Health, Institute of Diagnostic Virology, Suedufer 10, Greifswald - Insel Riems, Mecklenburg - Western Pomerania, 17493",Germany,3/2/23,ED-I-203-20,Orthoflavivirus nilense,10988,complete,Germany,Germany,NA,Athene noctua,NA,8/18/20,Lineage_2
OX442310,West Nile virus,GenBank,NA,NA,"Friedrich-Loeffler-Institute, Federal Research Institute for Animal Health, Institute of Diagnostic Virology, Suedufer 10, Greifswald - Insel Riems, Mecklenburg - Western Pomerania, 17493",Germany,3/2/23,ED-I-127-18,Orthoflavivirus nilense,10987,complete,Germany,Germany,NA,Equus caballus,NA,9/11/18,Lineage_2
OX442311,West Nile virus,GenBank,NA,NA,"Friedrich-Loeffler-Institute, Federal Research Institute for Animal Health, Institute of Diagnostic Virology, Suedufer 10, Greifswald - Insel Riems, Mecklenburg - Western Pomerania, 17493",Germany,3/2/23,ED-I-244-20,Orthoflavivirus nilense,10986,complete,Germany,Germany,NA,Corvus cornix,NA,8/18/20,Lineage_2
OX442312,West Nile virus,GenBank,NA,NA,"Friedrich-Loeffler-Institute, Federal Research Institute for Animal Health, Institute of Diagnostic Virology, Suedufer 10, Greifswald - Insel Riems, Mecklenburg - Western Pomerania, 17493",Germany,3/2/23,ED-I-199-20,Orthoflavivirus nilense,10988,complete,Germany,Germany,NA,Accipiter gentilis,NA,6/13/20,Lineage_2
OX442313,West Nile virus,GenBank,NA,NA,"Friedrich-Loeffler-Institute, Federal Research Institute for Animal Health, Institute of Diagnostic Virology, Suedufer 10, Greifswald - Insel Riems, Mecklenburg - Western Pomerania, 17493",Germany,3/2/23,ED-I-286-20,Orthoflavivirus nilense,10978,complete,Germany,Germany,NA,Equus caballus,NA,9/29/20,Lineage_2
OX442347,West Nile virus,GenBank,NA,NA,"Friedrich-Loeffler-Institute, Federal Research Institute for Animal Health, Institute of Diagnostic Virology, Suedufer 10, Greifswald - Insel Riems, Mecklenburg - Western Pomerania, 17493",Germany,3/2/23,ED-I-167-20,Orthoflavivirus nilense,10988,complete,Germany,Germany,NA,Cyanistes caeruleus,NA,7/7/20,Lineage_2
OX442348,West Nile virus,GenBank,NA,NA,"Friedrich-Loeffler-Institute, Federal Research Institute for Animal Health, Institute of Diagnostic Virology, Suedufer 10, Greifswald - Insel Riems, Mecklenburg - Western Pomerania, 17493",Germany,3/2/23,ED-I-314-20,Orthoflavivirus nilense,10987,complete,Germany,Germany,NA,Accipiter gentilis,NA,2020-09,Lineage_2
OQ053515,West Nile virus,GenBank,NA,"Tsioka,K., Gewehr,S., Pappa,S., Kalaitzopoulou,S., Stoikou,K., Mourelatos,S., Papa,A.","Aristotle University of Thessaloniki, A' Dept. of Microbiology",Greece,2/1/23,NA,Orthoflavivirus nilense,10992,complete,Greece,Greece,NA,Homo sapiens,NA,8/31/22,Lineage_2
OQ053516,West Nile virus,GenBank,NA,"Tsioka,K., Gewehr,S., Pappa,S., Kalaitzopoulou,S., Stoikou,K., Mourelatos,S., Papa,A.","Aristotle University of Thessaloniki, A' Dept. of Microbiology",Greece,2/1/23,NA,Orthoflavivirus nilense,10989,complete,Greece,Greece,NA,Homo sapiens,NA,8/19/22,Lineage_2
OQ053518,West Nile virus,GenBank,NA,"Tsioka,K., Gewehr,S., Pappa,S., Kalaitzopoulou,S., Stoikou,K., Mourelatos,S., Papa,A.","Aristotle University of Thessaloniki, A' Dept. of Microbiology",Greece,2/1/23,NA,Orthoflavivirus nilense,10993,complete,Greece,Greece,NA,Culex pipiens,NA,7/26/22,Lineage_2
OQ053519,West Nile virus,GenBank,NA,"Tsioka,K., Gewehr,S., Pappa,S., Kalaitzopoulou,S., Stoikou,K., Mourelatos,S., Papa,A.","Aristotle University of Thessaloniki, A' Dept. of Microbiology",Greece,2/1/23,NA,Orthoflavivirus nilense,10993,complete,Greece,Greece,NA,Culex pipiens,NA,6/29/22,Lineage_2
OQ053520,West Nile virus,GenBank,NA,"Tsioka,K., Gewehr,S., Pappa,S., Kalaitzopoulou,S., Stoikou,K., Mourelatos,S., Papa,A.","Aristotle University of Thessaloniki, A' Dept. of Microbiology",Greece,2/1/23,NA,Orthoflavivirus nilense,10994,complete,Greece,Greece,NA,Culex pipiens,NA,8/31/22,Lineage_2
OQ053521,West Nile virus,GenBank,NA,"Tsioka,K., Gewehr,S., Pappa,S., Kalaitzopoulou,S., Stoikou,K., Mourelatos,S., Papa,A.","Aristotle University of Thessaloniki, A' Dept. of Microbiology",Greece,2/1/23,NA,Orthoflavivirus nilense,10996,complete,Greece,Greece,NA,Culex pipiens,NA,9/7/22,Lineage_2
OQ053522,West Nile virus,GenBank,NA,"Tsioka,K., Gewehr,S., Pappa,S., Kalaitzopoulou,S., Stoikou,K., Mourelatos,S., Papa,A.","Aristotle University of Thessaloniki, A' Dept. of Microbiology",Greece,2/1/23,NA,Orthoflavivirus nilense,10981,complete,Greece,Greece,NA,Culex pipiens,NA,8/18/22,Lineage_2
OQ053523,West Nile virus,GenBank,NA,"Tsioka,K., Gewehr,S., Pappa,S., Kalaitzopoulou,S., Stoikou,K., Mourelatos,S., Papa,A.","Aristotle University of Thessaloniki, A' Dept. of Microbiology",Greece,2/1/23,NA,Orthoflavivirus nilense,10978,complete,Greece,Greece,NA,Culex pipiens,NA,7/13/22,Lineage_2
OQ053524,West Nile virus,GenBank,NA,"Tsioka,K., Gewehr,S., Pappa,S., Kalaitzopoulou,S., Stoikou,K., Mourelatos,S., Papa,A.","Aristotle University of Thessaloniki, A' Dept. of Microbiology",Greece,2/1/23,NA,Orthoflavivirus nilense,10989,complete,Greece,Greece,NA,Culex pipiens,NA,7/29/22,Lineage_2
OQ053526,West Nile virus,GenBank,NA,"Tsioka,K., Gewehr,S., Pappa,S., Kalaitzopoulou,S., Stoikou,K., Mourelatos,S., Papa,A.","Aristotle University of Thessaloniki, A' Dept. of Microbiology",Greece,2/1/23,NA,Orthoflavivirus nilense,10992,complete,Greece,Greece,NA,Culex pipiens,NA,8/18/22,Lineage_2
OQ053527,West Nile virus,GenBank,NA,"Tsioka,K., Gewehr,S., Pappa,S., Kalaitzopoulou,S., Stoikou,K., Mourelatos,S., Papa,A.","Aristotle University of Thessaloniki, A' Dept. of Microbiology",Greece,2/1/23,NA,Orthoflavivirus nilense,10978,complete,Greece,Greece,NA,Culex pipiens,NA,8/22/22,Lineage_2
OQ053528,West Nile virus,GenBank,NA,"Tsioka,K., Gewehr,S., Pappa,S., Kalaitzopoulou,S., Stoikou,K., Mourelatos,S., Papa,A.","Aristotle University of Thessaloniki, A' Dept. of Microbiology",Greece,2/1/23,NA,Orthoflavivirus nilense,10978,complete,Greece,Greece,NA,Culex pipiens,NA,8/31/22,Lineage_2
OQ053529,West Nile virus,GenBank,NA,"Tsioka,K., Gewehr,S., Pappa,S., Kalaitzopoulou,S., Stoikou,K., Mourelatos,S., Papa,A.","Aristotle University of Thessaloniki, A' Dept. of Microbiology",Greece,2/1/23,NA,Orthoflavivirus nilense,10978,complete,Greece,Greece,NA,Culex pipiens,NA,8/29/22,Lineage_2
OQ053530,West Nile virus,GenBank,NA,"Tsioka,K., Gewehr,S., Pappa,S., Kalaitzopoulou,S., Stoikou,K., Mourelatos,S., Papa,A.","Aristotle University of Thessaloniki, A' Dept. of Microbiology",Greece,2/1/23,NA,Orthoflavivirus nilense,10983,complete,Greece,Greece,NA,Culex pipiens,NA,8/16/22,Lineage_2
OQ053531,West Nile virus,GenBank,NA,"Tsioka,K., Gewehr,S., Pappa,S., Kalaitzopoulou,S., Stoikou,K., Mourelatos,S., Papa,A.","Aristotle University of Thessaloniki, A' Dept. of Microbiology",Greece,2/1/23,NA,Orthoflavivirus nilense,10983,complete,Greece,Greece,NA,Culex pipiens,NA,8/24/22,Lineage_2
OQ053532,West Nile virus,GenBank,NA,"Tsioka,K., Gewehr,S., Pappa,S., Kalaitzopoulou,S., Stoikou,K., Mourelatos,S., Papa,A.","Aristotle University of Thessaloniki, A' Dept. of Microbiology",Greece,2/1/23,NA,Orthoflavivirus nilense,10992,complete,Greece,Greece,NA,Culex pipiens,NA,7/11/22,Lineage_2
OQ053533,West Nile virus,GenBank,NA,"Tsioka,K., Gewehr,S., Pappa,S., Kalaitzopoulou,S., Stoikou,K., Mourelatos,S., Papa,A.","Aristotle University of Thessaloniki, A' Dept. of Microbiology",Greece,2/1/23,NA,Orthoflavivirus nilense,10981,complete,Greece,Greece,NA,Culex pipiens,NA,8/24/22,Lineage_2
OQ053534,West Nile virus,GenBank,NA,"Tsioka,K., Gewehr,S., Pappa,S., Kalaitzopoulou,S., Stoikou,K., Mourelatos,S., Papa,A.","Aristotle University of Thessaloniki, A' Dept. of Microbiology",Greece,2/1/23,NA,Orthoflavivirus nilense,10988,complete,Greece,Greece,NA,Culex pipiens,NA,8/30/22,Lineage_2
OQ053535,West Nile virus,GenBank,NA,"Tsioka,K., Gewehr,S., Pappa,S., Kalaitzopoulou,S., Stoikou,K., Mourelatos,S., Papa,A.","Aristotle University of Thessaloniki, A' Dept. of Microbiology",Greece,2/1/23,NA,Orthoflavivirus nilense,10993,complete,Greece,Greece,NA,Culex pipiens,NA,7/27/22,Lineage_2
OQ053536,West Nile virus,GenBank,NA,"Tsioka,K., Gewehr,S., Pappa,S., Kalaitzopoulou,S., Stoikou,K., Mourelatos,S., Papa,A.","Aristotle University of Thessaloniki, A' Dept. of Microbiology",Greece,2/1/23,NA,Orthoflavivirus nilense,10978,complete,Greece,Greece,NA,Culex pipiens,NA,8/8/22,Lineage_2
OQ053537,West Nile virus,GenBank,NA,"Tsioka,K., Gewehr,S., Pappa,S., Kalaitzopoulou,S., Stoikou,K., Mourelatos,S., Papa,A.","Aristotle University of Thessaloniki, A' Dept. of Microbiology",Greece,2/1/23,NA,Orthoflavivirus nilense,10998,complete,Greece,Greece,NA,Culex pipiens,NA,7/28/22,Lineage_2
OQ053538,West Nile virus,GenBank,NA,"Tsioka,K., Gewehr,S., Pappa,S., Kalaitzopoulou,S., Stoikou,K., Mourelatos,S., Papa,A.","Aristotle University of Thessaloniki, A' Dept. of Microbiology",Greece,2/1/23,NA,Orthoflavivirus nilense,10987,complete,Greece,Greece,NA,Culex pipiens,NA,8/10/22,Lineage_2
OQ053539,West Nile virus,GenBank,NA,"Tsioka,K., Gewehr,S., Pappa,S., Kalaitzopoulou,S., Stoikou,K., Mourelatos,S., Papa,A.","Aristotle University of Thessaloniki, A' Dept. of Microbiology",Greece,2/1/23,NA,Orthoflavivirus nilense,10992,complete,Greece,Greece,NA,Culex pipiens,NA,7/18/22,Lineage_2
ON994909,West Nile virus,GenBank,NA,"Lee,D.-H., Chung,D.H., Helal,Z., McGinnis,H., Sims,M., Hunt,A., Hyeon,J.-Y., Kim,J., Risatti,G.","University of Connecticut, Pathobiology",USA,1/17/23,21_3782,Orthoflavivirus nilense,10724,complete,"USA: Lexington,MA",USA,KY,Vicugna pacos,NA,9/6/19,Lineage_1
ON994910,West Nile virus,GenBank,NA,"Lee,D.-H., Chung,D.H., Helal,Z., McGinnis,H., Sims,M., Hunt,A., Hyeon,J.-Y., Kim,J., Risatti,G.","University of Connecticut, Pathobiology",USA,1/17/23,21_3957,Orthoflavivirus nilense,10787,complete,"USA: Brandford,CT",USA,CT,Corvus,NA,9/19/21,Lineage_1
OL741623,West Nile virus,GenBank,NA,"Hughes,H.R., Kenney,J.","Centers for Disease Control and Prevention, Division of Vector-borne Diseases",USA,11/15/22,CO18-469,Orthoflavivirus nilense,11025,complete,USA: Colorado,USA,CO,Culex pipiens,NA,8/26/18,Lineage_1
OL840871,West Nile virus,GenBank,NA,"Papa,A.","Aristotle University of Thessaloniki, A' Dept. of Microbiology",Greece,11/15/22,GR-Edessa/516h/2018,Orthoflavivirus nilense,10979,complete,Greece,Greece,NA,Homo sapiens,NA,2018-08,Lineage_2
OL840872,West Nile virus,GenBank,NA,"Papa,A.","Aristotle University of Thessaloniki, A' Dept. of Microbiology",Greece,11/15/22,GR-Thessaloniki/563h/2018,Orthoflavivirus nilense,10978,complete,Greece,Greece,NA,Homo sapiens,NA,2018-08,Lineage_2
OL840873,West Nile virus,GenBank,NA,"Papa,A.","Aristotle University of Thessaloniki, A' Dept. of Microbiology",Greece,11/15/22,GR-Larissa/778h/2018,Orthoflavivirus nilense,10930,complete,Greece,Greece,NA,Homo sapiens,NA,2018-09,Lineage_2
OL840874,West Nile virus,GenBank,NA,"Papa,A.","Aristotle University of Thessaloniki, A' Dept. of Microbiology",Greece,11/15/22,GR-Pieria/198h/2019,Orthoflavivirus nilense,10752,complete,Greece,Greece,NA,Homo sapiens,NA,2019-07,Lineage_2
OL840875,West Nile virus,GenBank,NA,"Papa,A.","Aristotle University of Thessaloniki, A' Dept. of Microbiology",Greece,11/15/22,GR-Xanthi/360h/2019,Orthoflavivirus nilense,10752,complete,Greece,Greece,NA,Homo sapiens,NA,2019-08,Lineage_2
OL840876,West Nile virus,GenBank,NA,"Papa,A.","Aristotle University of Thessaloniki, A' Dept. of Microbiology",Greece,11/15/22,GR-Xanthi/424h/2019,Orthoflavivirus nilense,10978,complete,Greece,Greece,NA,Homo sapiens,NA,2019-08,Lineage_2
OL840877,West Nile virus,GenBank,NA,"Papa,A.","Aristotle University of Thessaloniki, A' Dept. of Microbiology",Greece,11/15/22,GR-Evros/557h/2019,Orthoflavivirus nilense,10949,complete,Greece,Greece,NA,Homo sapiens,NA,2019-08,Lineage_2
OL840878,West Nile virus,GenBank,NA,"Papa,A.","Aristotle University of Thessaloniki, A' Dept. of Microbiology",Greece,11/15/22,GR-Pella/572h/2019,Orthoflavivirus nilense,10979,complete,Greece,Greece,NA,Homo sapiens,NA,2019-08,Lineage_2
OL840879,West Nile virus,GenBank,NA,"Papa,A.","Aristotle University of Thessaloniki, A' Dept. of Microbiology",Greece,11/15/22,GR-Rodopi/621h/2019,Orthoflavivirus nilense,10978,complete,Greece,Greece,NA,Homo sapiens,NA,2019-08,Lineage_2
OL840880,West Nile virus,GenBank,NA,"Papa,A.","Aristotle University of Thessaloniki, A' Dept. of Microbiology",Greece,11/15/22,GR-Karditsa/201h/2020,Orthoflavivirus nilense,10978,complete,Greece,Greece,NA,Homo sapiens,NA,2020-07,Lineage_2
OL840881,West Nile virus,GenBank,NA,"Papa,A.","Aristotle University of Thessaloniki, A' Dept. of Microbiology",Greece,11/15/22,GR-Serres/BDh/2020,Orthoflavivirus nilense,10978,complete,Greece,Greece,NA,Homo sapiens,NA,2020-08,Lineage_2
OL840882,West Nile virus,GenBank,NA,"Papa,A.","Aristotle University of Thessaloniki, A' Dept. of Microbiology",Greece,11/15/22,GR-Pella/491h/2020,Orthoflavivirus nilense,10979,complete,Greece,Greece,NA,Homo sapiens,NA,2020-09,Lineage_2
OL840883,West Nile virus,GenBank,NA,"Papa,A.","Aristotle University of Thessaloniki, A' Dept. of Microbiology",Greece,11/15/22,GR-Serres/C240m/2019,Orthoflavivirus nilense,10997,complete,Greece,Greece,NA,Culex pipiens,NA,2019-07,Lineage_2
OL840884,West Nile virus,GenBank,NA,"Papa,A.","Aristotle University of Thessaloniki, A' Dept. of Microbiology",Greece,11/15/22,GR-Kilkis/C205m/2019,Orthoflavivirus nilense,10702,complete,Greece,Greece,NA,Culex pipiens,NA,2019-07,Lineage_2
OL840885,West Nile virus,GenBank,NA,"Papa,A.","Aristotle University of Thessaloniki, A' Dept. of Microbiology",Greece,11/15/22,GR-Thessaloniki/C222m/2019,Orthoflavivirus nilense,10997,complete,Greece,Greece,NA,Culex pipiens,NA,2019-08,Lineage_2
OL840887,West Nile virus,GenBank,NA,"Papa,A.","Aristotle University of Thessaloniki, A' Dept. of Microbiology",Greece,11/15/22,GR-Serres/M185m/2020,Orthoflavivirus nilense,10997,complete,Greece,Greece,NA,Culex pipiens,NA,2020-07,Lineage_2
OL840888,West Nile virus,GenBank,NA,"Papa,A.","Aristotle University of Thessaloniki, A' Dept. of Microbiology",Greece,11/15/22,GR-Larissa/T23m/2020,Orthoflavivirus nilense,10998,complete,Greece,Greece,NA,Culex pipiens,NA,2020-07,Lineage_2
OL840889,West Nile virus,GenBank,NA,"Papa,A.","Aristotle University of Thessaloniki, A' Dept. of Microbiology",Greece,11/15/22,GR-Kilkis/M207m/2020,Orthoflavivirus nilense,10997,complete,Greece,Greece,NA,Culex pipiens,NA,2020-08,Lineage_2
OL840890,West Nile virus,GenBank,NA,"Papa,A.","Aristotle University of Thessaloniki, A' Dept. of Microbiology",Greece,11/15/22,GR-Serres/M215m/2020,Orthoflavivirus nilense,10826,complete,Greece,Greece,NA,Culex pipiens,NA,2020-08,Lineage_2
OL840891,West Nile virus,GenBank,NA,"Papa,A.","Aristotle University of Thessaloniki, A' Dept. of Microbiology",Greece,11/15/22,GR-Serres/M221m/2020,Orthoflavivirus nilense,10697,complete,Greece,Greece,NA,Culex pipiens,NA,2020-08,Lineage_2
OL840892,West Nile virus,GenBank,NA,"Papa,A.","Aristotle University of Thessaloniki, A' Dept. of Microbiology",Greece,11/15/22,GR-Serres/M234m/2020,Orthoflavivirus nilense,10702,complete,Greece,Greece,NA,Culex pipiens,NA,2020-08,Lineage_2
OL840893,West Nile virus,GenBank,NA,"Papa,A.","Aristotle University of Thessaloniki, A' Dept. of Microbiology",Greece,11/15/22,GR-Serres/S1m/2020,Orthoflavivirus nilense,10997,complete,Greece,Greece,NA,Culex pipiens,NA,2020-07,Lineage_2
OL840894,West Nile virus,GenBank,NA,"Papa,A.","Aristotle University of Thessaloniki, A' Dept. of Microbiology",Greece,11/15/22,GR-Thessaloniki/E361m/2021,Orthoflavivirus nilense,10997,complete,Greece,Greece,NA,Culex pipiens,NA,2021-08,Lineage_2
OL840896,West Nile virus,GenBank,NA,"Papa,A.","Aristotle University of Thessaloniki, A' Dept. of Microbiology",Greece,11/15/22,GR-Serres/E411m/2021,Orthoflavivirus nilense,10997,complete,Greece,Greece,NA,Culex pipiens,NA,2021-08,Lineage_2
OL840897,West Nile virus,GenBank,NA,"Papa,A.","Aristotle University of Thessaloniki, A' Dept. of Microbiology",Greece,11/15/22,GR-Imathia/E413m/2021,Orthoflavivirus nilense,10997,complete,Greece,Greece,NA,Culex pipiens,NA,2021-08,Lineage_2
OL840899,West Nile virus,GenBank,NA,"Papa,A.","Aristotle University of Thessaloniki, A' Dept. of Microbiology",Greece,11/15/22,GR-Thessaloniki/E419m/2021,Orthoflavivirus nilense,10997,complete,Greece,Greece,NA,Culex pipiens,NA,2021-08,Lineage_2
OP609790,West Nile virus,GenBank,NA,"Barzon,L., Pacenti,M., Montarsi,F., Fornasiero,D., Gobbo,F., Quaranta,E., Monne,I., Fusaro,A., Volpe,A., Sinigaglia,A., Riccetti,S., Molin,E.D., Satto,S., Lisi,V., Gobbi,F., Galante,S., Feltrin,G., Valeriano,V., Favero,L., Russo,F., Mazzucato,M., Bortolami,A., Mulatti,P., Terregino,C., Capelli,G., Quaranta,E.G., Palumbo,E., Schivo,A., Salviato,A.","Istituto Zooprofilattico Sperimentale delle Venezie, Division of Comparative Biomedical Science",Italy,11/13/22,NA,Orthoflavivirus nilense,10827,complete,Italy,Italy,NA,Homo sapiens,NA,7/4/22,Lineage_1
OP609791,West Nile virus,GenBank,NA,"Barzon,L., Pacenti,M., Montarsi,F., Fornasiero,D., Gobbo,F., Quaranta,E., Monne,I., Fusaro,A., Volpe,A., Sinigaglia,A., Riccetti,S., Molin,E.D., Satto,S., Lisi,V., Gobbi,F., Galante,S., Feltrin,G., Valeriano,V., Favero,L., Russo,F., Mazzucato,M., Bortolami,A., Mulatti,P., Terregino,C., Capelli,G., Quaranta,E.G., Palumbo,E., Schivo,A., Salviato,A.","Istituto Zooprofilattico Sperimentale delle Venezie, Division of Comparative Biomedical Science",Italy,11/13/22,NA,Orthoflavivirus nilense,10767,complete,Italy,Italy,NA,Homo sapiens,NA,2022,Lineage_1
OP609792,West Nile virus,GenBank,NA,"Barzon,L., Pacenti,M., Montarsi,F., Fornasiero,D., Gobbo,F., Quaranta,E., Monne,I., Fusaro,A., Volpe,A., Sinigaglia,A., Riccetti,S., Molin,E.D., Satto,S., Lisi,V., Gobbi,F., Galante,S., Feltrin,G., Valeriano,V., Favero,L., Russo,F., Mazzucato,M., Bortolami,A., Mulatti,P., Terregino,C., Capelli,G., Quaranta,E.G., Palumbo,E., Schivo,A., Salviato,A.","Istituto Zooprofilattico Sperimentale delle Venezie, Division of Comparative Biomedical Science",Italy,11/13/22,NA,Orthoflavivirus nilense,10801,complete,Italy,Italy,NA,Homo sapiens,NA,2022,Lineage_1
OP609793,West Nile virus,GenBank,NA,"Barzon,L., Pacenti,M., Montarsi,F., Fornasiero,D., Gobbo,F., Quaranta,E., Monne,I., Fusaro,A., Volpe,A., Sinigaglia,A., Riccetti,S., Molin,E.D., Satto,S., Lisi,V., Gobbi,F., Galante,S., Feltrin,G., Valeriano,V., Favero,L., Russo,F., Mazzucato,M., Bortolami,A., Mulatti,P., Terregino,C., Capelli,G., Quaranta,E.G., Palumbo,E., Schivo,A., Salviato,A.","Istituto Zooprofilattico Sperimentale delle Venezie, Division of Comparative Biomedical Science",Italy,11/13/22,NA,Orthoflavivirus nilense,10827,complete,Italy,Italy,NA,Homo sapiens,NA,2022,Lineage_1
OP609794,West Nile virus,GenBank,NA,"Barzon,L., Pacenti,M., Montarsi,F., Fornasiero,D., Gobbo,F., Quaranta,E., Monne,I., Fusaro,A., Volpe,A., Sinigaglia,A., Riccetti,S., Molin,E.D., Satto,S., Lisi,V., Gobbi,F., Galante,S., Feltrin,G., Valeriano,V., Favero,L., Russo,F., Mazzucato,M., Bortolami,A., Mulatti,P., Terregino,C., Capelli,G., Quaranta,E.G., Palumbo,E., Schivo,A., Salviato,A.","Istituto Zooprofilattico Sperimentale delle Venezie, Division of Comparative Biomedical Science",Italy,11/13/22,NA,Orthoflavivirus nilense,10827,complete,Italy,Italy,NA,Homo sapiens,NA,2022,Lineage_1
OP609795,West Nile virus,GenBank,NA,"Barzon,L., Pacenti,M., Montarsi,F., Fornasiero,D., Gobbo,F., Quaranta,E., Monne,I., Fusaro,A., Volpe,A., Sinigaglia,A., Riccetti,S., Molin,E.D., Satto,S., Lisi,V., Gobbi,F., Galante,S., Feltrin,G., Valeriano,V., Favero,L., Russo,F., Mazzucato,M., Bortolami,A., Mulatti,P., Terregino,C., Capelli,G., Quaranta,E.G., Palumbo,E., Schivo,A., Salviato,A.","Istituto Zooprofilattico Sperimentale delle Venezie, Division of Comparative Biomedical Science",Italy,11/13/22,NA,Orthoflavivirus nilense,10762,complete,Italy,Italy,NA,Homo sapiens,NA,2022,Lineage_1
OP609796,West Nile virus,GenBank,NA,"Barzon,L., Pacenti,M., Montarsi,F., Fornasiero,D., Gobbo,F., Quaranta,E., Monne,I., Fusaro,A., Volpe,A., Sinigaglia,A., Riccetti,S., Molin,E.D., Satto,S., Lisi,V., Gobbi,F., Galante,S., Feltrin,G., Valeriano,V., Favero,L., Russo,F., Mazzucato,M., Bortolami,A., Mulatti,P., Terregino,C., Capelli,G., Quaranta,E.G., Palumbo,E., Schivo,A., Salviato,A.","Istituto Zooprofilattico Sperimentale delle Venezie, Division of Comparative Biomedical Science",Italy,11/13/22,NA,Orthoflavivirus nilense,10812,complete,Italy,Italy,NA,Homo sapiens,NA,2022,Lineage_1
OP609797,West Nile virus,GenBank,NA,"Barzon,L., Pacenti,M., Montarsi,F., Fornasiero,D., Gobbo,F., Quaranta,E., Monne,I., Fusaro,A., Volpe,A., Sinigaglia,A., Riccetti,S., Molin,E.D., Satto,S., Lisi,V., Gobbi,F., Galante,S., Feltrin,G., Valeriano,V., Favero,L., Russo,F., Mazzucato,M., Bortolami,A., Mulatti,P., Terregino,C., Capelli,G., Quaranta,E.G., Palumbo,E., Schivo,A., Salviato,A.","Istituto Zooprofilattico Sperimentale delle Venezie, Division of Comparative Biomedical Science",Italy,11/13/22,NA,Orthoflavivirus nilense,10761,complete,Italy,Italy,NA,Homo sapiens,NA,2022,Lineage_1
OP609798,West Nile virus,GenBank,NA,"Barzon,L., Pacenti,M., Montarsi,F., Fornasiero,D., Gobbo,F., Quaranta,E., Monne,I., Fusaro,A., Volpe,A., Sinigaglia,A., Riccetti,S., Molin,E.D., Satto,S., Lisi,V., Gobbi,F., Galante,S., Feltrin,G., Valeriano,V., Favero,L., Russo,F., Mazzucato,M., Bortolami,A., Mulatti,P., Terregino,C., Capelli,G., Quaranta,E.G., Palumbo,E., Schivo,A., Salviato,A.","Istituto Zooprofilattico Sperimentale delle Venezie, Division of Comparative Biomedical Science",Italy,11/13/22,NA,Orthoflavivirus nilense,10826,complete,Italy,Italy,NA,Homo sapiens,NA,2022,Lineage_1
OP609799,West Nile virus,GenBank,NA,"Barzon,L., Pacenti,M., Montarsi,F., Fornasiero,D., Gobbo,F., Quaranta,E., Monne,I., Fusaro,A., Volpe,A., Sinigaglia,A., Riccetti,S., Molin,E.D., Satto,S., Lisi,V., Gobbi,F., Galante,S., Feltrin,G., Valeriano,V., Favero,L., Russo,F., Mazzucato,M., Bortolami,A., Mulatti,P., Terregino,C., Capelli,G., Quaranta,E.G., Palumbo,E., Schivo,A., Salviato,A.","Istituto Zooprofilattico Sperimentale delle Venezie, Division of Comparative Biomedical Science",Italy,11/13/22,NA,Orthoflavivirus nilense,10813,complete,Italy,Italy,NA,Larus michahellis,NA,7/1/22,Lineage_1
OP609800,West Nile virus,GenBank,NA,"Barzon,L., Pacenti,M., Montarsi,F., Fornasiero,D., Gobbo,F., Quaranta,E., Monne,I., Fusaro,A., Volpe,A., Sinigaglia,A., Riccetti,S., Molin,E.D., Satto,S., Lisi,V., Gobbi,F., Galante,S., Feltrin,G., Valeriano,V., Favero,L., Russo,F., Mazzucato,M., Bortolami,A., Mulatti,P., Terregino,C., Capelli,G., Quaranta,E.G., Palumbo,E., Schivo,A., Salviato,A.","Istituto Zooprofilattico Sperimentale delle Venezie, Division of Comparative Biomedical Science",Italy,11/13/22,NA,Orthoflavivirus nilense,10826,complete,Italy,Italy,NA,Passer domesticus,NA,7/4/22,Lineage_1
OP609801,West Nile virus,GenBank,NA,"Barzon,L., Pacenti,M., Montarsi,F., Fornasiero,D., Gobbo,F., Quaranta,E., Monne,I., Fusaro,A., Volpe,A., Sinigaglia,A., Riccetti,S., Molin,E.D., Satto,S., Lisi,V., Gobbi,F., Galante,S., Feltrin,G., Valeriano,V., Favero,L., Russo,F., Mazzucato,M., Bortolami,A., Mulatti,P., Terregino,C., Capelli,G., Quaranta,E.G., Palumbo,E., Schivo,A., Salviato,A.","Istituto Zooprofilattico Sperimentale delle Venezie, Division of Comparative Biomedical Science",Italy,11/13/22,NA,Orthoflavivirus nilense,10825,complete,Italy,Italy,NA,Turdus merula,NA,7/8/22,Lineage_1
OP609802,West Nile virus,GenBank,NA,"Barzon,L., Pacenti,M., Montarsi,F., Fornasiero,D., Gobbo,F., Quaranta,E., Monne,I., Fusaro,A., Volpe,A., Sinigaglia,A., Riccetti,S., Molin,E.D., Satto,S., Lisi,V., Gobbi,F., Galante,S., Feltrin,G., Valeriano,V., Favero,L., Russo,F., Mazzucato,M., Bortolami,A., Mulatti,P., Terregino,C., Capelli,G., Quaranta,E.G., Palumbo,E., Schivo,A., Salviato,A.","Istituto Zooprofilattico Sperimentale delle Venezie, Division of Comparative Biomedical Science",Italy,11/13/22,NA,Orthoflavivirus nilense,10824,complete,Italy,Italy,NA,Athene noctua,NA,7/12/22,Lineage_1
OP609803,West Nile virus,GenBank,NA,"Barzon,L., Pacenti,M., Montarsi,F., Fornasiero,D., Gobbo,F., Quaranta,E., Monne,I., Fusaro,A., Volpe,A., Sinigaglia,A., Riccetti,S., Molin,E.D., Satto,S., Lisi,V., Gobbi,F., Galante,S., Feltrin,G., Valeriano,V., Favero,L., Russo,F., Mazzucato,M., Bortolami,A., Mulatti,P., Terregino,C., Capelli,G., Quaranta,E.G., Palumbo,E., Schivo,A., Salviato,A.","Istituto Zooprofilattico Sperimentale delle Venezie, Division of Comparative Biomedical Science",Italy,11/13/22,NA,Orthoflavivirus nilense,10827,complete,Italy,Italy,NA,Pica pica,NA,7/14/22,Lineage_1
OP609804,West Nile virus,GenBank,NA,"Barzon,L., Pacenti,M., Montarsi,F., Fornasiero,D., Gobbo,F., Quaranta,E., Monne,I., Fusaro,A., Volpe,A., Sinigaglia,A., Riccetti,S., Molin,E.D., Satto,S., Lisi,V., Gobbi,F., Galante,S., Feltrin,G., Valeriano,V., Favero,L., Russo,F., Mazzucato,M., Bortolami,A., Mulatti,P., Terregino,C., Capelli,G., Quaranta,E.G., Palumbo,E., Schivo,A., Salviato,A.","Istituto Zooprofilattico Sperimentale delle Venezie, Division of Comparative Biomedical Science",Italy,11/13/22,NA,Orthoflavivirus nilense,10826,complete,Italy,Italy,NA,Garrulus glandarius,NA,7/20/22,Lineage_1
OP609805,West Nile virus,GenBank,NA,"Barzon,L., Pacenti,M., Montarsi,F., Fornasiero,D., Gobbo,F., Quaranta,E., Monne,I., Fusaro,A., Volpe,A., Sinigaglia,A., Riccetti,S., Molin,E.D., Satto,S., Lisi,V., Gobbi,F., Galante,S., Feltrin,G., Valeriano,V., Favero,L., Russo,F., Mazzucato,M., Bortolami,A., Mulatti,P., Terregino,C., Capelli,G., Quaranta,E.G., Palumbo,E., Schivo,A., Salviato,A.","Istituto Zooprofilattico Sperimentale delle Venezie, Division of Comparative Biomedical Science",Italy,11/13/22,NA,Orthoflavivirus nilense,10826,complete,Italy,Italy,NA,Columba palumbus,NA,7/20/22,Lineage_1
OP609806,West Nile virus,GenBank,NA,"Barzon,L., Pacenti,M., Montarsi,F., Fornasiero,D., Gobbo,F., Quaranta,E., Monne,I., Fusaro,A., Volpe,A., Sinigaglia,A., Riccetti,S., Molin,E.D., Satto,S., Lisi,V., Gobbi,F., Galante,S., Feltrin,G., Valeriano,V., Favero,L., Russo,F., Mazzucato,M., Bortolami,A., Mulatti,P., Terregino,C., Capelli,G., Quaranta,E.G., Palumbo,E., Schivo,A., Salviato,A.","Istituto Zooprofilattico Sperimentale delle Venezie, Division of Comparative Biomedical Science",Italy,11/13/22,NA,Orthoflavivirus nilense,10826,complete,Italy,Italy,NA,Egretta garzetta,NA,7/29/22,Lineage_1
OP609807,West Nile virus,GenBank,NA,"Barzon,L., Pacenti,M., Montarsi,F., Fornasiero,D., Gobbo,F., Quaranta,E., Monne,I., Fusaro,A., Volpe,A., Sinigaglia,A., Riccetti,S., Molin,E.D., Satto,S., Lisi,V., Gobbi,F., Galante,S., Feltrin,G., Valeriano,V., Favero,L., Russo,F., Mazzucato,M., Bortolami,A., Mulatti,P., Terregino,C., Capelli,G., Quaranta,E.G., Palumbo,E., Schivo,A., Salviato,A.","Istituto Zooprofilattico Sperimentale delle Venezie, Division of Comparative Biomedical Science",Italy,11/13/22,NA,Orthoflavivirus nilense,10826,complete,Italy,Italy,NA,Pica pica,NA,7/29/22,Lineage_1
OP609808,West Nile virus,GenBank,NA,"Barzon,L., Pacenti,M., Montarsi,F., Fornasiero,D., Gobbo,F., Quaranta,E., Monne,I., Fusaro,A., Volpe,A., Sinigaglia,A., Riccetti,S., Molin,E.D., Satto,S., Lisi,V., Gobbi,F., Galante,S., Feltrin,G., Valeriano,V., Favero,L., Russo,F., Mazzucato,M., Bortolami,A., Mulatti,P., Terregino,C., Capelli,G., Quaranta,E.G., Palumbo,E., Schivo,A., Salviato,A.","Istituto Zooprofilattico Sperimentale delle Venezie, Division of Comparative Biomedical Science",Italy,11/13/22,NA,Orthoflavivirus nilense,10826,complete,Italy,Italy,NA,Pica pica,NA,7/29/22,Lineage_1
OP609809,West Nile virus,GenBank,NA,"Barzon,L., Pacenti,M., Montarsi,F., Fornasiero,D., Gobbo,F., Quaranta,E., Monne,I., Fusaro,A., Volpe,A., Sinigaglia,A., Riccetti,S., Molin,E.D., Satto,S., Lisi,V., Gobbi,F., Galante,S., Feltrin,G., Valeriano,V., Favero,L., Russo,F., Mazzucato,M., Bortolami,A., Mulatti,P., Terregino,C., Capelli,G., Quaranta,E.G., Palumbo,E., Schivo,A., Salviato,A.","Istituto Zooprofilattico Sperimentale delle Venezie, Division of Comparative Biomedical Science",Italy,11/13/22,NA,Orthoflavivirus nilense,10826,complete,Italy,Italy,NA,Corvus cornix,NA,8/3/22,Lineage_1
OP609810,West Nile virus,GenBank,NA,"Barzon,L., Pacenti,M., Montarsi,F., Fornasiero,D., Gobbo,F., Quaranta,E., Monne,I., Fusaro,A., Volpe,A., Sinigaglia,A., Riccetti,S., Molin,E.D., Satto,S., Lisi,V., Gobbi,F., Galante,S., Feltrin,G., Valeriano,V., Favero,L., Russo,F., Mazzucato,M., Bortolami,A., Mulatti,P., Terregino,C., Capelli,G., Quaranta,E.G., Palumbo,E., Schivo,A., Salviato,A.","Istituto Zooprofilattico Sperimentale delle Venezie, Division of Comparative Biomedical Science",Italy,11/13/22,NA,Orthoflavivirus nilense,10826,complete,Italy,Italy,NA,Culex pipiens,NA,8/4/22,Lineage_1
OP609811,West Nile virus,GenBank,NA,"Barzon,L., Pacenti,M., Montarsi,F., Fornasiero,D., Gobbo,F., Quaranta,E., Monne,I., Fusaro,A., Volpe,A., Sinigaglia,A., Riccetti,S., Molin,E.D., Satto,S., Lisi,V., Gobbi,F., Galante,S., Feltrin,G., Valeriano,V., Favero,L., Russo,F., Mazzucato,M., Bortolami,A., Mulatti,P., Terregino,C., Capelli,G., Quaranta,E.G., Palumbo,E., Schivo,A., Salviato,A.","Istituto Zooprofilattico Sperimentale delle Venezie, Division of Comparative Biomedical Science",Italy,11/13/22,NA,Orthoflavivirus nilense,10825,complete,Italy,Italy,NA,Equus caballus,NA,8/4/22,Lineage_1
OP609812,West Nile virus,GenBank,NA,"Barzon,L., Pacenti,M., Montarsi,F., Fornasiero,D., Gobbo,F., Quaranta,E., Monne,I., Fusaro,A., Volpe,A., Sinigaglia,A., Riccetti,S., Molin,E.D., Satto,S., Lisi,V., Gobbi,F., Galante,S., Feltrin,G., Valeriano,V., Favero,L., Russo,F., Mazzucato,M., Bortolami,A., Mulatti,P., Terregino,C., Capelli,G., Quaranta,E.G., Palumbo,E., Schivo,A., Salviato,A.","Istituto Zooprofilattico Sperimentale delle Venezie, Division of Comparative Biomedical Science",Italy,11/13/22,NA,Orthoflavivirus nilense,10818,complete,Italy,Italy,NA,Corvus cornix,NA,8/7/22,Lineage_1
OP609813,West Nile virus,GenBank,NA,"Barzon,L., Pacenti,M., Montarsi,F., Fornasiero,D., Gobbo,F., Quaranta,E., Monne,I., Fusaro,A., Volpe,A., Sinigaglia,A., Riccetti,S., Molin,E.D., Satto,S., Lisi,V., Gobbi,F., Galante,S., Feltrin,G., Valeriano,V., Favero,L., Russo,F., Mazzucato,M., Bortolami,A., Mulatti,P., Terregino,C., Capelli,G., Quaranta,E.G., Palumbo,E., Schivo,A., Salviato,A.","Istituto Zooprofilattico Sperimentale delle Venezie, Division of Comparative Biomedical Science",Italy,11/13/22,NA,Orthoflavivirus nilense,10827,complete,Italy,Italy,NA,Culex pipiens,NA,8/9/22,Lineage_1
OP609814,West Nile virus,GenBank,NA,"Barzon,L., Pacenti,M., Montarsi,F., Fornasiero,D., Gobbo,F., Quaranta,E., Monne,I., Fusaro,A., Volpe,A., Sinigaglia,A., Riccetti,S., Molin,E.D., Satto,S., Lisi,V., Gobbi,F., Galante,S., Feltrin,G., Valeriano,V., Favero,L., Russo,F., Mazzucato,M., Bortolami,A., Mulatti,P., Terregino,C., Capelli,G., Quaranta,E.G., Palumbo,E., Schivo,A., Salviato,A.","Istituto Zooprofilattico Sperimentale delle Venezie, Division of Comparative Biomedical Science",Italy,11/13/22,NA,Orthoflavivirus nilense,10826,complete,Italy,Italy,NA,Culex pipiens,NA,8/11/22,Lineage_1
OP609815,West Nile virus,GenBank,NA,"Barzon,L., Pacenti,M., Montarsi,F., Fornasiero,D., Gobbo,F., Quaranta,E., Monne,I., Fusaro,A., Volpe,A., Sinigaglia,A., Riccetti,S., Molin,E.D., Satto,S., Lisi,V., Gobbi,F., Galante,S., Feltrin,G., Valeriano,V., Favero,L., Russo,F., Mazzucato,M., Bortolami,A., Mulatti,P., Terregino,C., Capelli,G., Quaranta,E.G., Palumbo,E., Schivo,A., Salviato,A.","Istituto Zooprofilattico Sperimentale delle Venezie, Division of Comparative Biomedical Science",Italy,11/13/22,NA,Orthoflavivirus nilense,10827,complete,Italy,Italy,NA,Corvus cornix,NA,8/17/22,Lineage_1
MZ268007,West Nile virus,GenBank,NA,"Van Der Veer,B., Eggink,D., Sprong,H., De Vries,A., Braks,M., Welkers,M., Zwagemaker,F., Stroo,C., Reusken,C.","National Institute for Public Health and the Environment (RIVM), Centre for Infectious Disease Research, Diagnostics and laboratory Surveillance (IDS)",Netherlands,9/18/22,Mosquito_Pool_RIVM001,Orthoflavivirus nilense,10816,complete,Netherlands,Netherlands,NA,Culex,NA,2020-09,Lineage_2
MZ190464,West Nile virus,GenBank,NA,"Dreshaj,S., Jakupi,X., Sherifi,K., Gjikolli,B., Hasani,N., Shala,N., Hemmer,C., Von Possel,R., Emmerich,P., Tomazatos,A., Cadar,D.","Bernhard Nocht Institute for Tropical Medicine, Arbovirology",NA,9/17/22,Kosovo_1_2018,Orthoflavivirus nilense,10688,complete,Kosovo,Kosovo,NA,Homo sapiens,NA,2018-09,Lineage_2
MZ190465,West Nile virus,GenBank,NA,"Dreshaj,S., Jakupi,X., Sherifi,K., Gjikolli,B., Hasani,N., Shala,N., Hemmer,C., Von Possel,R., Emmerich,P., Tomazatos,A., Cadar,D.","Bernhard Nocht Institute for Tropical Medicine, Arbovirology",NA,9/17/22,Kosovo_2_2018,Orthoflavivirus nilense,10500,complete,Kosovo,Kosovo,NA,Homo sapiens,NA,2018-09,Lineage_2
MZ190466,West Nile virus,GenBank,NA,"Dreshaj,S., Jakupi,X., Sherifi,K., Gjikolli,B., Hasani,N., Shala,N., Hemmer,C., Von Possel,R., Emmerich,P., Tomazatos,A., Cadar,D.","Bernhard Nocht Institute for Tropical Medicine, Arbovirology",NA,9/17/22,Kosovo_3_2018,Orthoflavivirus nilense,10871,complete,Kosovo,Kosovo,NA,Homo sapiens,NA,2018-09,Lineage_2
MZ190467,West Nile virus,GenBank,NA,"Dreshaj,S., Jakupi,X., Sherifi,K., Gjikolli,B., Hasani,N., Shala,N., Hemmer,C., Von Possel,R., Emmerich,P., Tomazatos,A., Cadar,D.","Bernhard Nocht Institute for Tropical Medicine, Arbovirology",NA,9/17/22,Kosovo_4_2018,Orthoflavivirus nilense,10762,complete,Kosovo,Kosovo,NA,Homo sapiens,NA,2018-09,Lineage_2
OK239658,West Nile virus,GenBank,NA,"Nagy,A., Horvath,A.","National Public Health Center, National Reference Laboratory for Viral Zoonoses",Hungary,9/17/22,3731_HUN2018,Orthoflavivirus nilense,10966,complete,Hungary: Hajduszoboszlo,Hungary,NA,Homo sapiens,NA,2018,Lineage_2
OK239659,West Nile virus,GenBank,NA,"Nagy,A., Horvath,A.","National Public Health Center, National Reference Laboratory for Viral Zoonoses",Hungary,9/17/22,3970_HUN2018,Orthoflavivirus nilense,10966,complete,Hungary: Kecskemet,Hungary,NA,Homo sapiens,NA,2018,Lineage_2
OK239660,West Nile virus,GenBank,NA,"Nagy,A., Horvath,A.","National Public Health Center, National Reference Laboratory for Viral Zoonoses",Hungary,9/17/22,4114_HUN2018,Orthoflavivirus nilense,10966,complete,Hungary: Budapest,Hungary,NA,Homo sapiens,NA,2018,Lineage_2
OK239661,West Nile virus,GenBank,NA,"Nagy,A., Horvath,A.","National Public Health Center, National Reference Laboratory for Viral Zoonoses",Hungary,9/17/22,4313_HUN2018,Orthoflavivirus nilense,10966,complete,Hungary: Oroshaza,Hungary,NA,Homo sapiens,NA,2018,Lineage_2
OK239662,West Nile virus,GenBank,NA,"Nagy,A., Horvath,A.","National Public Health Center, National Reference Laboratory for Viral Zoonoses",Hungary,9/17/22,4566_HUN2018,Orthoflavivirus nilense,10966,complete,Hungary: Kiskunhalas,Hungary,NA,Homo sapiens,urine,2018,Lineage_2
OK239663,West Nile virus,GenBank,NA,"Nagy,A., Horvath,A.","National Public Health Center, National Reference Laboratory for Viral Zoonoses",Hungary,9/17/22,4599_HUN2019,Orthoflavivirus nilense,10966,complete,Hungary: Nyiregyhaza,Hungary,NA,Homo sapiens,urine,2018,Lineage_2
OK239664,West Nile virus,GenBank,NA,"Nagy,A., Horvath,A.","National Public Health Center, National Reference Laboratory for Viral Zoonoses",Hungary,9/17/22,4619_HUN2018,Orthoflavivirus nilense,10966,complete,Hungary: Dunaujvaros,Hungary,NA,Homo sapiens,NA,2018,Lineage_2
OK239665,West Nile virus,GenBank,NA,"Nagy,A., Horvath,A.","National Public Health Center, National Reference Laboratory for Viral Zoonoses",Hungary,9/17/22,4656_HUN2018,Orthoflavivirus nilense,10966,complete,Hungary: Debrecen,Hungary,NA,Homo sapiens,urine,2018,Lineage_2
OK239666,West Nile virus,GenBank,NA,"Nagy,A., Horvath,A.","National Public Health Center, National Reference Laboratory for Viral Zoonoses",Hungary,9/17/22,4677_HUN2018,Orthoflavivirus nilense,10966,complete,Hungary: Bekescsaba,Hungary,NA,Homo sapiens,urine,2018,Lineage_2
OK239668,West Nile virus,GenBank,NA,"Nagy,A., Horvath,A.","National Public Health Center, National Reference Laboratory for Viral Zoonoses",Hungary,9/17/22,5132_HUN2018,Orthoflavivirus nilense,10966,complete,Hungary: Jaszbereny,Hungary,NA,Homo sapiens,urine,2018,Lineage_2
OK239669,West Nile virus,GenBank,NA,"Nagy,A., Horvath,A.","National Public Health Center, National Reference Laboratory for Viral Zoonoses",Hungary,9/17/22,5204_HUN2017,Orthoflavivirus nilense,10943,complete,Hungary: Jaszkiser,Hungary,NA,Homo sapiens,NA,2017,Lineage_2
OK239670,West Nile virus,GenBank,NA,"Nagy,A., Horvath,A.","National Public Health Center, National Reference Laboratory for Viral Zoonoses",Hungary,9/17/22,4637_HUN2018,Orthoflavivirus nilense,10966,complete,Hungary: Hajduszoboszlo,Hungary,NA,Homo sapiens,NA,2018,Lineage_2
OK239671,West Nile virus,GenBank,NA,"Nagy,A., Horvath,A.","National Public Health Center, National Reference Laboratory for Viral Zoonoses",Hungary,9/17/22,5777_HUN2018,Orthoflavivirus nilense,10966,complete,Hungary: Ujtelek,Hungary,NA,Homo sapiens,urine,2018,Lineage_2
OK239672,West Nile virus,GenBank,NA,"Nagy,A., Horvath,A.","National Public Health Center, National Reference Laboratory for Viral Zoonoses",Hungary,9/17/22,5981_HUN2018,Orthoflavivirus nilense,10966,complete,Hungary: Tiszaluc,Hungary,NA,Homo sapiens,blood,2018,Lineage_2
OP009520,West Nile virus,GenBank,NA,"Barzon,L., Montarsi,F., Quaranta,E., Monne,I., Pacenti,M., Michelutti,A., Toniolo,F., Danesi,P., Marchetti,G., Gobbo,F., Sinigaglia,A., Riccetti,S., Dal Molin,E., Favero,L., Russo,F., Capelli,G., Quaranta,E.G., Palumbo,E., Schivo,A., Salviato,A.","Istituto Zooprofilattico Sperimentale delle Venezie, Division of Comparative Biomedical Science",Italy,8/23/22,NA,Orthoflavivirus nilense,10827,complete,Italy,Italy,NA,Streptopelia decaocto,NA,2021,Lineage_1
OP009521,West Nile virus,GenBank,NA,"Barzon,L., Montarsi,F., Quaranta,E., Monne,I., Pacenti,M., Michelutti,A., Toniolo,F., Danesi,P., Marchetti,G., Gobbo,F., Sinigaglia,A., Riccetti,S., Dal Molin,E., Favero,L., Russo,F., Capelli,G., Quaranta,E.G., Palumbo,E., Schivo,A., Salviato,A.","Istituto Zooprofilattico Sperimentale delle Venezie, Division of Comparative Biomedical Science",Italy,8/23/22,NA,Orthoflavivirus nilense,10827,complete,Italy,Italy,NA,Culex pipiens,NA,8/23/21,Lineage_1
OP009523,West Nile virus,GenBank,NA,"Barzon,L., Montarsi,F., Quaranta,E., Monne,I., Pacenti,M., Michelutti,A., Toniolo,F., Danesi,P., Marchetti,G., Gobbo,F., Sinigaglia,A., Riccetti,S., Dal Molin,E., Favero,L., Russo,F., Capelli,G., Quaranta,E.G., Palumbo,E., Schivo,A., Salviato,A.","Istituto Zooprofilattico Sperimentale delle Venezie, Division of Comparative Biomedical Science",Italy,8/23/22,NA,Orthoflavivirus nilense,10827,complete,Italy,Italy,NA,Culex pipiens,NA,8/16/21,Lineage_1
OP009524,West Nile virus,GenBank,NA,"Barzon,L., Montarsi,F., Quaranta,E., Monne,I., Pacenti,M., Michelutti,A., Toniolo,F., Danesi,P., Marchetti,G., Gobbo,F., Sinigaglia,A., Riccetti,S., Dal Molin,E., Favero,L., Russo,F., Capelli,G., Quaranta,E.G., Palumbo,E., Schivo,A., Salviato,A.","Istituto Zooprofilattico Sperimentale delle Venezie, Division of Comparative Biomedical Science",Italy,8/23/22,NA,Orthoflavivirus nilense,10827,complete,Italy,Italy,NA,Culex pipiens,NA,8/16/21,Lineage_1
OP009525,West Nile virus,GenBank,NA,"Barzon,L., Montarsi,F., Quaranta,E., Monne,I., Pacenti,M., Michelutti,A., Toniolo,F., Danesi,P., Marchetti,G., Gobbo,F., Sinigaglia,A., Riccetti,S., Dal Molin,E., Favero,L., Russo,F., Capelli,G., Quaranta,E.G., Palumbo,E., Schivo,A., Salviato,A.","Istituto Zooprofilattico Sperimentale delle Venezie, Division of Comparative Biomedical Science",Italy,8/23/22,NA,Orthoflavivirus nilense,10753,complete,Italy,Italy,NA,Culex pipiens,NA,6/21/22,Lineage_1
MW420987,West Nile virus,GenBank,NA,"Costa,E.A., Giovanetti,M., Fonseca,V.S., Aburjaile,F.F., Xavier,J., Catenacci,L., Adelino,T., Iani,F.C.M., Dumon,W., Deforche,K., Lourenco,J., De Oliveira,T., Alcantara,L.C.J.","Fundacao Oswaldo Cruz, Laboratorio de Flavivirus",Brazil,5/8/22,NA,Orthoflavivirus nilense,10960,complete,Brazil: Piaui,Brazil,NA,Equus caballus,NA,8/21/20,Lineage_1
MW420988,West Nile virus,GenBank,NA,"Costa,E.A., Giovanetti,M., Fonseca,V.S., Aburjaile,F.F., Xavier,J., Catenacci,L., Adelino,T., Iani,F.C.M., Dumon,W., Deforche,K., Lourenco,J., De Oliveira,T., Alcantara,L.C.J.","Fundacao Oswaldo Cruz, Laboratorio de Flavivirus",Brazil,5/8/22,NA,Orthoflavivirus nilense,10801,complete,Brazil: Sao Paulo,Brazil,NA,Equus caballus,NA,7/30/19,Lineage_1
OM037670,West Nile virus,GenBank,NA,"Aguilera-Sepulveda,P., Napp,S., Llorente,F., Solano-Manrique,C., Molina-Lopez,R., Obon,E., Sole,A., Jimenez-Clavero,M.A., Fernandez-Pinero,J., Busquets,N.","Instituto Nacional de Investigacion y Tecnologia Agraria y Alimentaria (INIA), Centro de Investigacion en Sanidad Animal (CISA)",Spain,4/6/22,Spain/2017/Northern_goshawk/AC568,Orthoflavivirus nilense,10972,complete,"Spain: Lerida, Catalonia",Spain,NA,Accipiter gentilis,brain,2017-09,Lineage_2
OM037671,West Nile virus,GenBank,NA,"Aguilera-Sepulveda,P., Napp,S., Llorente,F., Solano-Manrique,C., Molina-Lopez,R., Obon,E., Sole,A., Jimenez-Clavero,M.A., Fernandez-Pinero,J., Busquets,N.","Instituto Nacional de Investigacion y Tecnologia Agraria y Alimentaria (INIA), Centro de Investigacion en Sanidad Animal (CISA)",Spain,4/6/22,Spain/2020/Northern_goshawk/AC913,Orthoflavivirus nilense,10957,complete,"Spain: Lerida, Catalonia",Spain,NA,Accipiter gentilis,brain,2020-09,Lineage_2
OM037672,West Nile virus,GenBank,NA,"Aguilera-Sepulveda,P., Napp,S., Llorente,F., Solano-Manrique,C., Molina-Lopez,R., Obon,E., Sole,A., Jimenez-Clavero,M.A., Fernandez-Pinero,J., Busquets,N.","Instituto Nacional de Investigacion y Tecnologia Agraria y Alimentaria (INIA), Centro de Investigacion en Sanidad Animal (CISA)",Spain,4/6/22,Spain/2020/Northern_goshawk/AC923,Orthoflavivirus nilense,10975,complete,"Spain: Tarragona, Catalonia",Spain,NA,Accipiter gentilis,brain,2020-09,Lineage_2
OM037673,West Nile virus,GenBank,NA,"Aguilera-Sepulveda,P., Napp,S., Llorente,F., Solano-Manrique,C., Molina-Lopez,R., Obon,E., Sole,A., Jimenez-Clavero,M.A., Fernandez-Pinero,J., Busquets,N.","Instituto Nacional de Investigacion y Tecnologia Agraria y Alimentaria (INIA), Centro de Investigacion en Sanidad Animal (CISA)",Spain,4/6/22,Spain/2020/Northern_goshawk/AC924,Orthoflavivirus nilense,10973,complete,"Spain: Tarragona, Catalonia",Spain,NA,Accipiter gentilis,brain,2020-09,Lineage_2
OK631659,West Nile virus,GenBank,NA,"Bialosuknia,S.M., Dupuis,A.P. II, Zink,S.D., Koetzner,C.A., Maffei,J.G., Owen,J.C., Landwerlen,H., Kramer,L.D., Ciota,A.T.","New York State Department of Health, Wadsworth Center, Arbovirus Laboratory",USA,4/3/22,13141366,Orthoflavivirus nilense,11019,complete,"USA: Erie County, NY",USA,NY,NA,NA,8/20/13,Lineage_1
OK631660,West Nile virus,GenBank,NA,"Bialosuknia,S.M., Dupuis,A.P. II, Zink,S.D., Koetzner,C.A., Maffei,J.G., Owen,J.C., Landwerlen,H., Kramer,L.D., Ciota,A.T.","New York State Department of Health, Wadsworth Center, Arbovirus Laboratory",USA,4/3/22,15290503,Orthoflavivirus nilense,11022,complete,"USA: Nassau County, NY",USA,NY,NA,NA,9/15/15,Lineage_1
OK631661,West Nile virus,GenBank,NA,"Bialosuknia,S.M., Dupuis,A.P. II, Zink,S.D., Koetzner,C.A., Maffei,J.G., Owen,J.C., Landwerlen,H., Kramer,L.D., Ciota,A.T.","New York State Department of Health, Wadsworth Center, Arbovirus Laboratory",USA,4/3/22,16141253,Orthoflavivirus nilense,11006,complete,"USA: Erie County, NY",USA,NY,NA,NA,9/7/16,Lineage_1
MZ595324,West Nile virus,GenBank,NA,"Fay,R.L., Ngo,K.A., Kuo,L., Willsey,G.G., Kramer,L.D., Ciota,A.T.","Wadsworth Center, Division of Infectious Diseases",USA,2/1/22,25 A P1,Orthoflavivirus nilense,11029,complete,USA,USA,NA,NA,NA,NA,Lineage_1
MZ595326,West Nile virus,GenBank,NA,"Fay,R.L., Ngo,K.A., Kuo,L., Willsey,G.G., Kramer,L.D., Ciota,A.T.","Wadsworth Center, Division of Infectious Diseases",USA,2/1/22,25 A P6,Orthoflavivirus nilense,11029,complete,USA,USA,NA,NA,NA,NA,Lineage_1
MZ595327,West Nile virus,GenBank,NA,"Fay,R.L., Ngo,K.A., Kuo,L., Willsey,G.G., Kramer,L.D., Ciota,A.T.","Wadsworth Center, Division of Infectious Diseases",USA,2/1/22,25 A P12,Orthoflavivirus nilense,11029,complete,USA,USA,NA,NA,NA,NA,Lineage_1
MZ595329,West Nile virus,GenBank,NA,"Fay,R.L., Ngo,K.A., Kuo,L., Willsey,G.G., Kramer,L.D., Ciota,A.T.","Wadsworth Center, Division of Infectious Diseases",USA,2/1/22,25 B P3,Orthoflavivirus nilense,11029,complete,USA,USA,NA,NA,NA,NA,Lineage_1
MZ595331,West Nile virus,GenBank,NA,"Fay,R.L., Ngo,K.A., Kuo,L., Willsey,G.G., Kramer,L.D., Ciota,A.T.","Wadsworth Center, Division of Infectious Diseases",USA,2/1/22,25 B P12,Orthoflavivirus nilense,11029,complete,USA,USA,NA,NA,NA,NA,Lineage_1
MZ595334,West Nile virus,GenBank,NA,"Fay,R.L., Ngo,K.A., Kuo,L., Willsey,G.G., Kramer,L.D., Ciota,A.T.","Wadsworth Center, Division of Infectious Diseases",USA,2/1/22,30 A P6,Orthoflavivirus nilense,11029,complete,USA,USA,NA,NA,NA,NA,Lineage_1
MZ595335,West Nile virus,GenBank,NA,"Fay,R.L., Ngo,K.A., Kuo,L., Willsey,G.G., Kramer,L.D., Ciota,A.T.","Wadsworth Center, Division of Infectious Diseases",USA,2/1/22,30 A P12,Orthoflavivirus nilense,11029,complete,USA,USA,NA,NA,NA,NA,Lineage_1
MZ595339,West Nile virus,GenBank,NA,"Fay,R.L., Ngo,K.A., Kuo,L., Willsey,G.G., Kramer,L.D., Ciota,A.T.","Wadsworth Center, Division of Infectious Diseases",USA,2/1/22,30 B P12,Orthoflavivirus nilense,11029,complete,USA,USA,NA,NA,NA,NA,Lineage_1
MN238669,West Nile virus,GenBank,NA,"Shahhosseini,N., Kayedi,M.H.","Laval University, Medicne",Canada,12/23/21,Lorestan1,Orthoflavivirus nilense,11013,complete,Iran,Iran,NA,Culex pipiens,NA,2017,Lineage_2
MN238670,West Nile virus,GenBank,NA,"Shahhosseini,N., Kayedi,M.H.","Laval University, Medicne",Canada,12/23/21,Lorestna2,Orthoflavivirus nilense,11013,complete,Iran,Iran,NA,Culex theileri,NA,2018,Lineage_2
MW915462,West Nile virus,GenBank,NA,"Aguilera-Sepulveda,P., Gomez-Martin,B., Aguero,M., Jimenez-Clavero,M.A., Fernandez-Pinero,J.","Instituto Nacional de Investigacion y Tecnologia Agraria y Alimentaria (INIA), Centro de Investigacion en Sanidad Animal (CISA)",Spain,12/5/21,Spain/2017/NG-b,Orthoflavivirus nilense,10919,complete,"Spain: Manilva, Malaga",Spain,NA,Accipiter gentilis,brain,2017-09,Lineage_1
LR989888,West Nile virus,GenBank,NA,NA,"Friedrich-Loeffler-Institute, Federal Research Institute for Animal Health, Institute of Diagnostic Virology, Suedufer 10, Greifswald - Insel Riems, Mecklenburg - Western Pomerania, 17493",Germany,11/25/21,ED-I-119/19,Orthoflavivirus nilense,11046,complete,Germany,Germany,NA,Larus crassirostris,NA,2019,Lineage_2
OU953895,West Nile virus,GenBank,NA,"Perez-Florido,J.","Clinical Bioinformatics Area, Hospital Virgen del Rocio, Avenida Manuel Siurot s/n, 41003",Spain,11/5/21,not_provided,Orthoflavivirus nilense,10886,complete,Spain,Spain,NA,Homo sapiens,NA,NA,Lineage_1
OU953896,West Nile virus,GenBank,NA,"Perez-Florido,J.","Clinical Bioinformatics Area, Hospital Virgen del Rocio, Avenida Manuel Siurot s/n, 41003",Spain,11/5/21,not_provided,Orthoflavivirus nilense,10885,complete,Spain,Spain,NA,Homo sapiens,NA,NA,Lineage_1
OU953897,West Nile virus,GenBank,NA,"Perez-Florido,J.","Clinical Bioinformatics Area, Hospital Virgen del Rocio, Avenida Manuel Siurot s/n, 41003",Spain,11/5/21,not_provided,Orthoflavivirus nilense,10884,complete,Spain,Spain,NA,Homo sapiens,NA,NA,Lineage_1
MW561633,West Nile virus,GenBank,NA,"Penazziova,K., Korytar,L., Pastorek,P., Pistl,J., Rusnakova,D., Szemes,T., Cabanova,V., Lickova,M., Borsova,K., Klempa,B., Csank,T.","University of Veterinary Medicine and Pharmacy in Kosice, Department of Microbiology and Immunology",Slovakia,8/18/21,769.B/2018/Kavecany/SVK,Orthoflavivirus nilense,10964,complete,Slovakia,Slovakia,NA,Strix nebulosa lapponica,brain,11/16/18,Lineage_2
MZ605382,West Nile virus,GenBank,NA,"Roth,H., Kress,J., Chudy,M., Bluemel,J., Schmidt-Chanasit,J., Cadar,D., Niedrig,M., Ferenczi,E., Herrmann,M., Baylis,S.A., Miskey,C.","Paul-Ehrlich-Institut, Virology",Germany,7/27/21,Heja,Orthoflavivirus nilense,11028,complete,Hungary,Hungary,NA,Accipiter gentilis,NA,2004,Lineage_2
MW383507,West Nile virus,GenBank,NA,"Guggemos,H.D., Fendt,M., Hieke,C., Heyde,V., Mfune,J.K.E., Borgemeister,C., Junglen,S.","Institute of Virology, Charite - Universitaetsmedizin Berlin",Germany,3/30/21,NA,Orthoflavivirus nilense,10671,complete,Namibia,Namibia,NA,Culex univittatus,NA,2020,Lineage_2
MW383508,West Nile virus,GenBank,NA,"Guggemos,H.D., Fendt,M., Hieke,C., Heyde,V., Mfune,J.K.E., Borgemeister,C., Junglen,S.","Institute of Virology, Charite - Universitaetsmedizin Berlin",Germany,3/30/21,NA,Orthoflavivirus nilense,10886,complete,Namibia,Namibia,NA,Culex univittatus,NA,2020,Lineage_2
MT905060,West Nile virus,GenBank,NA,"Siconelli,M.J.L., Jorge,D.M.M., Castro-Jorge,L.A., Fonseca-Junior,A.A., Nascimento,M.L., Floriano,V.G., Souza,F.R., Queiroz-Junior,E.M., Camargos,M.F., Costa,E.D.L., Carvalho,A.A.B., Fonseca,B.A.L.D., Fonseca,B.A.L.","Ribeirao Preto Medical School - University of Sao Paulo, Internal Medicine Department - Virology Research Center",Brazil,3/23/21,JNESEq804,Orthoflavivirus nilense,10893,complete,"Brazil: Espirito Santo state, Joao Neiva municipality",Brazil,NA,Equus caballus,NA,6/13/19,Lineage_1
MN939557,West Nile virus,GenBank,NA,"Franchin,E., Sinigaglia,A., Pacenti,M., Lavezzo,E., Barzon,L.","University of Padua, Department of Molecular Medicine",Italy,3/22/21,NA,Orthoflavivirus nilense,10996,complete,Italy,Italy,NA,Homo sapiens,NA,2018,Lineage_2
MN939558,West Nile virus,GenBank,NA,"Franchin,E., Sinigaglia,A., Pacenti,M., Lavezzo,E., Barzon,L.","University of Padua, Department of Molecular Medicine",Italy,3/22/21,NA,Orthoflavivirus nilense,10984,complete,Italy,Italy,NA,Homo sapiens,NA,2016,Lineage_2
MN939559,West Nile virus,GenBank,NA,"Franchin,E., Sinigaglia,A., Pacenti,M., Lavezzo,E., Barzon,L.","University of Padua, Department of Molecular Medicine",Italy,3/22/21,NA,Orthoflavivirus nilense,10984,complete,Italy,Italy,NA,Homo sapiens,NA,2016,Lineage_2
MN939560,West Nile virus,GenBank,NA,"Franchin,E., Sinigaglia,A., Pacenti,M., Lavezzo,E., Barzon,L.","University of Padua, Department of Molecular Medicine",Italy,3/22/21,NA,Orthoflavivirus nilense,11003,complete,Italy,Italy,NA,Homo sapiens,NA,2016,Lineage_2
MN939561,West Nile virus,GenBank,NA,"Franchin,E., Sinigaglia,A., Pacenti,M., Lavezzo,E., Barzon,L.","University of Padua, Department of Molecular Medicine",Italy,3/22/21,NA,Orthoflavivirus nilense,11011,complete,Italy,Italy,NA,Homo sapiens,NA,2018,Lineage_2
MN939562,West Nile virus,GenBank,NA,"Franchin,E., Sinigaglia,A., Pacenti,M., Lavezzo,E., Barzon,L.","University of Padua, Department of Molecular Medicine",Italy,3/22/21,NA,Orthoflavivirus nilense,10984,complete,Italy,Italy,NA,Homo sapiens,NA,2018,Lineage_2
MN939563,West Nile virus,GenBank,NA,"Franchin,E., Sinigaglia,A., Pacenti,M., Lavezzo,E., Barzon,L.","University of Padua, Department of Molecular Medicine",Italy,3/22/21,NA,Orthoflavivirus nilense,11008,complete,Italy,Italy,NA,Homo sapiens,NA,2018,Lineage_2
MN939564,West Nile virus,GenBank,NA,"Franchin,E., Sinigaglia,A., Pacenti,M., Lavezzo,E., Barzon,L.","University of Padua, Department of Molecular Medicine",Italy,3/22/21,NA,Orthoflavivirus nilense,11008,complete,Italy,Italy,NA,Homo sapiens,NA,2016,Lineage_2
MK947397,West Nile virus,GenBank,NA,"Zakotnik,S., Korva,M., Knap,N., Sagadin,M., Zorec,T.M., Avsic Zupanc,T.","Institute of Microbiology and Immunology, Faculty of Medicine, University of Ljubljana, Laboratory for Diagnostics of Zoonoses and WHO Centre",Slovenia,11/29/20,WNV-2950,Orthoflavivirus nilense,11017,complete,Slovenia,Slovenia,NA,Homo sapiens,urine,8/23/18,Lineage_2
MW142223,West Nile virus,GenBank,NA,"Pietsch,C., Michalski,D., Munch,J., Petros,S., Bergs,S., Trawinski,H., Lubbert,C., Liebert,U.G.","Leipzig University Hospital, Institute of Virologie",Germany,11/29/20,LE2/2020/Leipzig/Germany,Orthoflavivirus nilense,11005,complete,Germany,Germany,NA,Homo sapiens,NA,2020-08,Lineage_2
MW142224,West Nile virus,GenBank,NA,"Pietsch,C., Michalski,D., Munch,J., Petros,S., Bergs,S., Trawinski,H., Lubbert,C., Liebert,U.G.","Leipzig University Hospital, Institute of Virologie",Germany,11/29/20,LE3/2020/Leipzig/Germany,Orthoflavivirus nilense,11005,complete,Germany,Germany,NA,Homo sapiens,NA,2020-08,Lineage_2
MW142226,West Nile virus,GenBank,NA,"Pietsch,C., Michalski,D., Munch,J., Petros,S., Bergs,S., Trawinski,H., Lubbert,C., Liebert,U.G.","Leipzig University Hospital, Institute of Virologie",Germany,11/29/20,LE5/2020/Leipzig/Germany,Orthoflavivirus nilense,11005,complete,Germany,Germany,NA,Homo sapiens,NA,2020-08,Lineage_2
MW142227,West Nile virus,GenBank,NA,"Pietsch,C., Michalski,D., Munch,J., Petros,S., Bergs,S., Trawinski,H., Lubbert,C., Liebert,U.G.","Leipzig University Hospital, Institute of Virologie",Germany,11/29/20,LE6/2020/Leipzig/Germany,Orthoflavivirus nilense,11005,complete,Germany,Germany,NA,Homo sapiens,NA,2020-08,Lineage_2
MT863559,West Nile virus,GenBank,NA,"Beck,C., Leparc Goffart,I., Franke,F., Gonzalez,G., Dumarest,M., Lowenski,S., Blanchard,Y., Lucas,P., Lamballerie,X., Grard,G., Durand,G.A., Zientara,S., Tapprest,J., L'Ambert,G., Durand,B., Desvaux,S., Lecollinet,S., de Lamballerie,X.","ANSES, Animal Health Laboratory, Maisons-Alfort",France,11/17/20,Akela/France/2015,Orthoflavivirus nilense,10923,complete,France,France,NA,Equus caballus,NA,10/3/15,Lineage_1
MT863560,West Nile virus,GenBank,NA,"Beck,C., Leparc Goffart,I., Franke,F., Gonzalez,G., Dumarest,M., Lowenski,S., Blanchard,Y., Lucas,P., Lamballerie,X., Grard,G., Durand,G.A., Zientara,S., Tapprest,J., L'Ambert,G., Durand,B., Desvaux,S., Lecollinet,S., de Lamballerie,X.","ANSES, Animal Health Laboratory, Maisons-Alfort",France,11/17/20,6125/France/2018,Orthoflavivirus nilense,10997,complete,France,France,NA,Buteo buteo,NA,9/8/18,Lineage_2
MT863561,West Nile virus,GenBank,NA,"Beck,C., Leparc Goffart,I., Franke,F., Gonzalez,G., Dumarest,M., Lowenski,S., Blanchard,Y., Lucas,P., Lamballerie,X., Grard,G., Durand,G.A., Zientara,S., Tapprest,J., L'Ambert,G., Durand,B., Desvaux,S., Lecollinet,S., de Lamballerie,X.","ANSES, Animal Health Laboratory, Maisons-Alfort",France,11/17/20,7025/France/2018,Orthoflavivirus nilense,10995,complete,France,France,NA,Accipiter gentilis,NA,10/6/18,Lineage_2
MN619801,West Nile virus,GenBank,NA,"Antonov,A.S., Avdyusheva,E.F., Negodenko,A.O., Boroday,N.V., Ustinov,D.V., Luchinin,D.N., Prilepskaya,D.R., Molchanova,E.V., Shpak,I.M.","Volgograd Plague Control Research Institute, Laboratory of bioinformatics",Russia,6/29/20,Volgograd696/18,Orthoflavivirus nilense,11046,complete,Russia: Volgograd region,Russia,NA,Culex pipiens,NA,2018,Lineage_2
MN619802,West Nile virus,GenBank,NA,"Antonov,A.S., Avdyusheva,E.F., Negodenko,A.O., Boroday,N.V., Ustinov,D.V., Luchinin,D.N., Prilepskaya,D.R., Molchanova,E.V., Shpak,I.M.","Volgograd Plague Control Research Institute, Laboratory of bioinformatics",Russia,6/29/20,Volgograd723/18,Orthoflavivirus nilense,11043,complete,Russia: Volgograd region,Russia,NA,Culex pipiens,NA,2018,Lineage_2
MN619803,West Nile virus,GenBank,NA,"Antonov,A.S., Avdyusheva,E.F., Negodenko,A.O., Boroday,N.V., Ustinov,D.V., Luchinin,D.N., Prilepskaya,D.R., Molchanova,E.V., Shpak,I.M.","Volgograd Plague Control Research Institute, Laboratory of bioinformatics",Russia,6/29/20,Volgograd829/18,Orthoflavivirus nilense,11073,complete,Russia: Volgograd region,Russia,NA,Culex pipiens,NA,2018,Lineage_2
MN849176,West Nile virus,GenBank,NA,"Hughes,H.R., Raj,P., Tran,A.","Centers for Disease Control and Prevention, Division of Vector-borne Diseases",USA,6/15/20,2019-DC-66,Orthoflavivirus nilense,10785,complete,USA: Washington DC,USA,DC,Aedes albopictus,NA,2019-09,Lineage_1
LR743421,West Nile virus,GenBank,NA,NA,"Friedrich-Loeffler-Institute, Federal Research Institute for Animal Health, Institute of Diagnostic Virology, Suedufer 10, Greifswald - Insel Riems, Mecklenburg - Western Pomerania, 17493",Germany,6/10/20,ED-I-139_19,Orthoflavivirus nilense,11029,complete,Germany,Germany,NA,Parus major,NA,8/30/19,Lineage_2
LR743422,West Nile virus,GenBank,NA,NA,"Friedrich-Loeffler-Institute, Federal Research Institute for Animal Health, Institute of Diagnostic Virology, Suedufer 10, Greifswald - Insel Riems, Mecklenburg - Western Pomerania, 17493",Germany,6/10/20,ED-I-155_19,Orthoflavivirus nilense,11010,complete,Germany,Germany,NA,Accipiter gentilis,NA,8/26/19,Lineage_2
LR743423,West Nile virus,GenBank,NA,NA,"Friedrich-Loeffler-Institute, Federal Research Institute for Animal Health, Institute of Diagnostic Virology, Suedufer 10, Greifswald - Insel Riems, Mecklenburg - Western Pomerania, 17493",Germany,6/10/20,ED-I-156_19,Orthoflavivirus nilense,11027,complete,Germany,Germany,NA,Accipiter gentilis,NA,8/31/19,Lineage_2
LR743424,West Nile virus,GenBank,NA,NA,"Friedrich-Loeffler-Institute, Federal Research Institute for Animal Health, Institute of Diagnostic Virology, Suedufer 10, Greifswald - Insel Riems, Mecklenburg - Western Pomerania, 17493",Germany,6/10/20,ED-I-85_19,Orthoflavivirus nilense,11079,complete,Germany,Germany,NA,Bubo scandiacus,NA,8/4/19,Lineage_2
LR743425,West Nile virus,GenBank,NA,NA,"Friedrich-Loeffler-Institute, Federal Research Institute for Animal Health, Institute of Diagnostic Virology, Suedufer 10, Greifswald - Insel Riems, Mecklenburg - Western Pomerania, 17493",Germany,6/10/20,ED-I-62_19,Orthoflavivirus nilense,11060,complete,Germany,Germany,NA,Bubo scandiacus,NA,7/3/19,Lineage_2
LR743426,West Nile virus,GenBank,NA,NA,"Friedrich-Loeffler-Institute, Federal Research Institute for Animal Health, Institute of Diagnostic Virology, Suedufer 10, Greifswald - Insel Riems, Mecklenburg - Western Pomerania, 17493",Germany,6/10/20,ED-I-157_19,Orthoflavivirus nilense,11022,complete,Germany,Germany,NA,Bubo scandiacus,NA,8/31/19,Lineage_2
LR743427,West Nile virus,GenBank,NA,NA,"Friedrich-Loeffler-Institute, Federal Research Institute for Animal Health, Institute of Diagnostic Virology, Suedufer 10, Greifswald - Insel Riems, Mecklenburg - Western Pomerania, 17493",Germany,6/10/20,ED-I-148_19,Orthoflavivirus nilense,11019,complete,Germany,Germany,NA,Accipiter gentilis,NA,7/14/19,Lineage_2
LR743428,West Nile virus,GenBank,NA,NA,"Friedrich-Loeffler-Institute, Federal Research Institute for Animal Health, Institute of Diagnostic Virology, Suedufer 10, Greifswald - Insel Riems, Mecklenburg - Western Pomerania, 17493",Germany,6/10/20,ED-I-118_19,Orthoflavivirus nilense,11067,complete,Germany,Germany,NA,Bubo scandiacus,NA,8/18/19,Lineage_2
LR743429,West Nile virus,GenBank,NA,NA,"Friedrich-Loeffler-Institute, Federal Research Institute for Animal Health, Institute of Diagnostic Virology, Suedufer 10, Greifswald - Insel Riems, Mecklenburg - Western Pomerania, 17493",Germany,6/10/20,ED-I-142_18,Orthoflavivirus nilense,10930,complete,Germany,Germany,NA,Strix aluco,NA,9/19/18,Lineage_2
LR743430,West Nile virus,GenBank,NA,NA,"Friedrich-Loeffler-Institute, Federal Research Institute for Animal Health, Institute of Diagnostic Virology, Suedufer 10, Greifswald - Insel Riems, Mecklenburg - Western Pomerania, 17493",Germany,6/10/20,ED-I-89_19,Orthoflavivirus nilense,11025,complete,Germany,Germany,NA,Cyanistes caeruleus,NA,8/8/19,Lineage_2
LR743431,West Nile virus,GenBank,NA,NA,"Friedrich-Loeffler-Institute, Federal Research Institute for Animal Health, Institute of Diagnostic Virology, Suedufer 10, Greifswald - Insel Riems, Mecklenburg - Western Pomerania, 17493",Germany,6/10/20,ED-I-177_19,Orthoflavivirus nilense,11019,complete,Germany,Germany,NA,Pluvialis apricaria,NA,9/4/19,Lineage_2
LR743433,West Nile virus,GenBank,NA,NA,"Friedrich-Loeffler-Institute, Federal Research Institute for Animal Health, Institute of Diagnostic Virology, Suedufer 10, Greifswald - Insel Riems, Mecklenburg - Western Pomerania, 17493",Germany,6/10/20,ED-I-82_18,Orthoflavivirus nilense,11072,complete,Germany,Germany,NA,Accipiter gentilis,NA,9/1/18,Lineage_2
LR743434,West Nile virus,GenBank,NA,NA,"Friedrich-Loeffler-Institute, Federal Research Institute for Animal Health, Institute of Diagnostic Virology, Suedufer 10, Greifswald - Insel Riems, Mecklenburg - Western Pomerania, 17493",Germany,6/10/20,ED-I-114_18,Orthoflavivirus nilense,11079,complete,Germany,Germany,NA,Strix nebulosa,NA,9/3/18,Lineage_2
LR743435,West Nile virus,GenBank,NA,NA,"Friedrich-Loeffler-Institute, Federal Research Institute for Animal Health, Institute of Diagnostic Virology, Suedufer 10, Greifswald - Insel Riems, Mecklenburg - Western Pomerania, 17493",Germany,6/10/20,ED-I-153_19,Orthoflavivirus nilense,11019,complete,Germany,Germany,NA,Accipiter gentilis,NA,8/20/19,Lineage_2
LR743436,West Nile virus,GenBank,NA,NA,"Friedrich-Loeffler-Institute, Federal Research Institute for Animal Health, Institute of Diagnostic Virology, Suedufer 10, Greifswald - Insel Riems, Mecklenburg - Western Pomerania, 17493",Germany,6/10/20,ED-I-89_18,Orthoflavivirus nilense,11069,complete,Germany,Germany,NA,Accipiter gentilis,NA,9/10/18,Lineage_2
LR743442,West Nile virus,GenBank,NA,NA,"Friedrich-Loeffler-Institute, Federal Research Institute for Animal Health, Institute of Diagnostic Virology, Suedufer 10, Greifswald - Insel Riems, Mecklenburg - Western Pomerania, 17493",Germany,6/10/20,ED-I-87_19,Orthoflavivirus nilense,11073,complete,Germany,Germany,NA,Cyanistes caeruleus,NA,8/8/19,Lineage_2
LR743443,West Nile virus,GenBank,NA,NA,"Friedrich-Loeffler-Institute, Federal Research Institute for Animal Health, Institute of Diagnostic Virology, Suedufer 10, Greifswald - Insel Riems, Mecklenburg - Western Pomerania, 17493",Germany,6/10/20,ED-I-107-18,Orthoflavivirus nilense,11068,complete,Germany,Germany,NA,Bubo scandiacus,NA,9/5/18,Lineage_2
LR743444,West Nile virus,GenBank,NA,NA,"Friedrich-Loeffler-Institute, Federal Research Institute for Animal Health, Institute of Diagnostic Virology, Suedufer 10, Greifswald - Insel Riems, Mecklenburg - Western Pomerania, 17493",Germany,6/10/20,ED-I-83_19,Orthoflavivirus nilense,11076,complete,Germany,Germany,NA,Strix nebulosa,NA,8/6/19,Lineage_2
LR743445,West Nile virus,GenBank,NA,NA,"Friedrich-Loeffler-Institute, Federal Research Institute for Animal Health, Institute of Diagnostic Virology, Suedufer 10, Greifswald - Insel Riems, Mecklenburg - Western Pomerania, 17493",Germany,6/10/20,ED-I-172_19,Orthoflavivirus nilense,11029,complete,Germany,Germany,NA,Strix nebulosa,NA,9/3/19,Lineage_2
LR743446,West Nile virus,GenBank,NA,NA,"Friedrich-Loeffler-Institute, Federal Research Institute for Animal Health, Institute of Diagnostic Virology, Suedufer 10, Greifswald - Insel Riems, Mecklenburg - Western Pomerania, 17493",Germany,6/10/20,ED-I-109_19,Orthoflavivirus nilense,11018,complete,Germany,Germany,NA,Trichoglossus haematodus,NA,8/19/19,Lineage_2
LR743447,West Nile virus,GenBank,NA,NA,"Friedrich-Loeffler-Institute, Federal Research Institute for Animal Health, Institute of Diagnostic Virology, Suedufer 10, Greifswald - Insel Riems, Mecklenburg - Western Pomerania, 17493",Germany,6/10/20,CCT1C7-20,Orthoflavivirus nilense,10995,complete,Germany,Germany,NA,Culex pipiens,NA,9/24/19,Lineage_2
LR743448,West Nile virus,GenBank,NA,NA,"Friedrich-Loeffler-Institute, Federal Research Institute for Animal Health, Institute of Diagnostic Virology, Suedufer 10, Greifswald - Insel Riems, Mecklenburg - Western Pomerania, 17493",Germany,6/10/20,ED-I-201_19,Orthoflavivirus nilense,11022,complete,Germany,Germany,NA,Spheniscus humboldti,NA,9/9/19,Lineage_2
LR743449,West Nile virus,GenBank,NA,NA,"Friedrich-Loeffler-Institute, Federal Research Institute for Animal Health, Institute of Diagnostic Virology, Suedufer 10, Greifswald - Insel Riems, Mecklenburg - Western Pomerania, 17493",Germany,6/10/20,ED-I-163_19,Orthoflavivirus nilense,11018,complete,Germany,Germany,NA,Accipiter gentilis,NA,9/4/19,Lineage_2
LR743450,West Nile virus,GenBank,NA,NA,"Friedrich-Loeffler-Institute, Federal Research Institute for Animal Health, Institute of Diagnostic Virology, Suedufer 10, Greifswald - Insel Riems, Mecklenburg - Western Pomerania, 17493",Germany,6/10/20,ED-I-202_19,Orthoflavivirus nilense,11019,complete,Germany,Germany,NA,Phoenicopterus chilensis,NA,9/9/19,Lineage_2
LR743451,West Nile virus,GenBank,NA,NA,"Friedrich-Loeffler-Institute, Federal Research Institute for Animal Health, Institute of Diagnostic Virology, Suedufer 10, Greifswald - Insel Riems, Mecklenburg - Western Pomerania, 17493",Germany,6/10/20,ED-I-165_19,Orthoflavivirus nilense,11024,complete,Germany,Germany,NA,Bubo scandiacus,NA,9/4/19,Lineage_2
LR743452,West Nile virus,GenBank,NA,NA,"Friedrich-Loeffler-Institute, Federal Research Institute for Animal Health, Institute of Diagnostic Virology, Suedufer 10, Greifswald - Insel Riems, Mecklenburg - Western Pomerania, 17493",Germany,6/10/20,ED-I-173_19,Orthoflavivirus nilense,11026,complete,Germany,Germany,NA,Strix nebulosa,NA,9/4/19,Lineage_2
LR743453,West Nile virus,GenBank,NA,NA,"Friedrich-Loeffler-Institute, Federal Research Institute for Animal Health, Institute of Diagnostic Virology, Suedufer 10, Greifswald - Insel Riems, Mecklenburg - Western Pomerania, 17493",Germany,6/10/20,ED-I-94_19,Orthoflavivirus nilense,11019,complete,Germany,Germany,NA,Equus ferus,NA,8/14/19,Lineage_2
LR743454,West Nile virus,GenBank,NA,NA,"Friedrich-Loeffler-Institute, Federal Research Institute for Animal Health, Institute of Diagnostic Virology, Suedufer 10, Greifswald - Insel Riems, Mecklenburg - Western Pomerania, 17493",Germany,6/10/20,ED-I-205_19,Orthoflavivirus nilense,11023,complete,Germany,Germany,NA,Parus major,NA,9/9/19,Lineage_2
LR743455,West Nile virus,GenBank,NA,NA,"Friedrich-Loeffler-Institute, Federal Research Institute for Animal Health, Institute of Diagnostic Virology, Suedufer 10, Greifswald - Insel Riems, Mecklenburg - Western Pomerania, 17493",Germany,6/10/20,CCT1C7-20,Orthoflavivirus nilense,10995,complete,Germany,Germany,NA,Culex pipiens,NA,9/17/19,Lineage_2
LR743456,West Nile virus,GenBank,NA,NA,"Friedrich-Loeffler-Institute, Federal Research Institute for Animal Health, Institute of Diagnostic Virology, Suedufer 10, Greifswald - Insel Riems, Mecklenburg - Western Pomerania, 17493",Germany,6/10/20,ED-I-134_19,Orthoflavivirus nilense,11019,complete,Germany,Germany,NA,Passer domesticus,NA,8/26/19,Lineage_2
LR743457,West Nile virus,GenBank,NA,NA,"Friedrich-Loeffler-Institute, Federal Research Institute for Animal Health, Institute of Diagnostic Virology, Suedufer 10, Greifswald - Insel Riems, Mecklenburg - Western Pomerania, 17493",Germany,6/10/20,ED-I-208_19,Orthoflavivirus nilense,11022,complete,Germany,Germany,NA,Accipiter gentilis,NA,9/5/19,Lineage_2
LR743458,West Nile virus,GenBank,NA,NA,"Friedrich-Loeffler-Institute, Federal Research Institute for Animal Health, Institute of Diagnostic Virology, Suedufer 10, Greifswald - Insel Riems, Mecklenburg - Western Pomerania, 17493",Germany,6/10/20,ED-I-164_19,Orthoflavivirus nilense,11022,complete,Germany,Germany,NA,Bubo scandiacus,NA,9/3/19,Lineage_2
MN794935,West Nile virus,GenBank,set:MN794935,"Ziegler,U., Santos,P.D., Groschup,M.H., Hattendorf,C., Eiden,M., Hoper,D., Eisermann,P., Keller,M., Michel,F., Klopfleisch,R., Muller,K., Werner,D., Kampen,H., Beer,M., Frank,C., Lachmann,R., Tews,B.A., Wylezich,C., Rinder,M., Lachmann,L., Grunewald,T., Szentiks,C.A., Sieg,M., Schmidt-Chanasit,J., Cadar,D., Luhken,R., Luehken,R.","Bernhard Nocht Institute for Tropical Medicine, Arbovirology",Germany,5/1/20,NA,Orthoflavivirus nilense,11043,complete,Germany,Germany,NA,Homo sapiens,NA,2019,Lineage_2
MN794937,West Nile virus,GenBank,set:MN794937,"Ziegler,U., Santos,P.D., Groschup,M.H., Hattendorf,C., Eiden,M., Hoper,D., Eisermann,P., Keller,M., Michel,F., Klopfleisch,R., Muller,K., Werner,D., Kampen,H., Beer,M., Frank,C., Lachmann,R., Tews,B.A., Wylezich,C., Rinder,M., Lachmann,L., Grunewald,T., Szentiks,C.A., Sieg,M., Schmidt-Chanasit,J., Cadar,D., Luhken,R., Luehken,R.","Bernhard Nocht Institute for Tropical Medicine, Arbovirology",Germany,5/1/20,NA,Orthoflavivirus nilense,11056,complete,Germany,Germany,NA,Turdus merula,NA,2019,Lineage_2
MN794938,West Nile virus,GenBank,set:MN794938,"Ziegler,U., Santos,P.D., Groschup,M.H., Hattendorf,C., Eiden,M., Hoper,D., Eisermann,P., Keller,M., Michel,F., Klopfleisch,R., Muller,K., Werner,D., Kampen,H., Beer,M., Frank,C., Lachmann,R., Tews,B.A., Wylezich,C., Rinder,M., Lachmann,L., Grunewald,T., Szentiks,C.A., Sieg,M., Schmidt-Chanasit,J., Cadar,D., Luhken,R., Luehken,R.","Bernhard Nocht Institute for Tropical Medicine, Arbovirology",Germany,5/1/20,NA,Orthoflavivirus nilense,11056,complete,Germany,Germany,NA,Passer domesticus,NA,2019,Lineage_2
MN794939,West Nile virus,GenBank,set:MN794939,"Ziegler,U., Santos,P.D., Groschup,M.H., Hattendorf,C., Eiden,M., Hoper,D., Eisermann,P., Keller,M., Michel,F., Klopfleisch,R., Muller,K., Werner,D., Kampen,H., Beer,M., Frank,C., Lachmann,R., Tews,B.A., Wylezich,C., Rinder,M., Lachmann,L., Grunewald,T., Szentiks,C.A., Sieg,M., Schmidt-Chanasit,J., Cadar,D., Luhken,R., Luehken,R.","Bernhard Nocht Institute for Tropical Medicine, Arbovirology",Germany,5/1/20,NA,Orthoflavivirus nilense,11056,complete,Germany,Germany,NA,Prunella modularis,NA,2019,Lineage_2
MT341470,West Nile virus,GenBank,set:MT341470,"Papa,A., Tsioka,K., Gewehr,S., Kalaitzopoulou,S., Pappa,S., Mourelatos,S.","Aristotle University of Thessaloniki, Dept. of Microbiology",Greece,4/28/20,Larisa-3m-Greece-2019,Orthoflavivirus nilense,10787,complete,Greece,Greece,NA,Culex,NA,2019-07,Lineage_2
MT341471,West Nile virus,GenBank,set:MT341471,"Papa,A., Tsioka,K., Gewehr,S., Kalaitzopoulou,S., Pappa,S., Mourelatos,S.","Aristotle University of Thessaloniki, Dept. of Microbiology",Greece,4/28/20,Karditsa-13m-Greece-2019,Orthoflavivirus nilense,10787,complete,Greece,Greece,NA,Culex,NA,2019-07,Lineage_2
MT341472,West Nile virus,GenBank,set:MT341472,"Christova,I., Papa,A., Trifonova,I., Panayotova,E., Pappa,S., Mikov,O.","Aristotle University of Thessaloniki, Dept. of Microbiology",Greece,4/28/20,Pleven_10m-Bulgaria-2018,Orthoflavivirus nilense,10787,complete,Bulgaria,Bulgaria,NA,Culex,NA,2018-08,Lineage_2
MN149538,West Nile virus,GenBank,set:MN149538,"Ponomareva,E.P., Ternovoi,V.A., Mikryukova,T.P., Protopopova,E.V., Korobitsin,I.G., Tiutenkov,O.Y., Moskvitina,N.S., Loktev,V.B.","State Research Center of Virology and Biotehnology 'Vector', Department of Molecular Virology",Russia,2/29/20,NA,Orthoflavivirus nilense,10991,complete,Russia,Russia,NA,Acrocephalus dumetorum,NA,2006-05,Lineage_1
MN652878,West Nile virus,GenBank,set:MN652878,"Papa,A., Gewehr,S., Tsioka,K., Kalaitzopoulou,S., Pappa,S., Mourelatos,S., Serafim,C., Elpida,P., Chrysostomos,D.","Aristotle University of Thessaloniki, A' Dept. of Microbiology",Greece,12/15/19,Thessaloniki_MC26m/2018,Orthoflavivirus nilense,10926,complete,Greece,Greece,NA,Culex,NA,2018-07,Lineage_2
MN652879,West Nile virus,GenBank,set:MN652879,"Papa,A., Gewehr,S., Tsioka,K., Kalaitzopoulou,S., Pappa,S., Mourelatos,S., Serafim,C., Elpida,P., Chrysostomos,D.","Aristotle University of Thessaloniki, A' Dept. of Microbiology",Greece,12/15/19,Pella_MC36m/2018,Orthoflavivirus nilense,10926,complete,Greece,Greece,NA,Culex,NA,2018-07,Lineage_2
MN652880,West Nile virus,GenBank,set:MN652880,"Papa,A., Gewehr,S., Tsioka,K., Kalaitzopoulou,S., Pappa,S., Mourelatos,S., Serafim,C., Elpida,P., Chrysostomos,D.","Aristotle University of Thessaloniki, A' Dept. of Microbiology",Greece,12/15/19,Thessaloniki_MC82m/2018,Orthoflavivirus nilense,10926,complete,Greece,Greece,NA,Culex,NA,2018-08,Lineage_2
MH939153,West Nile virus,GenBank,set:MH939153,"Tomazatos,A., Luehken,R., Schmidt-Chanasit,J., Cadar,D.","Bernhard Nocht Institute for Tropical Medicine, Virology",Germany,10/9/19,NA,Orthoflavivirus nilense,10948,complete,Romania,Romania,NA,Anopheles hyrcanus,NA,2014,Lineage_2
MH939154,West Nile virus,GenBank,set:MH939154,"Tomazatos,A., Luehken,R., Schmidt-Chanasit,J., Cadar,D.","Bernhard Nocht Institute for Tropical Medicine, Virology",Germany,10/9/19,NA,Orthoflavivirus nilense,10976,complete,Romania,Romania,NA,Culex pipiens sensu lato,NA,2014,Lineage_2
MN480792,West Nile virus,GenBank,set:MN480792,"Chaintoutis,S.C., Papa,A., Pervanidou,D., Dovas,C.I., Chaintoutis,S., Papadopoulou,E., Dovas,C.","Aristotle University of Thessaloniki, Dept. of Microbiology",Greece,9/29/19,Thessaloniki_354h/2018,Orthoflavivirus nilense,10926,complete,Greece,Greece,NA,Homo sapiens,urine,2018-08,Lineage_2
MN480793,West Nile virus,GenBank,set:MN480793,"Chaintoutis,S.C., Papa,A., Pervanidou,D., Dovas,C.I., Chaintoutis,S., Papadopoulou,E., Dovas,C.","Aristotle University of Thessaloniki, Dept. of Microbiology",Greece,9/29/19,Pella_435h/2018,Orthoflavivirus nilense,10926,complete,Greece,Greece,NA,Homo sapiens,urine,2018-08,Lineage_2
MN480794,West Nile virus,GenBank,set:MN480794,"Chaintoutis,S.C., Papa,A., Pervanidou,D., Dovas,C.I., Chaintoutis,S., Papadopoulou,E., Dovas,C.","Aristotle University of Thessaloniki, Dept. of Microbiology",Greece,9/29/19,Thessaloniki_MC139m/2018,Orthoflavivirus nilense,10926,complete,Greece,Greece,NA,Culex,NA,2018-09,Lineage_2
MN480795,West Nile virus,GenBank,set:MN480795,"Chaintoutis,S.C., Papa,A., Pervanidou,D., Dovas,C.I., Chaintoutis,S., Papadopoulou,E., Dovas,C.","Aristotle University of Thessaloniki, Dept. of Microbiology",Greece,9/29/19,Pella_677h/2018,Orthoflavivirus nilense,10926,complete,Greece,Greece,NA,Homo sapiens,urine,2018-08,Lineage_2
MN481589,West Nile virus,GenBank,set:MN481589,"Chaintoutis,S.C., Papa,A., Pervanidou,D., Dovas,C.I.","Aristotle University of Thessaloniki, Diagnostic Laboratory, School of Veterinary Medicine, Faculty of Health Sciences",Greece,9/29/19,S33b_GrM_2018/Thessaloniki,Orthoflavivirus nilense,10926,complete,Greece,Greece,NA,Gallus gallus,blood,7/17/18,Lineage_2
MN481590,West Nile virus,GenBank,set:MN481590,"Chaintoutis,S.C., Papa,A., Pervanidou,D., Dovas,C.I.","Aristotle University of Thessaloniki, Diagnostic Laboratory, School of Veterinary Medicine, Faculty of Health Sciences",Greece,9/29/19,S14c_GrM_2018/Thessaloniki,Orthoflavivirus nilense,10926,complete,Greece,Greece,NA,Equus caballus,blood,7/17/18,Lineage_2
MN481591,West Nile virus,GenBank,set:MN481591,"Chaintoutis,S.C., Papa,A., Pervanidou,D., Dovas,C.I.","Aristotle University of Thessaloniki, Diagnostic Laboratory, School of Veterinary Medicine, Faculty of Health Sciences",Greece,9/29/19,S38b_GrTh_2018/Rhodope,Orthoflavivirus nilense,10926,complete,Greece,Greece,NA,Canis lupus familiaris,blood,8/23/18,Lineage_2
MN481592,West Nile virus,GenBank,set:MN481592,"Chaintoutis,S.C., Papa,A., Pervanidou,D., Dovas,C.I.","Aristotle University of Thessaloniki, Diagnostic Laboratory, School of Veterinary Medicine, Faculty of Health Sciences",Greece,9/29/19,S33_GrM_2012/Thessaloniki_1,Orthoflavivirus nilense,10926,complete,Greece,Greece,NA,Culicidae,NA,8/2/12,Lineage_2
MN481593,West Nile virus,GenBank,set:MN481593,"Chaintoutis,S.C., Papa,A., Pervanidou,D., Dovas,C.I.","Aristotle University of Thessaloniki, Diagnostic Laboratory, School of Veterinary Medicine, Faculty of Health Sciences",Greece,9/29/19,S34_GrM_2012/Thessaloniki_2,Orthoflavivirus nilense,10926,complete,Greece,Greece,NA,Culicidae,NA,8/22/12,Lineage_2
MN481594,West Nile virus,GenBank,set:MN481594,"Chaintoutis,S.C., Papa,A., Pervanidou,D., Dovas,C.I.","Aristotle University of Thessaloniki, Diagnostic Laboratory, School of Veterinary Medicine, Faculty of Health Sciences",Greece,9/29/19,S35_GrM_2012/Pella,Orthoflavivirus nilense,10926,complete,Greece,Greece,NA,Culicidae,NA,9/5/12,Lineage_2
MN481595,West Nile virus,GenBank,set:MN481595,"Chaintoutis,S.C., Papa,A., Pervanidou,D., Dovas,C.I.","Aristotle University of Thessaloniki, Diagnostic Laboratory, School of Veterinary Medicine, Faculty of Health Sciences",Greece,9/29/19,S36_GrM_2010/Thessaloniki,Orthoflavivirus nilense,10926,complete,Greece,Greece,NA,Columbidae,blood,9/30/10,Lineage_2
MN481596,West Nile virus,GenBank,set:MN481596,"Chaintoutis,S.C., Papa,A., Pervanidou,D., Dovas,C.I.","Aristotle University of Thessaloniki, Diagnostic Laboratory, School of Veterinary Medicine, Faculty of Health Sciences",Greece,9/29/19,S37_GrM_2011/Thessaloniki,Orthoflavivirus nilense,10926,complete,Greece,Greece,NA,Gallus gallus,blood,7/6/11,Lineage_2
MN481597,West Nile virus,GenBank,set:MN481597,"Chaintoutis,S.C., Papa,A., Pervanidou,D., Dovas,C.I.","Aristotle University of Thessaloniki, Diagnostic Laboratory, School of Veterinary Medicine, Faculty of Health Sciences",Greece,9/29/19,S38_GrM_2012/Imathia,Orthoflavivirus nilense,10926,complete,Greece,Greece,NA,Gallus gallus,blood,8/27/12,Lineage_2
MK352483,West Nile virus,GenBank,set:MK352483,"Hughes,H.R., Raj,P., Tran,A.","Centers for Disease Control and Prevention, Division of Vector-borne Diseases",USA,4/29/19,DC-343,Orthoflavivirus nilense,10785,complete,USA: District of Columbia,USA,DC,Psorophora,NA,2018,Lineage_1
MH643887,West Nile virus,GenBank,set:MH643887,"Martins,L.C., Silva,E.V.P.D., Casseb,L.M.N., Silva,S.P.D., Cruz,A.C.R., Pantoja,J.A.S., Medeiros,D.B.A., Martins Filho,A.J., Cruz,E.D.R.M.D., Araujo,M.T.F., Cardoso,J.F., Cunha,M.A.C.R.D., Almada,G.L., Romano,A.P.M., Santos,M.G.D.P., Rodrigues,G.A.P., Chiang,J.O., Quaresma,J.A.S., Carvalho,V.L., Vasconcelos,P.F.D.C., Silva,E.V.P., Silva,S.P., Vasconcelos,P.F.C.","Evandro Chagas Institute, Department of Arbovirology and Hemorrhagic Fevers",Brazil,1/28/19,NA,Orthoflavivirus nilense,11019,complete,Brazil,Brazil,NA,Equus caballus,brain,4/26/18,Lineage_1
MH986055,West Nile virus,GenBank,set:MH986055,"Ziegler,U., Luhken,R., Keller,M., Cadar,D., van der Grinten,E., Michel,F., Albrecht,K., Eiden,M., Rinder,M., Lachmann,L., Hoper,D., Vina-Rodriguez,A., Gaede,W., Pohl,A., Schmidt-Chanasit,J., Groschup,M.H., Luehken,R.","Bernhard Nocht Institute for Tropical Medicine, Virology",Germany,1/10/19,NA,Orthoflavivirus nilense,11029,complete,Germany,Germany,NA,Turdus merula,NA,2018,Lineage_2
MH986056,West Nile virus,GenBank,set:MH986056,"Ziegler,U., Luhken,R., Keller,M., Cadar,D., van der Grinten,E., Michel,F., Albrecht,K., Eiden,M., Rinder,M., Lachmann,L., Hoper,D., Vina-Rodriguez,A., Gaede,W., Pohl,A., Schmidt-Chanasit,J., Groschup,M.H., Luehken,R.","Bernhard Nocht Institute for Tropical Medicine, Virology",Germany,1/10/19,NA,Orthoflavivirus nilense,11018,complete,Germany,Germany,NA,Turdus merula,NA,2018,Lineage_2
MH166882,West Nile virus,GenBank,set:MH166882,"Swetnam,D., Widen,S.G., Wood,T.G., Reyna,M., Wilkerson,L., Debboun,M., Symonds,D.A., Mead,D.G., Beaty,B.J., Guzman,H., Tesh,R.B., Barrett,A.D.T., Swetnam,D.M.","University of Texas Medical Branch, Microbiology and Immunology",USA,11/19/18,NA,Orthoflavivirus nilense,11028,complete,"USA: VA, Norfolk County",USA,VA,Aves,NA,2000,Lineage_1
MH166883,West Nile virus,GenBank,set:MH166883,"Swetnam,D., Widen,S.G., Wood,T.G., Reyna,M., Wilkerson,L., Debboun,M., Symonds,D.A., Mead,D.G., Beaty,B.J., Guzman,H., Tesh,R.B., Barrett,A.D.T., Swetnam,D.M.","University of Texas Medical Branch, Microbiology and Immunology",USA,11/19/18,NA,Orthoflavivirus nilense,11023,complete,"USA: VA, Norfolk County",USA,VA,Aves,NA,2002,Lineage_1
MH166884,West Nile virus,GenBank,set:MH166884,"Swetnam,D., Widen,S.G., Wood,T.G., Reyna,M., Wilkerson,L., Debboun,M., Symonds,D.A., Mead,D.G., Beaty,B.J., Guzman,H., Tesh,R.B., Barrett,A.D.T., Swetnam,D.M.","University of Texas Medical Branch, Microbiology and Immunology",USA,11/19/18,NA,Orthoflavivirus nilense,11023,complete,"USA: VA, Norfolk County",USA,VA,Culicidae,NA,2004,Lineage_1
MH166885,West Nile virus,GenBank,set:MH166885,"Swetnam,D., Widen,S.G., Wood,T.G., Reyna,M., Wilkerson,L., Debboun,M., Symonds,D.A., Mead,D.G., Beaty,B.J., Guzman,H., Tesh,R.B., Barrett,A.D.T., Swetnam,D.M.","University of Texas Medical Branch, Microbiology and Immunology",USA,11/19/18,NA,Orthoflavivirus nilense,11023,complete,"USA: VA, Norfolk County",USA,VA,Culicidae,NA,2009,Lineage_1
MH166886,West Nile virus,GenBank,set:MH166886,"Swetnam,D., Widen,S.G., Wood,T.G., Reyna,M., Wilkerson,L., Debboun,M., Symonds,D.A., Mead,D.G., Beaty,B.J., Guzman,H., Tesh,R.B., Barrett,A.D.T., Swetnam,D.M.","University of Texas Medical Branch, Microbiology and Immunology",USA,11/19/18,NA,Orthoflavivirus nilense,11027,complete,"USA: VA, Norfolk County",USA,VA,Culicidae,NA,2001,Lineage_1
MH166887,West Nile virus,GenBank,set:MH166887,"Swetnam,D., Widen,S.G., Wood,T.G., Reyna,M., Wilkerson,L., Debboun,M., Symonds,D.A., Mead,D.G., Beaty,B.J., Guzman,H., Tesh,R.B., Barrett,A.D.T., Swetnam,D.M.","University of Texas Medical Branch, Microbiology and Immunology",USA,11/19/18,NA,Orthoflavivirus nilense,11025,complete,"USA: VA, Norfolk County",USA,VA,Culicidae,NA,2002,Lineage_1
MH166888,West Nile virus,GenBank,set:MH166888,"Swetnam,D., Widen,S.G., Wood,T.G., Reyna,M., Wilkerson,L., Debboun,M., Symonds,D.A., Mead,D.G., Beaty,B.J., Guzman,H., Tesh,R.B., Barrett,A.D.T., Swetnam,D.M.","University of Texas Medical Branch, Microbiology and Immunology",USA,11/19/18,NA,Orthoflavivirus nilense,11023,complete,"USA: VA, Norfolk County",USA,VA,Culicidae,NA,2005,Lineage_1
MH166889,West Nile virus,GenBank,set:MH166889,"Swetnam,D., Widen,S.G., Wood,T.G., Reyna,M., Wilkerson,L., Debboun,M., Symonds,D.A., Mead,D.G., Beaty,B.J., Guzman,H., Tesh,R.B., Barrett,A.D.T., Swetnam,D.M.","University of Texas Medical Branch, Microbiology and Immunology",USA,11/19/18,NA,Orthoflavivirus nilense,11021,complete,"USA: VA, Norfolk County",USA,VA,Culicidae,NA,2006,Lineage_1
MH166890,West Nile virus,GenBank,set:MH166890,"Swetnam,D., Widen,S.G., Wood,T.G., Reyna,M., Wilkerson,L., Debboun,M., Symonds,D.A., Mead,D.G., Beaty,B.J., Guzman,H., Tesh,R.B., Barrett,A.D.T., Swetnam,D.M.","University of Texas Medical Branch, Microbiology and Immunology",USA,11/19/18,NA,Orthoflavivirus nilense,11029,complete,"USA: VA, Norfolk County",USA,VA,Culicidae,NA,2006,Lineage_1
MH166891,West Nile virus,GenBank,set:MH166891,"Swetnam,D., Widen,S.G., Wood,T.G., Reyna,M., Wilkerson,L., Debboun,M., Symonds,D.A., Mead,D.G., Beaty,B.J., Guzman,H., Tesh,R.B., Barrett,A.D.T., Swetnam,D.M.","University of Texas Medical Branch, Microbiology and Immunology",USA,11/19/18,NA,Orthoflavivirus nilense,11025,complete,"USA: VA, Norfolk County",USA,VA,Culicidae,NA,2007,Lineage_1
MH166892,West Nile virus,GenBank,set:MH166892,"Swetnam,D., Widen,S.G., Wood,T.G., Reyna,M., Wilkerson,L., Debboun,M., Symonds,D.A., Mead,D.G., Beaty,B.J., Guzman,H., Tesh,R.B., Barrett,A.D.T., Swetnam,D.M.","University of Texas Medical Branch, Microbiology and Immunology",USA,11/19/18,NA,Orthoflavivirus nilense,11024,complete,"USA: VA, Norfolk County",USA,VA,Culicidae,NA,2008,Lineage_1
MH166893,West Nile virus,GenBank,set:MH166893,"Swetnam,D., Widen,S.G., Wood,T.G., Reyna,M., Wilkerson,L., Debboun,M., Symonds,D.A., Mead,D.G., Beaty,B.J., Guzman,H., Tesh,R.B., Barrett,A.D.T., Swetnam,D.M.","University of Texas Medical Branch, Microbiology and Immunology",USA,11/19/18,NA,Orthoflavivirus nilense,11018,complete,"USA: VA, Norfolk County",USA,VA,Culicidae,NA,2010,Lineage_1
MH166894,West Nile virus,GenBank,set:MH166894,"Swetnam,D., Widen,S.G., Wood,T.G., Reyna,M., Wilkerson,L., Debboun,M., Symonds,D.A., Mead,D.G., Beaty,B.J., Guzman,H., Tesh,R.B., Barrett,A.D.T., Swetnam,D.M.","University of Texas Medical Branch, Microbiology and Immunology",USA,11/19/18,NA,Orthoflavivirus nilense,11023,complete,"USA: VA, Norfolk County",USA,VA,Culicidae,NA,2007,Lineage_1
MH166895,West Nile virus,GenBank,set:MH166895,"Swetnam,D., Widen,S.G., Wood,T.G., Reyna,M., Wilkerson,L., Debboun,M., Symonds,D.A., Mead,D.G., Beaty,B.J., Guzman,H., Tesh,R.B., Barrett,A.D.T., Swetnam,D.M.","University of Texas Medical Branch, Microbiology and Immunology",USA,11/19/18,NA,Orthoflavivirus nilense,11015,complete,"USA: VA, Norfolk County",USA,VA,Culicidae,NA,2005,Lineage_1
MH166896,West Nile virus,GenBank,set:MH166896,"Swetnam,D., Widen,S.G., Wood,T.G., Reyna,M., Wilkerson,L., Debboun,M., Symonds,D.A., Mead,D.G., Beaty,B.J., Guzman,H., Tesh,R.B., Barrett,A.D.T., Swetnam,D.M.","University of Texas Medical Branch, Microbiology and Immunology",USA,11/19/18,NA,Orthoflavivirus nilense,11025,complete,"USA: VA, Norfolk County",USA,VA,Culicidae,NA,2009,Lineage_1
MH166897,West Nile virus,GenBank,set:MH166897,"Swetnam,D., Widen,S.G., Wood,T.G., Reyna,M., Wilkerson,L., Debboun,M., Symonds,D.A., Mead,D.G., Beaty,B.J., Guzman,H., Tesh,R.B., Barrett,A.D.T., Swetnam,D.M.","University of Texas Medical Branch, Microbiology and Immunology",USA,11/19/18,NA,Orthoflavivirus nilense,11022,complete,"USA: VA, Norfolk County",USA,VA,Culicidae,NA,2010,Lineage_1
MH166898,West Nile virus,GenBank,set:MH166898,"Swetnam,D., Widen,S.G., Wood,T.G., Reyna,M., Wilkerson,L., Debboun,M., Symonds,D.A., Mead,D.G., Beaty,B.J., Guzman,H., Tesh,R.B., Barrett,A.D.T., Swetnam,D.M.","University of Texas Medical Branch, Microbiology and Immunology",USA,11/19/18,NA,Orthoflavivirus nilense,11027,complete,"USA: VA, Norfolk County",USA,VA,Culicidae,NA,2008,Lineage_1
MH166900,West Nile virus,GenBank,set:MH166900,"Swetnam,D., Widen,S.G., Wood,T.G., Reyna,M., Wilkerson,L., Debboun,M., Symonds,D.A., Mead,D.G., Beaty,B.J., Guzman,H., Tesh,R.B., Barrett,A.D.T., Swetnam,D.M.","University of Texas Medical Branch, Microbiology and Immunology",USA,11/19/18,NA,Orthoflavivirus nilense,11018,complete,"USA: VA, Norfolk County",USA,VA,Culicidae,NA,2003,Lineage_1
MH166901,West Nile virus,GenBank,set:MH166901,"Swetnam,D., Widen,S.G., Wood,T.G., Reyna,M., Wilkerson,L., Debboun,M., Symonds,D.A., Mead,D.G., Beaty,B.J., Guzman,H., Tesh,R.B., Barrett,A.D.T., Swetnam,D.M.","University of Texas Medical Branch, Microbiology and Immunology",USA,11/19/18,NA,Orthoflavivirus nilense,11025,complete,"USA: VA, Norfolk County",USA,VA,Aves,NA,2000,Lineage_1
MH166902,West Nile virus,GenBank,set:MH166902,"Swetnam,D., Widen,S.G., Wood,T.G., Reyna,M., Wilkerson,L., Debboun,M., Symonds,D.A., Mead,D.G., Beaty,B.J., Guzman,H., Tesh,R.B., Barrett,A.D.T., Swetnam,D.M.","University of Texas Medical Branch, Microbiology and Immunology",USA,11/19/18,NA,Orthoflavivirus nilense,11019,complete,"USA: VA, Norfolk County",USA,VA,Culicidae,NA,2010,Lineage_1
MH166903,West Nile virus,GenBank,set:MH166903,"Swetnam,D., Widen,S.G., Wood,T.G., Reyna,M., Wilkerson,L., Debboun,M., Symonds,D.A., Mead,D.G., Beaty,B.J., Guzman,H., Tesh,R.B., Barrett,A.D.T., Swetnam,D.M.","University of Texas Medical Branch, Microbiology and Immunology",USA,11/19/18,NA,Orthoflavivirus nilense,11026,complete,"USA: VA, Norfolk County",USA,VA,Aves,NA,2000,Lineage_1
MH166906,West Nile virus,GenBank,set:MH166906,"Swetnam,D., Widen,S.G., Wood,T.G., Reyna,M., Wilkerson,L., Debboun,M., Symonds,D.A., Mead,D.G., Beaty,B.J., Guzman,H., Tesh,R.B., Barrett,A.D.T., Swetnam,D.M.","University of Texas Medical Branch, Microbiology and Immunology",USA,11/19/18,NA,Orthoflavivirus nilense,11026,complete,"USA: VA, Norfolk County",USA,VA,Culicidae,NA,2003,Lineage_1
MH166907,West Nile virus,GenBank,set:MH166907,"Swetnam,D., Widen,S.G., Wood,T.G., Reyna,M., Wilkerson,L., Debboun,M., Symonds,D.A., Mead,D.G., Beaty,B.J., Guzman,H., Tesh,R.B., Barrett,A.D.T., Swetnam,D.M.","University of Texas Medical Branch, Microbiology and Immunology",USA,11/19/18,NA,Orthoflavivirus nilense,11018,complete,"USA: VA, Norfolk County",USA,VA,Culicidae,NA,2006,Lineage_1
MH166908,West Nile virus,GenBank,set:MH166908,"Swetnam,D., Widen,S.G., Wood,T.G., Reyna,M., Wilkerson,L., Debboun,M., Symonds,D.A., Mead,D.G., Beaty,B.J., Guzman,H., Tesh,R.B., Barrett,A.D.T., Swetnam,D.M.","University of Texas Medical Branch, Microbiology and Immunology",USA,11/19/18,NA,Orthoflavivirus nilense,11018,complete,"USA: VA, Norfolk County",USA,VA,Culicidae,NA,2005,Lineage_1
MH166909,West Nile virus,GenBank,set:MH166909,"Swetnam,D., Widen,S.G., Wood,T.G., Reyna,M., Wilkerson,L., Debboun,M., Symonds,D.A., Mead,D.G., Beaty,B.J., Guzman,H., Tesh,R.B., Barrett,A.D.T., Swetnam,D.M.","University of Texas Medical Branch, Microbiology and Immunology",USA,11/19/18,NA,Orthoflavivirus nilense,11023,complete,"USA: VA, Norfolk County",USA,VA,Culicidae,NA,2009,Lineage_1
MH166910,West Nile virus,GenBank,set:MH166910,"Swetnam,D., Widen,S.G., Wood,T.G., Reyna,M., Wilkerson,L., Debboun,M., Symonds,D.A., Mead,D.G., Beaty,B.J., Guzman,H., Tesh,R.B., Barrett,A.D.T., Swetnam,D.M.","University of Texas Medical Branch, Microbiology and Immunology",USA,11/19/18,NA,Orthoflavivirus nilense,11018,complete,"USA: VA, Norfolk County",USA,VA,Culicidae,NA,2006,Lineage_1
MH166911,West Nile virus,GenBank,set:MH166911,"Swetnam,D., Widen,S.G., Wood,T.G., Reyna,M., Wilkerson,L., Debboun,M., Symonds,D.A., Mead,D.G., Beaty,B.J., Guzman,H., Tesh,R.B., Barrett,A.D.T., Swetnam,D.M.","University of Texas Medical Branch, Microbiology and Immunology",USA,11/19/18,NA,Orthoflavivirus nilense,11023,complete,"USA: VA, Norfolk County",USA,VA,Culicidae,NA,2002,Lineage_1
MH166912,West Nile virus,GenBank,set:MH166912,"Swetnam,D., Widen,S.G., Wood,T.G., Reyna,M., Wilkerson,L., Debboun,M., Symonds,D.A., Mead,D.G., Beaty,B.J., Guzman,H., Tesh,R.B., Barrett,A.D.T., Swetnam,D.M.","University of Texas Medical Branch, Microbiology and Immunology",USA,11/19/18,NA,Orthoflavivirus nilense,11024,complete,"USA: VA, Norfolk County",USA,VA,Culicidae,NA,2003,Lineage_1
MH166913,West Nile virus,GenBank,set:MH166913,"Swetnam,D., Widen,S.G., Wood,T.G., Reyna,M., Wilkerson,L., Debboun,M., Symonds,D.A., Mead,D.G., Beaty,B.J., Guzman,H., Tesh,R.B., Barrett,A.D.T., Swetnam,D.M.","University of Texas Medical Branch, Microbiology and Immunology",USA,11/19/18,NA,Orthoflavivirus nilense,11029,complete,"USA: VA, Norfolk County",USA,VA,Culicidae,NA,2004,Lineage_1
MH166914,West Nile virus,GenBank,set:MH166914,"Swetnam,D., Widen,S.G., Wood,T.G., Reyna,M., Wilkerson,L., Debboun,M., Symonds,D.A., Mead,D.G., Beaty,B.J., Guzman,H., Tesh,R.B., Barrett,A.D.T., Swetnam,D.M.","University of Texas Medical Branch, Microbiology and Immunology",USA,11/19/18,NA,Orthoflavivirus nilense,11028,complete,"USA: VA, Norfolk County",USA,VA,Culicidae,NA,2009,Lineage_1
MH166915,West Nile virus,GenBank,set:MH166915,"Swetnam,D., Widen,S.G., Wood,T.G., Reyna,M., Wilkerson,L., Debboun,M., Symonds,D.A., Mead,D.G., Beaty,B.J., Guzman,H., Tesh,R.B., Barrett,A.D.T., Swetnam,D.M.","University of Texas Medical Branch, Microbiology and Immunology",USA,11/19/18,NA,Orthoflavivirus nilense,11019,complete,"USA: VA, Norfolk County",USA,VA,Culicidae,NA,2002,Lineage_1
MH166916,West Nile virus,GenBank,set:MH166916,"Swetnam,D., Widen,S.G., Wood,T.G., Reyna,M., Wilkerson,L., Debboun,M., Symonds,D.A., Mead,D.G., Beaty,B.J., Guzman,H., Tesh,R.B., Barrett,A.D.T., Swetnam,D.M.","University of Texas Medical Branch, Microbiology and Immunology",USA,11/19/18,NA,Orthoflavivirus nilense,11029,complete,"USA: VA, Norfolk County",USA,VA,Culicidae,NA,2010,Lineage_1
MH166917,West Nile virus,GenBank,set:MH166917,"Swetnam,D., Widen,S.G., Wood,T.G., Reyna,M., Wilkerson,L., Debboun,M., Symonds,D.A., Mead,D.G., Beaty,B.J., Guzman,H., Tesh,R.B., Barrett,A.D.T., Swetnam,D.M.","University of Texas Medical Branch, Microbiology and Immunology",USA,11/19/18,NA,Orthoflavivirus nilense,11019,complete,"USA: VA, Norfolk County",USA,VA,Culicidae,NA,2004,Lineage_1
MH166919,West Nile virus,GenBank,set:MH166919,"Swetnam,D., Widen,S.G., Wood,T.G., Reyna,M., Wilkerson,L., Debboun,M., Symonds,D.A., Mead,D.G., Beaty,B.J., Guzman,H., Tesh,R.B., Barrett,A.D.T., Swetnam,D.M.","University of Texas Medical Branch, Microbiology and Immunology",USA,11/19/18,NA,Orthoflavivirus nilense,11013,complete,"USA: VA, Norfolk County",USA,VA,Culicidae,NA,2004,Lineage_1
MH166920,West Nile virus,GenBank,set:MH166920,"Swetnam,D., Widen,S.G., Wood,T.G., Reyna,M., Wilkerson,L., Debboun,M., Symonds,D.A., Mead,D.G., Beaty,B.J., Guzman,H., Tesh,R.B., Barrett,A.D.T., Swetnam,D.M.","University of Texas Medical Branch, Microbiology and Immunology",USA,11/19/18,NA,Orthoflavivirus nilense,11027,complete,"USA: VA, Norfolk County",USA,VA,Culicidae,NA,2009,Lineage_1
MH166921,West Nile virus,GenBank,set:MH166921,"Swetnam,D., Widen,S.G., Wood,T.G., Reyna,M., Wilkerson,L., Debboun,M., Symonds,D.A., Mead,D.G., Beaty,B.J., Guzman,H., Tesh,R.B., Barrett,A.D.T., Swetnam,D.M.","University of Texas Medical Branch, Microbiology and Immunology",USA,11/19/18,NA,Orthoflavivirus nilense,11027,complete,"USA: VA, Norfolk County",USA,VA,Culicidae,NA,2008,Lineage_1
MH170226,West Nile virus,GenBank,set:MH170226,"Swetnam,D., Widen,S.G., Wood,T.G., Reyna,M., Wilkerson,L., Debboun,M., Symonds,D.A., Mead,D.G., Beaty,B.J., Guzman,H., Tesh,R.B., Barrett,A.D.T., Swetnam,D.M.","University of Texas Medical Branch, Microbiology and Immunology",USA,11/19/18,NA,Orthoflavivirus nilense,11018,complete,"USA: CO, Fort Collins (80526)",USA,CO,Turdus migratorius,NA,2003,Lineage_1
MH170227,West Nile virus,GenBank,set:MH170227,"Swetnam,D., Widen,S.G., Wood,T.G., Reyna,M., Wilkerson,L., Debboun,M., Symonds,D.A., Mead,D.G., Beaty,B.J., Guzman,H., Tesh,R.B., Barrett,A.D.T., Swetnam,D.M.","University of Texas Medical Branch, Microbiology and Immunology",USA,11/19/18,NA,Orthoflavivirus nilense,11003,complete,"USA: CO, Larimer County",USA,CO,Culex tarsalis,NA,2004,Lineage_1
MH170228,West Nile virus,GenBank,set:MH170228,"Swetnam,D., Widen,S.G., Wood,T.G., Reyna,M., Wilkerson,L., Debboun,M., Symonds,D.A., Mead,D.G., Beaty,B.J., Guzman,H., Tesh,R.B., Barrett,A.D.T., Swetnam,D.M.","University of Texas Medical Branch, Microbiology and Immunology",USA,11/19/18,NA,Orthoflavivirus nilense,11022,complete,"USA: CO, Larimer County",USA,CO,Culex pipiens,NA,2003,Lineage_1
MH170229,West Nile virus,GenBank,set:MH170229,"Swetnam,D., Widen,S.G., Wood,T.G., Reyna,M., Wilkerson,L., Debboun,M., Symonds,D.A., Mead,D.G., Beaty,B.J., Guzman,H., Tesh,R.B., Barrett,A.D.T., Swetnam,D.M.","University of Texas Medical Branch, Microbiology and Immunology",USA,11/19/18,NA,Orthoflavivirus nilense,11024,complete,"USA: CO, Weld County",USA,CO,Culicidae,NA,2006,Lineage_1
MH170230,West Nile virus,GenBank,set:MH170230,"Swetnam,D., Widen,S.G., Wood,T.G., Reyna,M., Wilkerson,L., Debboun,M., Symonds,D.A., Mead,D.G., Beaty,B.J., Guzman,H., Tesh,R.B., Barrett,A.D.T., Swetnam,D.M.","University of Texas Medical Branch, Microbiology and Immunology",USA,11/19/18,NA,Orthoflavivirus nilense,11013,complete,"USA: CO, Weld County",USA,CO,Culicidae,NA,2007,Lineage_1
MH170231,West Nile virus,GenBank,set:MH170231,"Swetnam,D., Widen,S.G., Wood,T.G., Reyna,M., Wilkerson,L., Debboun,M., Symonds,D.A., Mead,D.G., Beaty,B.J., Guzman,H., Tesh,R.B., Barrett,A.D.T., Swetnam,D.M.","University of Texas Medical Branch, Microbiology and Immunology",USA,11/19/18,NA,Orthoflavivirus nilense,11018,complete,"USA: CO, Fort Collins (80525)",USA,CO,Spinus tristis,NA,2003,Lineage_1
MH170232,West Nile virus,GenBank,set:MH170232,"Swetnam,D., Widen,S.G., Wood,T.G., Reyna,M., Wilkerson,L., Debboun,M., Symonds,D.A., Mead,D.G., Beaty,B.J., Guzman,H., Tesh,R.B., Barrett,A.D.T., Swetnam,D.M.","University of Texas Medical Branch, Microbiology and Immunology",USA,11/19/18,NA,Orthoflavivirus nilense,11013,complete,"USA: CO, Weld County",USA,CO,Culicidae,NA,2006,Lineage_1
MH170233,West Nile virus,GenBank,set:MH170233,"Swetnam,D., Widen,S.G., Wood,T.G., Reyna,M., Wilkerson,L., Debboun,M., Symonds,D.A., Mead,D.G., Beaty,B.J., Guzman,H., Tesh,R.B., Barrett,A.D.T., Swetnam,D.M.","University of Texas Medical Branch, Microbiology and Immunology",USA,11/19/18,NA,Orthoflavivirus nilense,11012,complete,"USA: CO, Loveland, LarimerCounty",USA,CO,Bubo virginianus,NA,2004,Lineage_1
MH170234,West Nile virus,GenBank,set:MH170234,"Swetnam,D., Widen,S.G., Wood,T.G., Reyna,M., Wilkerson,L., Debboun,M., Symonds,D.A., Mead,D.G., Beaty,B.J., Guzman,H., Tesh,R.B., Barrett,A.D.T., Swetnam,D.M.","University of Texas Medical Branch, Microbiology and Immunology",USA,11/19/18,NA,Orthoflavivirus nilense,11021,complete,"USA: CO, Fort Collins (80526)",USA,CO,Pica hudsonia,NA,2003,Lineage_1
MH170235,West Nile virus,GenBank,set:MH170235,"Swetnam,D., Widen,S.G., Wood,T.G., Reyna,M., Wilkerson,L., Debboun,M., Symonds,D.A., Mead,D.G., Beaty,B.J., Guzman,H., Tesh,R.B., Barrett,A.D.T., Swetnam,D.M.","University of Texas Medical Branch, Microbiology and Immunology",USA,11/19/18,NA,Orthoflavivirus nilense,11013,complete,"USA: CO, Weld County",USA,CO,Culicidae,NA,2006,Lineage_1
MH170236,West Nile virus,GenBank,set:MH170236,"Swetnam,D., Widen,S.G., Wood,T.G., Reyna,M., Wilkerson,L., Debboun,M., Symonds,D.A., Mead,D.G., Beaty,B.J., Guzman,H., Tesh,R.B., Barrett,A.D.T., Swetnam,D.M.","University of Texas Medical Branch, Microbiology and Immunology",USA,11/19/18,NA,Orthoflavivirus nilense,11021,complete,"USA: CO, Weld County",USA,CO,Culicidae,NA,2006,Lineage_1
MH170237,West Nile virus,GenBank,set:MH170237,"Swetnam,D., Widen,S.G., Wood,T.G., Reyna,M., Wilkerson,L., Debboun,M., Symonds,D.A., Mead,D.G., Beaty,B.J., Guzman,H., Tesh,R.B., Barrett,A.D.T., Swetnam,D.M.","University of Texas Medical Branch, Microbiology and Immunology",USA,11/19/18,NA,Orthoflavivirus nilense,11015,complete,"USA: CO, Larimer County",USA,CO,Culex pipiens,NA,2003,Lineage_1
MH170238,West Nile virus,GenBank,set:MH170238,"Swetnam,D., Widen,S.G., Wood,T.G., Reyna,M., Wilkerson,L., Debboun,M., Symonds,D.A., Mead,D.G., Beaty,B.J., Guzman,H., Tesh,R.B., Barrett,A.D.T., Swetnam,D.M.","University of Texas Medical Branch, Microbiology and Immunology",USA,11/19/18,NA,Orthoflavivirus nilense,11004,complete,"USA: CO, Fort Collins",USA,CO,Turdus migratorius,NA,2003,Lineage_1
MH170239,West Nile virus,GenBank,set:MH170239,"Swetnam,D., Widen,S.G., Wood,T.G., Reyna,M., Wilkerson,L., Debboun,M., Symonds,D.A., Mead,D.G., Beaty,B.J., Guzman,H., Tesh,R.B., Barrett,A.D.T., Swetnam,D.M.","University of Texas Medical Branch, Microbiology and Immunology",USA,11/19/18,NA,Orthoflavivirus nilense,11011,complete,"USA: CO, Weld County",USA,CO,Culex tarsalis,NA,2006,Lineage_1
MH170240,West Nile virus,GenBank,set:MH170240,"Swetnam,D., Widen,S.G., Wood,T.G., Reyna,M., Wilkerson,L., Debboun,M., Symonds,D.A., Mead,D.G., Beaty,B.J., Guzman,H., Tesh,R.B., Barrett,A.D.T., Swetnam,D.M.","University of Texas Medical Branch, Microbiology and Immunology",USA,11/19/18,NA,Orthoflavivirus nilense,11022,complete,"USA: CO, Wellington, Larimer County",USA,CO,Culex tarsalis,NA,2008,Lineage_1
MH170241,West Nile virus,GenBank,set:MH170241,"Swetnam,D., Widen,S.G., Wood,T.G., Reyna,M., Wilkerson,L., Debboun,M., Symonds,D.A., Mead,D.G., Beaty,B.J., Guzman,H., Tesh,R.B., Barrett,A.D.T., Swetnam,D.M.","University of Texas Medical Branch, Microbiology and Immunology",USA,11/19/18,NA,Orthoflavivirus nilense,11020,complete,"USA: CO, Weld County",USA,CO,Culex tarsalis,NA,2007,Lineage_1
MH170242,West Nile virus,GenBank,set:MH170242,"Swetnam,D., Widen,S.G., Wood,T.G., Reyna,M., Wilkerson,L., Debboun,M., Symonds,D.A., Mead,D.G., Beaty,B.J., Guzman,H., Tesh,R.B., Barrett,A.D.T., Swetnam,D.M.","University of Texas Medical Branch, Microbiology and Immunology",USA,11/19/18,NA,Orthoflavivirus nilense,11015,complete,USA: CO,USA,CO,Culicidae,NA,2007,Lineage_1
MH170243,West Nile virus,GenBank,set:MH170243,"Swetnam,D., Widen,S.G., Wood,T.G., Reyna,M., Wilkerson,L., Debboun,M., Symonds,D.A., Mead,D.G., Beaty,B.J., Guzman,H., Tesh,R.B., Barrett,A.D.T., Swetnam,D.M.","University of Texas Medical Branch, Microbiology and Immunology",USA,11/19/18,NA,Orthoflavivirus nilense,11024,complete,"USA: CO, Weld County",USA,CO,Culex tarsalis,NA,2006,Lineage_1
MH170244,West Nile virus,GenBank,set:MH170244,"Swetnam,D., Widen,S.G., Wood,T.G., Reyna,M., Wilkerson,L., Debboun,M., Symonds,D.A., Mead,D.G., Beaty,B.J., Guzman,H., Tesh,R.B., Barrett,A.D.T., Swetnam,D.M.","University of Texas Medical Branch, Microbiology and Immunology",USA,11/19/18,NA,Orthoflavivirus nilense,11015,complete,"USA: CO, Weld County",USA,CO,Culex tarsalis,NA,2007,Lineage_1
MH170245,West Nile virus,GenBank,set:MH170245,"Swetnam,D., Widen,S.G., Wood,T.G., Reyna,M., Wilkerson,L., Debboun,M., Symonds,D.A., Mead,D.G., Beaty,B.J., Guzman,H., Tesh,R.B., Barrett,A.D.T., Swetnam,D.M.","University of Texas Medical Branch, Microbiology and Immunology",USA,11/19/18,NA,Orthoflavivirus nilense,11012,complete,"USA: CO, Wellington, Larimer County",USA,CO,Culex tarsalis,NA,2008,Lineage_1
MH170246,West Nile virus,GenBank,set:MH170246,"Swetnam,D., Widen,S.G., Wood,T.G., Reyna,M., Wilkerson,L., Debboun,M., Symonds,D.A., Mead,D.G., Beaty,B.J., Guzman,H., Tesh,R.B., Barrett,A.D.T., Swetnam,D.M.","University of Texas Medical Branch, Microbiology and Immunology",USA,11/19/18,NA,Orthoflavivirus nilense,11005,complete,"USA: CO, Weld County",USA,CO,Culex tarsalis,NA,2004,Lineage_1
MH170247,West Nile virus,GenBank,set:MH170247,"Swetnam,D., Widen,S.G., Wood,T.G., Reyna,M., Wilkerson,L., Debboun,M., Symonds,D.A., Mead,D.G., Beaty,B.J., Guzman,H., Tesh,R.B., Barrett,A.D.T., Swetnam,D.M.","University of Texas Medical Branch, Microbiology and Immunology",USA,11/19/18,NA,Orthoflavivirus nilense,11012,complete,"USA: CO, Wellington, Larimer County",USA,CO,Culex tarsalis,NA,2008,Lineage_1
MH170249,West Nile virus,GenBank,set:MH170249,"Swetnam,D., Widen,S.G., Wood,T.G., Reyna,M., Wilkerson,L., Debboun,M., Symonds,D.A., Mead,D.G., Beaty,B.J., Guzman,H., Tesh,R.B., Barrett,A.D.T., Swetnam,D.M.","University of Texas Medical Branch, Microbiology and Immunology",USA,11/19/18,NA,Orthoflavivirus nilense,11014,complete,"USA: CO, Weld County",USA,CO,Culex tarsalis,NA,2006,Lineage_1
MH170251,West Nile virus,GenBank,set:MH170251,"Swetnam,D., Widen,S.G., Wood,T.G., Reyna,M., Wilkerson,L., Debboun,M., Symonds,D.A., Mead,D.G., Beaty,B.J., Guzman,H., Tesh,R.B., Barrett,A.D.T., Swetnam,D.M.","University of Texas Medical Branch, Microbiology and Immunology",USA,11/19/18,NA,Orthoflavivirus nilense,11016,complete,"USA: CO, Weld County",USA,CO,Culex tarsalis,NA,2007,Lineage_1
MH170252,West Nile virus,GenBank,set:MH170252,"Swetnam,D., Widen,S.G., Wood,T.G., Reyna,M., Wilkerson,L., Debboun,M., Symonds,D.A., Mead,D.G., Beaty,B.J., Guzman,H., Tesh,R.B., Barrett,A.D.T., Swetnam,D.M.","University of Texas Medical Branch, Microbiology and Immunology",USA,11/19/18,NA,Orthoflavivirus nilense,11014,complete,"USA: CO, Weld County",USA,CO,Culex tarsalis,NA,2007,Lineage_1
MH170253,West Nile virus,GenBank,set:MH170253,"Swetnam,D., Widen,S.G., Wood,T.G., Reyna,M., Wilkerson,L., Debboun,M., Symonds,D.A., Mead,D.G., Beaty,B.J., Guzman,H., Tesh,R.B., Barrett,A.D.T., Swetnam,D.M.","University of Texas Medical Branch, Microbiology and Immunology",USA,11/19/18,NA,Orthoflavivirus nilense,11005,complete,"USA: CO, Wellington, Larimer County",USA,CO,Culex pipiens,NA,2008,Lineage_1
MH170254,West Nile virus,GenBank,set:MH170254,"Swetnam,D., Widen,S.G., Wood,T.G., Reyna,M., Wilkerson,L., Debboun,M., Symonds,D.A., Mead,D.G., Beaty,B.J., Guzman,H., Tesh,R.B., Barrett,A.D.T., Swetnam,D.M.","University of Texas Medical Branch, Microbiology and Immunology",USA,11/19/18,NA,Orthoflavivirus nilense,11016,complete,"USA: CO, Ft. Collins (80526)",USA,CO,Spinus tristis,NA,2003,Lineage_1
MH170255,West Nile virus,GenBank,set:MH170255,"Swetnam,D., Widen,S.G., Wood,T.G., Reyna,M., Wilkerson,L., Debboun,M., Symonds,D.A., Mead,D.G., Beaty,B.J., Guzman,H., Tesh,R.B., Barrett,A.D.T., Swetnam,D.M.","University of Texas Medical Branch, Microbiology and Immunology",USA,11/19/18,NA,Orthoflavivirus nilense,11018,complete,"USA: CO, Scarborough Forth Collins",USA,CO,Culex pipiens,NA,2008,Lineage_1
MH170256,West Nile virus,GenBank,set:MH170256,"Swetnam,D., Widen,S.G., Wood,T.G., Reyna,M., Wilkerson,L., Debboun,M., Symonds,D.A., Mead,D.G., Beaty,B.J., Guzman,H., Tesh,R.B., Barrett,A.D.T., Swetnam,D.M.","University of Texas Medical Branch, Microbiology and Immunology",USA,11/19/18,NA,Orthoflavivirus nilense,11014,complete,"USA: CO, Fort Collins",USA,CO,Corvus brachyrhynchos,NA,2003,Lineage_1
MH170257,West Nile virus,GenBank,set:MH170257,"Swetnam,D., Widen,S.G., Wood,T.G., Reyna,M., Wilkerson,L., Debboun,M., Symonds,D.A., Mead,D.G., Beaty,B.J., Guzman,H., Tesh,R.B., Barrett,A.D.T., Swetnam,D.M.","University of Texas Medical Branch, Microbiology and Immunology",USA,11/19/18,NA,Orthoflavivirus nilense,11017,complete,"USA: GA, Lawnder County",USA,GA,Culex nigripalpus,NA,2005,Lineage_1
MH170258,West Nile virus,GenBank,set:MH170258,"Swetnam,D., Widen,S.G., Wood,T.G., Reyna,M., Wilkerson,L., Debboun,M., Symonds,D.A., Mead,D.G., Beaty,B.J., Guzman,H., Tesh,R.B., Barrett,A.D.T., Swetnam,D.M.","University of Texas Medical Branch, Microbiology and Immunology",USA,11/19/18,NA,Orthoflavivirus nilense,11010,complete,"USA: GA, Garden City, Chatham",USA,GA,Culex quinquefasciatus,NA,2007,Lineage_1
MH170259,West Nile virus,GenBank,set:MH170259,"Swetnam,D., Widen,S.G., Wood,T.G., Reyna,M., Wilkerson,L., Debboun,M., Symonds,D.A., Mead,D.G., Beaty,B.J., Guzman,H., Tesh,R.B., Barrett,A.D.T., Swetnam,D.M.","University of Texas Medical Branch, Microbiology and Immunology",USA,11/19/18,NA,Orthoflavivirus nilense,11011,complete,"USA: GA, Atlanta, Fulton County",USA,GA,Culex quinquefasciatus,NA,2009,Lineage_1
MH170260,West Nile virus,GenBank,set:MH170260,"Swetnam,D., Widen,S.G., Wood,T.G., Reyna,M., Wilkerson,L., Debboun,M., Symonds,D.A., Mead,D.G., Beaty,B.J., Guzman,H., Tesh,R.B., Barrett,A.D.T., Swetnam,D.M.","University of Texas Medical Branch, Microbiology and Immunology",USA,11/19/18,NA,Orthoflavivirus nilense,11012,complete,"USA: GA, Atlanta, Fulton County",USA,GA,Culex quinquefasciatus,NA,2009,Lineage_1
MH170261,West Nile virus,GenBank,set:MH170261,"Swetnam,D., Widen,S.G., Wood,T.G., Reyna,M., Wilkerson,L., Debboun,M., Symonds,D.A., Mead,D.G., Beaty,B.J., Guzman,H., Tesh,R.B., Barrett,A.D.T., Swetnam,D.M.","University of Texas Medical Branch, Microbiology and Immunology",USA,11/19/18,NA,Orthoflavivirus nilense,11015,complete,"USA: GA, Decatur, Dekalb County",USA,GA,Culex quinquefasciatus,NA,2008,Lineage_1
MH170262,West Nile virus,GenBank,set:MH170262,"Swetnam,D., Widen,S.G., Wood,T.G., Reyna,M., Wilkerson,L., Debboun,M., Symonds,D.A., Mead,D.G., Beaty,B.J., Guzman,H., Tesh,R.B., Barrett,A.D.T., Swetnam,D.M.","University of Texas Medical Branch, Microbiology and Immunology",USA,11/19/18,NA,Orthoflavivirus nilense,11015,complete,"USA: GA, Valdasta, Lowndes",USA,GA,Culex quinquefasciatus,NA,2009,Lineage_1
MH170263,West Nile virus,GenBank,set:MH170263,"Swetnam,D., Widen,S.G., Wood,T.G., Reyna,M., Wilkerson,L., Debboun,M., Symonds,D.A., Mead,D.G., Beaty,B.J., Guzman,H., Tesh,R.B., Barrett,A.D.T., Swetnam,D.M.","University of Texas Medical Branch, Microbiology and Immunology",USA,11/19/18,NA,Orthoflavivirus nilense,11014,complete,"USA: GA, Wane County",USA,GA,Cyanocitta cristata,NA,2001,Lineage_1
MH170264,West Nile virus,GenBank,set:MH170264,"Swetnam,D., Widen,S.G., Wood,T.G., Reyna,M., Wilkerson,L., Debboun,M., Symonds,D.A., Mead,D.G., Beaty,B.J., Guzman,H., Tesh,R.B., Barrett,A.D.T., Swetnam,D.M.","University of Texas Medical Branch, Microbiology and Immunology",USA,11/19/18,NA,Orthoflavivirus nilense,11009,complete,"USA: GA, Muscogee County",USA,GA,Baeolophus bicolor,NA,2002,Lineage_1
MH170265,West Nile virus,GenBank,set:MH170265,"Swetnam,D., Widen,S.G., Wood,T.G., Reyna,M., Wilkerson,L., Debboun,M., Symonds,D.A., Mead,D.G., Beaty,B.J., Guzman,H., Tesh,R.B., Barrett,A.D.T., Swetnam,D.M.","University of Texas Medical Branch, Microbiology and Immunology",USA,11/19/18,NA,Orthoflavivirus nilense,11006,complete,"USA: GA, Chattron County",USA,GA,Culex quinquefasciatus,NA,2004,Lineage_1
MH170266,West Nile virus,GenBank,set:MH170266,"Swetnam,D., Widen,S.G., Wood,T.G., Reyna,M., Wilkerson,L., Debboun,M., Symonds,D.A., Mead,D.G., Beaty,B.J., Guzman,H., Tesh,R.B., Barrett,A.D.T., Swetnam,D.M.","University of Texas Medical Branch, Microbiology and Immunology",USA,11/19/18,NA,Orthoflavivirus nilense,11004,complete,"USA: GA, Atlanta, Fulton County",USA,GA,Culex quinquefasciatus,NA,2007,Lineage_1
MH170267,West Nile virus,GenBank,set:MH170267,"Swetnam,D., Widen,S.G., Wood,T.G., Reyna,M., Wilkerson,L., Debboun,M., Symonds,D.A., Mead,D.G., Beaty,B.J., Guzman,H., Tesh,R.B., Barrett,A.D.T., Swetnam,D.M.","University of Texas Medical Branch, Microbiology and Immunology",USA,11/19/18,NA,Orthoflavivirus nilense,11012,complete,"USA: GA, Norcross, Gwinnett",USA,GA,Cyanocitta cristata,NA,2007,Lineage_1
MH170268,West Nile virus,GenBank,set:MH170268,"Swetnam,D., Widen,S.G., Wood,T.G., Reyna,M., Wilkerson,L., Debboun,M., Symonds,D.A., Mead,D.G., Beaty,B.J., Guzman,H., Tesh,R.B., Barrett,A.D.T., Swetnam,D.M.","University of Texas Medical Branch, Microbiology and Immunology",USA,11/19/18,NA,Orthoflavivirus nilense,11014,complete,"USA: GA, Savannah, Chatham",USA,GA,Cyanocitta cristata,NA,2007,Lineage_1
MH170269,West Nile virus,GenBank,set:MH170269,"Swetnam,D., Widen,S.G., Wood,T.G., Reyna,M., Wilkerson,L., Debboun,M., Symonds,D.A., Mead,D.G., Beaty,B.J., Guzman,H., Tesh,R.B., Barrett,A.D.T., Swetnam,D.M.","University of Texas Medical Branch, Microbiology and Immunology",USA,11/19/18,NA,Orthoflavivirus nilense,11011,complete,"USA: GA, Dekalb County",USA,GA,Cyanocitta cristata,NA,2005,Lineage_1
MH170270,West Nile virus,GenBank,set:MH170270,"Swetnam,D., Widen,S.G., Wood,T.G., Reyna,M., Wilkerson,L., Debboun,M., Symonds,D.A., Mead,D.G., Beaty,B.J., Guzman,H., Tesh,R.B., Barrett,A.D.T., Swetnam,D.M.","University of Texas Medical Branch, Microbiology and Immunology",USA,11/19/18,NA,Orthoflavivirus nilense,11001,complete,"USA: GA, Henry County",USA,GA,Corvus brachyrhynchos,NA,2004,Lineage_1
MH170271,West Nile virus,GenBank,set:MH170271,"Swetnam,D., Widen,S.G., Wood,T.G., Reyna,M., Wilkerson,L., Debboun,M., Symonds,D.A., Mead,D.G., Beaty,B.J., Guzman,H., Tesh,R.B., Barrett,A.D.T., Swetnam,D.M.","University of Texas Medical Branch, Microbiology and Immunology",USA,11/19/18,NA,Orthoflavivirus nilense,11011,complete,"USA: GA, Decatur, Dekalb County",USA,GA,Culex,NA,2008,Lineage_1
MH170272,West Nile virus,GenBank,set:MH170272,"Swetnam,D., Widen,S.G., Wood,T.G., Reyna,M., Wilkerson,L., Debboun,M., Symonds,D.A., Mead,D.G., Beaty,B.J., Guzman,H., Tesh,R.B., Barrett,A.D.T., Swetnam,D.M.","University of Texas Medical Branch, Microbiology and Immunology",USA,11/19/18,NA,Orthoflavivirus nilense,11005,complete,"USA: GA, Garden City, Chatham",USA,GA,Culex,NA,2007,Lineage_1
MH170273,West Nile virus,GenBank,set:MH170273,"Swetnam,D., Widen,S.G., Wood,T.G., Reyna,M., Wilkerson,L., Debboun,M., Symonds,D.A., Mead,D.G., Beaty,B.J., Guzman,H., Tesh,R.B., Barrett,A.D.T., Swetnam,D.M.","University of Texas Medical Branch, Microbiology and Immunology",USA,11/19/18,NA,Orthoflavivirus nilense,11014,complete,"USA: GA, Lowndes County",USA,GA,Corvus brachyrhynchos,NA,2001,Lineage_1
MH170274,West Nile virus,GenBank,set:MH170274,"Swetnam,D., Widen,S.G., Wood,T.G., Reyna,M., Wilkerson,L., Debboun,M., Symonds,D.A., Mead,D.G., Beaty,B.J., Guzman,H., Tesh,R.B., Barrett,A.D.T., Swetnam,D.M.","University of Texas Medical Branch, Microbiology and Immunology",USA,11/19/18,NA,Orthoflavivirus nilense,11018,complete,"USA: GA, Fulton County",USA,GA,Cyanocitta cristata,NA,2002,Lineage_1
MH170275,West Nile virus,GenBank,set:MH170275,"Swetnam,D., Widen,S.G., Wood,T.G., Reyna,M., Wilkerson,L., Debboun,M., Symonds,D.A., Mead,D.G., Beaty,B.J., Guzman,H., Tesh,R.B., Barrett,A.D.T., Swetnam,D.M.","University of Texas Medical Branch, Microbiology and Immunology",USA,11/19/18,NA,Orthoflavivirus nilense,11021,complete,"USA: GA, Dekalb County County",USA,GA,Corvus brachyrhynchos,NA,2002,Lineage_1
MH170276,West Nile virus,GenBank,set:MH170276,"Swetnam,D., Widen,S.G., Wood,T.G., Reyna,M., Wilkerson,L., Debboun,M., Symonds,D.A., Mead,D.G., Beaty,B.J., Guzman,H., Tesh,R.B., Barrett,A.D.T., Swetnam,D.M.","University of Texas Medical Branch, Microbiology and Immunology",USA,11/19/18,NA,Orthoflavivirus nilense,11019,complete,"USA: GA, Dekalb County County",USA,GA,Corvus brachyrhynchos,NA,2001,Lineage_1
MH244510,West Nile virus,GenBank,set:MH244510,"Drzewniokova,P., Barzon,L., Franchin,E., Bakonyi,T., Csank,T.","University of Padua, Department of Molecular Medicine",Italy,6/18/18,NA,Orthoflavivirus nilense,11025,complete,Slovakia: Velky Biel,Slovakia,NA,Accipiter gentilis,brain,2014,Lineage_2
MH244511,West Nile virus,GenBank,set:MH244511,"Drzewniokova,P., Barzon,L., Franchin,E., Bakonyi,T., Csank,T.","University of Padua, Department of Molecular Medicine",Italy,6/18/18,NA,Orthoflavivirus nilense,11026,complete,Slovakia: Velky Biel,Slovakia,NA,Accipiter gentilis,brain,2013,Lineage_2
MH244512,West Nile virus,GenBank,set:MH244512,"Drzewniokova,P., Barzon,L., Franchin,E., Bakonyi,T., Csank,T.","University of Padua, Department of Molecular Medicine",Italy,6/18/18,NA,Orthoflavivirus nilense,11013,complete,Slovakia: Velky Biel,Slovakia,NA,Accipiter gentilis,brain,2013,Lineage_2
MH244513,West Nile virus,GenBank,set:MH244513,"Drzewniokova,P., Barzon,L., Franchin,E., Bakonyi,T., Csank,T.","University of Padua, Department of Molecular Medicine",Italy,6/18/18,NA,Orthoflavivirus nilense,11012,complete,Slovakia: Secovce,Slovakia,NA,Accipiter nisus,brain,2013,Lineage_2
MF984344,West Nile virus,GenBank,set:MF984344,"Kolodziejek,J., Jungbauer,C., Aberle,S.W., Allerberger,F., Bago,Z., Camp,J.V., Dimmel,K., de Heus,P., Kolodziejek,M., Schiefer,P., Seidel,B., Stiasny,K., Nowotny,N., Camp,J., Schmoll,F.","University of Veterinary Medicine Vienna, Pathobiology, Institute of Virology",Austria,4/4/18,NA,Orthoflavivirus nilense,11024,complete,Austria,Austria,NA,Accipiter gentilis,brain,2015,Lineage_2
MF984345,West Nile virus,GenBank,set:MF984345,"Kolodziejek,J., Jungbauer,C., Aberle,S.W., Allerberger,F., Bago,Z., Camp,J.V., Dimmel,K., de Heus,P., Kolodziejek,M., Schiefer,P., Seidel,B., Stiasny,K., Nowotny,N., Camp,J., Schmoll,F.","University of Veterinary Medicine Vienna, Pathobiology, Institute of Virology",Austria,4/4/18,NA,Orthoflavivirus nilense,11013,complete,Austria,Austria,NA,Falco,brain,2015,Lineage_2
MF984349,West Nile virus,GenBank,set:MF984349,"Kolodziejek,J., Jungbauer,C., Aberle,S.W., Allerberger,F., Bago,Z., Camp,J.V., Dimmel,K., de Heus,P., Kolodziejek,M., Schiefer,P., Seidel,B., Stiasny,K., Nowotny,N., Camp,J., Schmoll,F.","University of Veterinary Medicine Vienna, Pathobiology, Institute of Virology",Austria,4/4/18,NA,Orthoflavivirus nilense,10720,complete,Austria,Austria,NA,Equus caballus,blood,2016,Lineage_2
MF984350,West Nile virus,GenBank,set:MF984350,"Kolodziejek,J., Jungbauer,C., Aberle,S.W., Allerberger,F., Bago,Z., Camp,J.V., Dimmel,K., de Heus,P., Kolodziejek,M., Schiefer,P., Seidel,B., Stiasny,K., Nowotny,N., Camp,J., Schmoll,F.","University of Veterinary Medicine Vienna, Pathobiology, Institute of Virology",Austria,4/4/18,NA,Orthoflavivirus nilense,10979,complete,Austria,Austria,NA,Equus caballus,brain,2016,Lineage_2
MF984351,West Nile virus,GenBank,set:MF984351,"Kolodziejek,J., Jungbauer,C., Aberle,S.W., Allerberger,F., Bago,Z., Camp,J.V., Dimmel,K., de Heus,P., Kolodziejek,M., Schiefer,P., Seidel,B., Stiasny,K., Nowotny,N., Camp,J., Schmoll,F.","University of Veterinary Medicine Vienna, Pathobiology, Institute of Virology",Austria,4/4/18,NA,Orthoflavivirus nilense,10980,complete,Austria,Austria,NA,Culex pipiens,NA,2016,Lineage_2
MF984352,West Nile virus,GenBank,set:MF984352,"Kolodziejek,J., Jungbauer,C., Aberle,S.W., Allerberger,F., Bago,Z., Camp,J.V., Dimmel,K., de Heus,P., Kolodziejek,M., Schiefer,P., Seidel,B., Stiasny,K., Nowotny,N., Camp,J., Schmoll,F.","University of Veterinary Medicine Vienna, Pathobiology, Institute of Virology",Austria,4/4/18,NA,Orthoflavivirus nilense,10800,complete,Austria,Austria,NA,Culex pipiens,NA,2016,Lineage_2
MF984337,West Nile virus,GenBank,set:MF984337,"Kolodziejek,J., Jungbauer,C., Aberle,S.W., Allerberger,F., Bago,Z., Camp,J.V., Dimmel,K., de Heus,P., Kolodziejek,M., Schiefer,P., Seidel,B., Stiasny,K., Nowotny,N., Camp,J., Schmoll,F.","University of Veterinary Medicine Vienna, Pathobiology, Institute of Virology",Austria,3/28/18,NA,Orthoflavivirus nilense,10990,complete,Austria,Austria,NA,Homo sapiens,blood,2015,Lineage_2
MF984338,West Nile virus,GenBank,set:MF984338,"Kolodziejek,J., Jungbauer,C., Aberle,S.W., Allerberger,F., Bago,Z., Camp,J.V., Dimmel,K., de Heus,P., Kolodziejek,M., Schiefer,P., Seidel,B., Stiasny,K., Nowotny,N., Camp,J., Schmoll,F.","University of Veterinary Medicine Vienna, Pathobiology, Institute of Virology",Austria,3/28/18,NA,Orthoflavivirus nilense,10836,complete,Austria,Austria,NA,Homo sapiens,blood,2015,Lineage_2
MF984339,West Nile virus,GenBank,set:MF984339,"Kolodziejek,J., Jungbauer,C., Aberle,S.W., Allerberger,F., Bago,Z., Camp,J.V., Dimmel,K., de Heus,P., Kolodziejek,M., Schiefer,P., Seidel,B., Stiasny,K., Nowotny,N., Camp,J., Schmoll,F.","University of Veterinary Medicine Vienna, Pathobiology, Institute of Virology",Austria,3/28/18,NA,Orthoflavivirus nilense,10831,complete,Austria,Austria,NA,Homo sapiens,blood,2015,Lineage_2
MF984340,West Nile virus,GenBank,set:MF984340,"Kolodziejek,J., Jungbauer,C., Aberle,S.W., Allerberger,F., Bago,Z., Camp,J.V., Dimmel,K., de Heus,P., Kolodziejek,M., Schiefer,P., Seidel,B., Stiasny,K., Nowotny,N., Camp,J., Schmoll,F.","University of Veterinary Medicine Vienna, Pathobiology, Institute of Virology",Austria,3/28/18,NA,Orthoflavivirus nilense,10831,complete,Austria,Austria,NA,Homo sapiens,blood,2015,Lineage_2
MF984341,West Nile virus,GenBank,set:MF984341,"Kolodziejek,J., Jungbauer,C., Aberle,S.W., Allerberger,F., Bago,Z., Camp,J.V., Dimmel,K., de Heus,P., Kolodziejek,M., Schiefer,P., Seidel,B., Stiasny,K., Nowotny,N., Camp,J., Schmoll,F.","University of Veterinary Medicine Vienna, Pathobiology, Institute of Virology",Austria,3/28/18,NA,Orthoflavivirus nilense,10658,complete,Austria,Austria,NA,Homo sapiens,blood,2015,Lineage_2
MF984342,West Nile virus,GenBank,set:MF984342,"Kolodziejek,J., Jungbauer,C., Aberle,S.W., Allerberger,F., Bago,Z., Camp,J.V., Dimmel,K., de Heus,P., Kolodziejek,M., Schiefer,P., Seidel,B., Stiasny,K., Nowotny,N., Camp,J., Schmoll,F.","University of Veterinary Medicine Vienna, Pathobiology, Institute of Virology",Austria,3/28/18,NA,Orthoflavivirus nilense,10831,complete,Austria,Austria,NA,Homo sapiens,blood,2015,Lineage_2
MF984343,West Nile virus,GenBank,set:MF984343,"Kolodziejek,J., Jungbauer,C., Aberle,S.W., Allerberger,F., Bago,Z., Camp,J.V., Dimmel,K., de Heus,P., Kolodziejek,M., Schiefer,P., Seidel,B., Stiasny,K., Nowotny,N., Camp,J., Schmoll,F.","University of Veterinary Medicine Vienna, Pathobiology, Institute of Virology",Austria,3/28/18,NA,Orthoflavivirus nilense,11013,complete,Austria,Austria,NA,Homo sapiens,urine,2015,Lineage_2
MF984346,West Nile virus,GenBank,set:MF984346,"Kolodziejek,J., Jungbauer,C., Aberle,S.W., Allerberger,F., Bago,Z., Camp,J.V., Dimmel,K., de Heus,P., Kolodziejek,M., Schiefer,P., Seidel,B., Stiasny,K., Nowotny,N., Camp,J., Schmoll,F.","University of Veterinary Medicine Vienna, Pathobiology, Institute of Virology",Austria,3/28/18,NA,Orthoflavivirus nilense,10829,complete,Austria,Austria,NA,Homo sapiens,blood,2016,Lineage_2
MF984347,West Nile virus,GenBank,set:MF984347,"Kolodziejek,J., Jungbauer,C., Aberle,S.W., Allerberger,F., Bago,Z., Camp,J.V., Dimmel,K., de Heus,P., Kolodziejek,M., Schiefer,P., Seidel,B., Stiasny,K., Nowotny,N., Camp,J., Schmoll,F.","University of Veterinary Medicine Vienna, Pathobiology, Institute of Virology",Austria,3/28/18,NA,Orthoflavivirus nilense,10991,complete,Austria,Austria,NA,Homo sapiens,blood,2016,Lineage_2
MF984348,West Nile virus,GenBank,set:MF984348,"Kolodziejek,J., Jungbauer,C., Aberle,S.W., Allerberger,F., Bago,Z., Camp,J.V., Dimmel,K., de Heus,P., Kolodziejek,M., Schiefer,P., Seidel,B., Stiasny,K., Nowotny,N., Camp,J., Schmoll,F.","University of Veterinary Medicine Vienna, Pathobiology, Institute of Virology",Austria,3/28/18,NA,Orthoflavivirus nilense,10832,complete,Austria,Austria,NA,Homo sapiens,blood,2016,Lineage_2
MH021189,West Nile virus,GenBank,set:MH021189,"Wollants,E., Smolders,D., Naesens,R., Bruynseels,P., Lagrou,K., Matthijnssens,J., Van Ranst,M.","Rega institute KULeuven, Clinical and Epidemiological Virology",Belgium,3/24/18,WNV/Belgium/2017/Antwerpen,Orthoflavivirus nilense,11060,complete,Belgium,Belgium,NA,Homo sapiens,NA,2017-10,Lineage_2
LC318700,West Nile virus,GenBank,set:LC318700,"Orba,Y., Hang'ombe,B.M., Mweene,A.S., Wada,Y., Anindita,P.D., Phongphaew,W., Qiu,Y., Kajihara,M., Mori-Kajihara,A., Eto,Y., Sasaki,M., Hall,W.W., Eshita,Y., Sawa,H., Simulundu,E., Ndashe,K., Chambaro,H.M., Squarre,D., Reilly,P.M., Chitanga,S., Changula,K., Mukubesa,A.N., Ndebe,J., Tembo,J., Kapata,N., Bates,M., Sinkala,Y., Nalubamba,K.S., Takada,A.","Hokkaido University, Division of Molecular Pathobiology; N20W4 Kita-ku, Sapporo, Hokkaido 001-0020",Japan,3/3/18,NA,Orthoflavivirus nilense,11050,complete,Zambia:Mongu district,Zambia,NA,Culex quinquefasciatus,NA,5/16/16,Lineage_2
MG004528,West Nile virus,GenBank,set:MG004528,"Hepp,C., Hager-Cocking,J., Valentine,M., Townsend,J., Will,J., Smith,K., Young,S., Engelthaler,D.","Northern Arizona University, School of Informatics, Computing, and Cyber Systems",USA,11/18/17,RT121,Orthoflavivirus nilense,10803,complete,USA: AZ,USA,AZ,Culex tarsalis,pooled insects,6/9/15,Lineage_1
MG004529,West Nile virus,GenBank,set:MG004529,"Hepp,C., Hager-Cocking,J., Valentine,M., Townsend,J., Will,J., Smith,K., Young,S., Engelthaler,D.","Northern Arizona University, School of Informatics, Computing, and Cyber Systems",USA,11/18/17,RT263,Orthoflavivirus nilense,10803,complete,USA: AZ,USA,AZ,Culex quinquefasciatus,pooled insects,6/26/14,Lineage_1
MG004530,West Nile virus,GenBank,set:MG004530,"Hepp,C., Hager-Cocking,J., Valentine,M., Townsend,J., Will,J., Smith,K., Young,S., Engelthaler,D.","Northern Arizona University, School of Informatics, Computing, and Cyber Systems",USA,11/18/17,RT279,Orthoflavivirus nilense,10803,complete,USA: AZ,USA,AZ,Culex tarsalis,pooled insects,10/20/16,Lineage_1
MG004531,West Nile virus,GenBank,set:MG004531,"Hepp,C., Hager-Cocking,J., Valentine,M., Townsend,J., Will,J., Smith,K., Young,S., Engelthaler,D.","Northern Arizona University, School of Informatics, Computing, and Cyber Systems",USA,11/18/17,RT335,Orthoflavivirus nilense,10803,complete,USA: AZ,USA,AZ,Culex tarsalis,pooled insects,5/11/16,Lineage_1
MG004532,West Nile virus,GenBank,set:MG004532,"Hepp,C., Hager-Cocking,J., Valentine,M., Townsend,J., Will,J., Smith,K., Young,S., Engelthaler,D.","Northern Arizona University, School of Informatics, Computing, and Cyber Systems",USA,11/18/17,RT395,Orthoflavivirus nilense,10803,complete,USA: AZ,USA,AZ,Culex quinquefasciatus,pooled insects,8/5/15,Lineage_1
MG004533,West Nile virus,GenBank,set:MG004533,"Hepp,C., Hager-Cocking,J., Valentine,M., Townsend,J., Will,J., Smith,K., Young,S., Engelthaler,D.","Northern Arizona University, School of Informatics, Computing, and Cyber Systems",USA,11/18/17,RT406,Orthoflavivirus nilense,10803,complete,USA: AZ,USA,AZ,Culex quinquefasciatus,pooled insects,6/3/14,Lineage_1
MG004534,West Nile virus,GenBank,set:MG004534,"Hepp,C., Hager-Cocking,J., Valentine,M., Townsend,J., Will,J., Smith,K., Young,S., Engelthaler,D.","Northern Arizona University, School of Informatics, Computing, and Cyber Systems",USA,11/18/17,RT443,Orthoflavivirus nilense,10803,complete,USA: AZ,USA,AZ,Culex quinquefasciatus,pooled insects,6/28/16,Lineage_1
MG004535,West Nile virus,GenBank,set:MG004535,"Hepp,C., Hager-Cocking,J., Valentine,M., Townsend,J., Will,J., Smith,K., Young,S., Engelthaler,D.","Northern Arizona University, School of Informatics, Computing, and Cyber Systems",USA,11/18/17,RT502,Orthoflavivirus nilense,10803,complete,USA: AZ,USA,AZ,Culex tarsalis,pooled insects,7/22/14,Lineage_1
MG004536,West Nile virus,GenBank,set:MG004536,"Hepp,C., Hager-Cocking,J., Valentine,M., Townsend,J., Will,J., Smith,K., Young,S., Engelthaler,D.","Northern Arizona University, School of Informatics, Computing, and Cyber Systems",USA,11/18/17,RT517,Orthoflavivirus nilense,10803,complete,USA: AZ,USA,AZ,Culex quinquefasciatus,pooled insects,8/25/16,Lineage_1
MG004537,West Nile virus,GenBank,set:MG004537,"Hepp,C., Hager-Cocking,J., Valentine,M., Townsend,J., Will,J., Smith,K., Young,S., Engelthaler,D.","Northern Arizona University, School of Informatics, Computing, and Cyber Systems",USA,11/18/17,RT681,Orthoflavivirus nilense,10803,complete,USA: AZ,USA,AZ,Culex quinquefasciatus,pooled insects,8/28/14,Lineage_1
MG004538,West Nile virus,GenBank,set:MG004538,"Hepp,C., Hager-Cocking,J., Valentine,M., Townsend,J., Will,J., Smith,K., Young,S., Engelthaler,D.","Northern Arizona University, School of Informatics, Computing, and Cyber Systems",USA,11/18/17,RT708,Orthoflavivirus nilense,10803,complete,USA: AZ,USA,AZ,Culex quinquefasciatus,pooled insects,10/7/15,Lineage_1
MG004539,West Nile virus,GenBank,set:MG004539,"Hepp,C., Hager-Cocking,J., Valentine,M., Townsend,J., Will,J., Smith,K., Young,S., Engelthaler,D.","Northern Arizona University, School of Informatics, Computing, and Cyber Systems",USA,11/18/17,RT737,Orthoflavivirus nilense,10803,complete,USA: AZ,USA,AZ,Culex quinquefasciatus,pooled insects,6/10/14,Lineage_1
MG004540,West Nile virus,GenBank,set:MG004540,"Hepp,C., Hager-Cocking,J., Valentine,M., Townsend,J., Will,J., Smith,K., Young,S., Engelthaler,D.","Northern Arizona University, School of Informatics, Computing, and Cyber Systems",USA,11/18/17,RT825,Orthoflavivirus nilense,10803,complete,USA: AZ,USA,AZ,Culex quinquefasciatus,pooled insects,5/12/15,Lineage_1
MG004541,West Nile virus,GenBank,set:MG004541,"Hepp,C., Hager-Cocking,J., Valentine,M., Townsend,J., Will,J., Smith,K., Young,S., Engelthaler,D.","Northern Arizona University, School of Informatics, Computing, and Cyber Systems",USA,11/18/17,RT496,Orthoflavivirus nilense,10803,complete,USA: AZ,USA,AZ,Culex quinquefasciatus,pooled insects,4/26/17,Lineage_1
KT862843,West Nile virus,GenBank,set:KT862843,"Mann,B.R., Widen,S.G., Beck,A.S., Guzman,H., Reyna,M., Debboun,M., Wood,T.G., Tesh,R.B., Barrett,A.D.T.","University of Texas Medical Branch, Pathology",USA,10/31/17,TX8102,Orthoflavivirus nilense,11025,complete,"USA: Texas, Harris County",USA,TX,Cyanocitta cristata,NA,9/8/10,Lineage_1
KT862844,West Nile virus,GenBank,set:KT862844,"Mann,B.R., Widen,S.G., Beck,A.S., Guzman,H., Reyna,M., Debboun,M., Wood,T.G., Tesh,R.B., Barrett,A.D.T.","University of Texas Medical Branch, Pathology",USA,10/31/17,TX8375,Orthoflavivirus nilense,11022,complete,"USA: Texas, Harris County",USA,TX,Corvus brachyrhynchos,NA,8/29/11,Lineage_1
MF797870,West Nile virus,GenBank,set:MF797870,"Richter,J., Tryfonos,C., Christdoulou,C.","Cyprus Institute of Neurology and Genetics, Molecular Virology",Cyprus,9/19/17,NA,Orthoflavivirus nilense,10982,complete,Cyprus,Cyprus,NA,Homo sapiens,urine,2016-07,Lineage_1
KY523178,West Nile virus,GenBank,set:KY523178,"Brault,A.C., Romo,H.E.","Centers for Disease Control and Prevention, Division of Vector-Borne Diseases",USA,8/31/17,UG2274/Uganda/2009,Orthoflavivirus nilense,11050,complete,Uganda: Queen Elizabeth National Park,Uganda,NA,Culex neavei,pooled insects,2009-06,Lineage_2
KY594040,West Nile virus,GenBank,set:KY594040,"Romo,H.E., Brault,A.C., Papa,A.","Centers for Disease Control and Prevention, Division of Vector-Borne Diseases",USA,8/31/17,341/2010,Orthoflavivirus nilense,11050,complete,Greece,Greece,NA,Homo sapiens,NA,2010,Lineage_2
KY216149,West Nile virus,GenBank,set:KY216149,"Ehrbar,D.J., Ngo,K.A., Campbell,S.R., Kramer,L.D., Ciota,A.T., Campbell,S.","Wadsworth Center, New York State Department of Health",USA,4/30/17,121,Orthoflavivirus nilense,11016,complete,USA,USA,NA,Culex pipiens,NA,6/20/12,Lineage_1
KY216150,West Nile virus,GenBank,set:KY216150,"Ehrbar,D.J., Ngo,K.A., Campbell,S.R., Kramer,L.D., Ciota,A.T., Campbell,S.","Wadsworth Center, New York State Department of Health",USA,4/30/17,382,Orthoflavivirus nilense,11016,complete,USA,USA,NA,Culex pipiens,NA,7/11/12,Lineage_1
KY216151,West Nile virus,GenBank,set:KY216151,"Ehrbar,D.J., Ngo,K.A., Campbell,S.R., Kramer,L.D., Ciota,A.T., Campbell,S.","Wadsworth Center, New York State Department of Health",USA,4/30/17,456,Orthoflavivirus nilense,11001,complete,USA,USA,NA,Culex pipiens,NA,7/17/12,Lineage_1
KY216152,West Nile virus,GenBank,set:KY216152,"Ehrbar,D.J., Ngo,K.A., Campbell,S.R., Kramer,L.D., Ciota,A.T., Campbell,S.","Wadsworth Center, New York State Department of Health",USA,4/30/17,458,Orthoflavivirus nilense,11001,complete,USA,USA,NA,Culex pipiens,NA,7/17/12,Lineage_1
KY216153,West Nile virus,GenBank,set:KY216153,"Ehrbar,D.J., Ngo,K.A., Campbell,S.R., Kramer,L.D., Ciota,A.T., Campbell,S.","Wadsworth Center, New York State Department of Health",USA,4/30/17,557,Orthoflavivirus nilense,11015,complete,USA,USA,NA,Culex pipiens,NA,7/25/12,Lineage_1
KY216155,West Nile virus,GenBank,set:KY216155,"Ehrbar,D.J., Ngo,K.A., Campbell,S.R., Kramer,L.D., Ciota,A.T., Campbell,S.","Wadsworth Center, New York State Department of Health",USA,4/30/17,598,Orthoflavivirus nilense,11007,complete,USA,USA,NA,Culex pipiens,NA,7/31/12,Lineage_1
KY229068,West Nile virus,GenBank,set:KY229068,"Ehrbar,D.J., Ngo,K.A., Campbell,S.R., Kramer,L.D., Ciota,A.T., Campbell,S.","Wadsworth Center, New York State Department of Health",USA,4/30/17,653,Orthoflavivirus nilense,11015,complete,USA,USA,NA,Culex pipiens,NA,8/1/12,Lineage_1
KY229069,West Nile virus,GenBank,set:KY229069,"Ehrbar,D.J., Ngo,K.A., Campbell,S.R., Kramer,L.D., Ciota,A.T., Campbell,S.","Wadsworth Center, New York State Department of Health",USA,4/30/17,722,Orthoflavivirus nilense,11013,complete,USA,USA,NA,Culex pipiens,NA,8/7/12,Lineage_1
KY229070,West Nile virus,GenBank,set:KY229070,"Ehrbar,D.J., Ngo,K.A., Campbell,S.R., Kramer,L.D., Ciota,A.T., Campbell,S.","Wadsworth Center, New York State Department of Health",USA,4/30/17,733,Orthoflavivirus nilense,11014,complete,USA,USA,NA,Culex pipiens,NA,8/9/12,Lineage_1
KY229071,West Nile virus,GenBank,set:KY229071,"Ehrbar,D.J., Ngo,K.A., Campbell,S.R., Kramer,L.D., Ciota,A.T., Campbell,S.","Wadsworth Center, New York State Department of Health",USA,4/30/17,737,Orthoflavivirus nilense,11015,complete,USA,USA,NA,Culex pipiens,NA,8/7/12,Lineage_1
KY229072,West Nile virus,GenBank,set:KY229072,"Ehrbar,D.J., Ngo,K.A., Campbell,S.R., Kramer,L.D., Ciota,A.T., Campbell,S.","Wadsworth Center, New York State Department of Health",USA,4/30/17,789,Orthoflavivirus nilense,11012,complete,USA,USA,NA,Culex pipiens,NA,8/14/12,Lineage_1
KY229073,West Nile virus,GenBank,set:KY229073,"Ehrbar,D.J., Ngo,K.A., Campbell,S.R., Kramer,L.D., Ciota,A.T., Campbell,S.","Wadsworth Center, New York State Department of Health",USA,4/30/17,875,Orthoflavivirus nilense,11014,complete,USA,USA,NA,Culex pipiens,NA,8/21/12,Lineage_1
KY229074,West Nile virus,GenBank,set:KY229074,"Ehrbar,D.J., Ngo,K.A., Campbell,S.R., Kramer,L.D., Ciota,A.T., Campbell,S.","Wadsworth Center, New York State Department of Health",USA,4/30/17,876,Orthoflavivirus nilense,11013,complete,USA,USA,NA,Culex pipiens,NA,8/21/12,Lineage_1
KX394389,Kunjin virus,GenBank,set:KX394389,"Huang,B., Prow,N.A., van den Hurk,A.F., Allcock,R.J.N., Moore,P.R., Doggett,S.L., Warrilow,D.","Forensic and Scientific Services, Public and Environmental Health",Australia,11/9/16,CH16514C,Orthoflavivirus nilense,10796,complete,Australia,Australia,NA,Culex annulirostris,NA,1974,Lineage_1
KX547164,West Nile virus,GenBank,set:KX547164,"Shabman,R., Das,S.R., Halpin,R.A., Shilts,M., Fedorova,N., Puri,V., Amedeo,P., Shrivastava,S., Maffei,J., Dupuis,A., Jones,S., Backenson,B., Zink,S., Ciota,A., Kramer,L.",J. Craig Venter Institute,USA,8/2/16,NA,Orthoflavivirus nilense,10787,complete,"USA: Nassau Co., NY",USA,NY,Culex,NA,9/8/06,Lineage_1
KX547165,West Nile virus,GenBank,set:KX547165,"Shabman,R., Das,S.R., Halpin,R.A., Shilts,M., Fedorova,N., Puri,V., Amedeo,P., Shrivastava,S., Maffei,J., Dupuis,A., Jones,S., Backenson,B., Zink,S., Ciota,A., Kramer,L.",J. Craig Venter Institute,USA,8/2/16,NA,Orthoflavivirus nilense,10787,complete,"USA: Broome Co., NY",USA,NY,Cyanocitta cristata,NA,9/10/05,Lineage_1
KX547166,West Nile virus,GenBank,set:KX547166,"Shabman,R., Das,S.R., Halpin,R.A., Shilts,M., Fedorova,N., Puri,V., Amedeo,P., Shrivastava,S., Maffei,J., Dupuis,A., Jones,S., Backenson,B., Zink,S., Ciota,A., Kramer,L.",J. Craig Venter Institute,USA,8/2/16,NA,Orthoflavivirus nilense,10787,complete,"USA: Greene Co., NY",USA,NY,Equus caballus,NA,10/28/03,Lineage_1
KX547167,West Nile virus,GenBank,set:KX547167,"Shabman,R., Das,S.R., Halpin,R.A., Shilts,M., Fedorova,N., Puri,V., Amedeo,P., Shrivastava,S., Maffei,J., Dupuis,A., Jones,S., Backenson,B., Zink,S., Ciota,A., Kramer,L.",J. Craig Venter Institute,USA,8/2/16,NA,Orthoflavivirus nilense,10787,complete,"USA: Onondaga Co., NY",USA,NY,Culiseta,NA,9/4/13,Lineage_1
KX547168,West Nile virus,GenBank,set:KX547168,"Shabman,R., Das,S.R., Halpin,R.A., Shilts,M., Fedorova,N., Puri,V., Amedeo,P., Shrivastava,S., Maffei,J., Dupuis,A., Jones,S., Backenson,B., Zink,S., Ciota,A., Kramer,L.",J. Craig Venter Institute,USA,8/2/16,NA,Orthoflavivirus nilense,10787,complete,"USA: Albany Co., NY",USA,NY,Haemorhous mexicanus,NA,9/27/12,Lineage_1
KX547169,West Nile virus,GenBank,set:KX547169,"Shabman,R., Das,S.R., Halpin,R.A., Shilts,M., Fedorova,N., Puri,V., Amedeo,P., Shrivastava,S., Maffei,J., Dupuis,A., Jones,S., Backenson,B., Zink,S., Ciota,A., Kramer,L.",J. Craig Venter Institute,USA,8/2/16,NA,Orthoflavivirus nilense,10787,complete,"USA: Oswego Co., NY",USA,NY,Culiseta,NA,9/2/15,Lineage_1
KX547170,West Nile virus,GenBank,set:KX547170,"Shabman,R., Das,S.R., Halpin,R.A., Shilts,M., Fedorova,N., Puri,V., Amedeo,P., Shrivastava,S., Maffei,J., Dupuis,A., Jones,S., Backenson,B., Zink,S., Ciota,A., Kramer,L.",J. Craig Venter Institute,USA,8/2/16,NA,Orthoflavivirus nilense,10787,complete,"USA: Onondaga Co., NY",USA,NY,Culiseta,NA,9/23/03,Lineage_1
KX547171,West Nile virus,GenBank,set:KX547171,"Shabman,R., Das,S.R., Halpin,R.A., Shilts,M., Fedorova,N., Puri,V., Amedeo,P., Shrivastava,S., Maffei,J., Dupuis,A., Jones,S., Backenson,B., Zink,S., Ciota,A., Kramer,L.",J. Craig Venter Institute,USA,8/2/16,NA,Orthoflavivirus nilense,10787,complete,"USA: Oneida Co., NY",USA,NY,Culiseta,NA,8/3/11,Lineage_1
KX547172,West Nile virus,GenBank,set:KX547172,"Shabman,R., Das,S.R., Halpin,R.A., Shilts,M., Fedorova,N., Puri,V., Amedeo,P., Shrivastava,S., Maffei,J., Dupuis,A., Jones,S., Backenson,B., Zink,S., Ciota,A., Kramer,L.",J. Craig Venter Institute,USA,8/2/16,NA,Orthoflavivirus nilense,10787,complete,"USA: Greene Co., NY",USA,NY,Corvus ossifragus,NA,9/2/09,Lineage_1
KX547173,West Nile virus,GenBank,set:KX547173,"Shabman,R., Das,S.R., Halpin,R.A., Shilts,M., Fedorova,N., Puri,V., Amedeo,P., Shrivastava,S., Maffei,J., Dupuis,A., Jones,S., Backenson,B., Zink,S., Ciota,A., Kramer,L.",J. Craig Venter Institute,USA,8/2/16,NA,Orthoflavivirus nilense,10787,complete,"USA: Orleans Co., NY",USA,NY,Corvus brachyrhynchos,NA,8/31/05,Lineage_1
KX547174,West Nile virus,GenBank,set:KX547174,"Shabman,R., Das,S.R., Halpin,R.A., Shilts,M., Fedorova,N., Puri,V., Amedeo,P., Shrivastava,S., Maffei,J., Dupuis,A., Jones,S., Backenson,B., Zink,S., Ciota,A., Kramer,L.",J. Craig Venter Institute,USA,8/2/16,NA,Orthoflavivirus nilense,10787,complete,"USA: Westchester Co., NY",USA,NY,Culex,NA,7/16/13,Lineage_1
KX547175,West Nile virus,GenBank,set:KX547175,"Shabman,R., Das,S.R., Halpin,R.A., Shilts,M., Fedorova,N., Puri,V., Amedeo,P., Shrivastava,S., Maffei,J., Dupuis,A., Jones,S., Backenson,B., Zink,S., Ciota,A., Kramer,L.",J. Craig Venter Institute,USA,8/2/16,NA,Orthoflavivirus nilense,10787,complete,"USA: Suffolk Co., NY",USA,NY,Culex,NA,7/10/08,Lineage_1
KX547176,West Nile virus,GenBank,set:KX547176,"Shabman,R., Das,S.R., Halpin,R.A., Shilts,M., Fedorova,N., Puri,V., Amedeo,P., Shrivastava,S., Maffei,J., Dupuis,A., Jones,S., Backenson,B., Zink,S., Ciota,A., Kramer,L.",J. Craig Venter Institute,USA,8/2/16,NA,Orthoflavivirus nilense,10787,complete,"USA: Westchester Co., NY",USA,NY,Culex,NA,8/12/03,Lineage_1
KX547178,West Nile virus,GenBank,set:KX547178,"Shabman,R., Das,S.R., Halpin,R.A., Shilts,M., Fedorova,N., Puri,V., Amedeo,P., Shrivastava,S., Maffei,J., Dupuis,A., Jones,S., Backenson,B., Zink,S., Ciota,A., Kramer,L.",J. Craig Venter Institute,USA,8/2/16,NA,Orthoflavivirus nilense,10787,complete,"USA: Suffolk Co., NY",USA,NY,Culiseta,NA,8/13/03,Lineage_1
KX547179,West Nile virus,GenBank,set:KX547179,"Shabman,R., Das,S.R., Halpin,R.A., Shilts,M., Fedorova,N., Puri,V., Amedeo,P., Shrivastava,S., Maffei,J., Dupuis,A., Jones,S., Backenson,B., Zink,S., Ciota,A., Kramer,L.",J. Craig Venter Institute,USA,8/2/16,NA,Orthoflavivirus nilense,10787,complete,"USA: Richmond Co., NY",USA,NY,Corvus brachyrhynchos,NA,8/8/02,Lineage_1
KX547180,West Nile virus,GenBank,set:KX547180,"Shabman,R., Das,S.R., Halpin,R.A., Shilts,M., Fedorova,N., Puri,V., Amedeo,P., Shrivastava,S., Maffei,J., Dupuis,A., Jones,S., Backenson,B., Zink,S., Ciota,A., Kramer,L.",J. Craig Venter Institute,USA,8/2/16,NA,Orthoflavivirus nilense,10787,complete,"USA: Oswego Co., NY",USA,NY,Corvus brachyrhynchos,NA,9/7/06,Lineage_1
KX547181,West Nile virus,GenBank,set:KX547181,"Shabman,R., Das,S.R., Halpin,R.A., Shilts,M., Fedorova,N., Puri,V., Amedeo,P., Shrivastava,S., Maffei,J., Dupuis,A., Jones,S., Backenson,B., Zink,S., Ciota,A., Kramer,L.",J. Craig Venter Institute,USA,8/2/16,NA,Orthoflavivirus nilense,10786,complete,"USA: Ulster Co., NY",USA,NY,Cyanocitta cristata,NA,9/24/03,Lineage_1
KX547182,West Nile virus,GenBank,set:KX547182,"Shabman,R., Das,S.R., Halpin,R.A., Shilts,M., Fedorova,N., Puri,V., Amedeo,P., Shrivastava,S., Maffei,J., Dupuis,A., Jones,S., Backenson,B., Zink,S., Ciota,A., Kramer,L.",J. Craig Venter Institute,USA,8/2/16,NA,Orthoflavivirus nilense,10787,complete,"USA: Orange Co., NY",USA,NY,Culex,NA,9/11/02,Lineage_1
KX547183,West Nile virus,GenBank,set:KX547183,"Shabman,R., Das,S.R., Halpin,R.A., Shilts,M., Fedorova,N., Puri,V., Amedeo,P., Shrivastava,S., Maffei,J., Dupuis,A., Jones,S., Backenson,B., Zink,S., Ciota,A., Kramer,L.",J. Craig Venter Institute,USA,8/2/16,NA,Orthoflavivirus nilense,10787,complete,"USA: Westchester Co., NY",USA,NY,Culex,NA,7/22/08,Lineage_1
KX547184,West Nile virus,GenBank,set:KX547184,"Shabman,R., Das,S.R., Halpin,R.A., Shilts,M., Fedorova,N., Puri,V., Amedeo,P., Shrivastava,S., Maffei,J., Dupuis,A., Jones,S., Backenson,B., Zink,S., Ciota,A., Kramer,L.",J. Craig Venter Institute,USA,8/2/16,NA,Orthoflavivirus nilense,10785,complete,"USA: Onondaga Co., NY",USA,NY,Culex,NA,8/28/13,Lineage_1
KX547185,West Nile virus,GenBank,set:KX547185,"Shabman,R., Das,S.R., Halpin,R.A., Shilts,M., Fedorova,N., Puri,V., Amedeo,P., Shrivastava,S., Maffei,J., Dupuis,A., Jones,S., Backenson,B., Zink,S., Ciota,A., Kramer,L.",J. Craig Venter Institute,USA,8/2/16,NA,Orthoflavivirus nilense,10787,complete,"USA: Erie Co., NY",USA,NY,Culex,NA,9/6/12,Lineage_1
KX547186,West Nile virus,GenBank,set:KX547186,"Shabman,R., Das,S.R., Halpin,R.A., Shilts,M., Fedorova,N., Puri,V., Amedeo,P., Shrivastava,S., Maffei,J., Dupuis,A., Jones,S., Backenson,B., Zink,S., Ciota,A., Kramer,L.",J. Craig Venter Institute,USA,8/2/16,NA,Orthoflavivirus nilense,10787,complete,"USA: Nassau Co., NY",USA,NY,Culex,NA,7/8/08,Lineage_1
KX547187,West Nile virus,GenBank,set:KX547187,"Shabman,R., Das,S.R., Halpin,R.A., Shilts,M., Fedorova,N., Puri,V., Amedeo,P., Shrivastava,S., Maffei,J., Dupuis,A., Jones,S., Backenson,B., Zink,S., Ciota,A., Kramer,L.",J. Craig Venter Institute,USA,8/2/16,NA,Orthoflavivirus nilense,10787,complete,"USA: Albany Co., NY",USA,NY,Corvus brachyrhynchos,NA,8/28/08,Lineage_1
KX547188,West Nile virus,GenBank,set:KX547188,"Shabman,R., Das,S.R., Halpin,R.A., Shilts,M., Fedorova,N., Puri,V., Amedeo,P., Shrivastava,S., Maffei,J., Dupuis,A., Jones,S., Backenson,B., Zink,S., Ciota,A., Kramer,L.",J. Craig Venter Institute,USA,8/2/16,NA,Orthoflavivirus nilense,10787,complete,"USA: Broome Co., NY",USA,NY,Culex,NA,8/15/03,Lineage_1
KX547189,West Nile virus,GenBank,set:KX547189,"Shabman,R., Das,S.R., Halpin,R.A., Shilts,M., Fedorova,N., Puri,V., Amedeo,P., Shrivastava,S., Maffei,J., Dupuis,A., Jones,S., Backenson,B., Zink,S., Ciota,A., Kramer,L.",J. Craig Venter Institute,USA,8/2/16,NA,Orthoflavivirus nilense,10787,complete,"USA: Broome Co., NY",USA,NY,Culex,NA,8/9/02,Lineage_1
KX547190,West Nile virus,GenBank,set:KX547190,"Shabman,R., Das,S.R., Halpin,R.A., Shilts,M., Fedorova,N., Puri,V., Amedeo,P., Shrivastava,S., Maffei,J., Dupuis,A., Jones,S., Backenson,B., Zink,S., Ciota,A., Kramer,L.",J. Craig Venter Institute,USA,8/2/16,NA,Orthoflavivirus nilense,10779,complete,"USA: Nassau Co., NY",USA,NY,Culex,NA,7/12/13,Lineage_1
KX547191,West Nile virus,GenBank,set:KX547191,"Shabman,R., Das,S.R., Halpin,R.A., Shilts,M., Fedorova,N., Puri,V., Amedeo,P., Shrivastava,S., Maffei,J., Dupuis,A., Jones,S., Backenson,B., Zink,S., Ciota,A., Kramer,L.",J. Craig Venter Institute,USA,8/2/16,NA,Orthoflavivirus nilense,10787,complete,"USA: Dutchess Co., NY",USA,NY,Culex,NA,8/7/08,Lineage_1
KX547192,West Nile virus,GenBank,set:KX547192,"Shabman,R., Das,S.R., Halpin,R.A., Shilts,M., Fedorova,N., Puri,V., Amedeo,P., Shrivastava,S., Maffei,J., Dupuis,A., Jones,S., Backenson,B., Zink,S., Ciota,A., Kramer,L.",J. Craig Venter Institute,USA,8/2/16,NA,Orthoflavivirus nilense,10787,complete,"USA: Oneida Co., NY",USA,NY,Culiseta,NA,8/24/11,Lineage_1
KX547193,West Nile virus,GenBank,set:KX547193,"Shabman,R., Das,S.R., Halpin,R.A., Shilts,M., Fedorova,N., Puri,V., Amedeo,P., Shrivastava,S., Maffei,J., Dupuis,A., Jones,S., Backenson,B., Zink,S., Ciota,A., Kramer,L.",J. Craig Venter Institute,USA,8/2/16,NA,Orthoflavivirus nilense,10787,complete,"USA: Nassau Co., NY",USA,NY,Culex,NA,10/7/05,Lineage_1
KX547194,West Nile virus,GenBank,set:KX547194,"Shabman,R., Das,S.R., Halpin,R.A., Shilts,M., Fedorova,N., Puri,V., Amedeo,P., Shrivastava,S., Maffei,J., Dupuis,A., Jones,S., Backenson,B., Zink,S., Ciota,A., Kramer,L.",J. Craig Venter Institute,USA,8/2/16,NA,Orthoflavivirus nilense,10787,complete,"USA: New York Co., NY",USA,NY,Corvus brachyrhynchos,NA,9/21/02,Lineage_1
KX547195,West Nile virus,GenBank,set:KX547195,"Shabman,R., Das,S.R., Halpin,R.A., Shilts,M., Fedorova,N., Puri,V., Amedeo,P., Shrivastava,S., Maffei,J., Dupuis,A., Jones,S., Backenson,B., Zink,S., Ciota,A., Kramer,L.",J. Craig Venter Institute,USA,8/2/16,NA,Orthoflavivirus nilense,10787,complete,"USA: Bronx Co., NY",USA,NY,Corvus brachyrhynchos,NA,9/19/07,Lineage_1
KX547196,West Nile virus,GenBank,set:KX547196,"Shabman,R., Das,S.R., Halpin,R.A., Shilts,M., Fedorova,N., Puri,V., Amedeo,P., Shrivastava,S., Maffei,J., Dupuis,A., Jones,S., Backenson,B., Zink,S., Ciota,A., Kramer,L.",J. Craig Venter Institute,USA,8/2/16,NA,Orthoflavivirus nilense,10787,complete,"USA: Nassau Co., NY",USA,NY,Culex,NA,9/17/13,Lineage_1
KX547197,West Nile virus,GenBank,set:KX547197,"Shabman,R., Das,S.R., Halpin,R.A., Shilts,M., Fedorova,N., Puri,V., Amedeo,P., Shrivastava,S., Maffei,J., Dupuis,A., Jones,S., Backenson,B., Zink,S., Ciota,A., Kramer,L.",J. Craig Venter Institute,USA,8/2/16,NA,Orthoflavivirus nilense,10787,complete,"USA: Ontario Co., NY",USA,NY,Corvus brachyrhynchos,NA,7/29/04,Lineage_1
KX547198,West Nile virus,GenBank,set:KX547198,"Shabman,R., Das,S.R., Halpin,R.A., Shilts,M., Fedorova,N., Puri,V., Amedeo,P., Shrivastava,S., Maffei,J., Dupuis,A., Jones,S., Backenson,B., Zink,S., Ciota,A., Kramer,L.",J. Craig Venter Institute,USA,8/2/16,NA,Orthoflavivirus nilense,10786,complete,"USA: Onondaga Co., NY",USA,NY,Culiseta,NA,8/28/12,Lineage_1
KX547199,West Nile virus,GenBank,set:KX547199,"Shabman,R., Das,S.R., Halpin,R.A., Shilts,M., Fedorova,N., Puri,V., Amedeo,P., Shrivastava,S., Maffei,J., Dupuis,A., Jones,S., Backenson,B., Zink,S., Ciota,A., Kramer,L.",J. Craig Venter Institute,USA,8/2/16,NA,Orthoflavivirus nilense,10787,complete,"USA: Suffolk Co., NY",USA,NY,Culex,NA,7/20/05,Lineage_1
KX547200,West Nile virus,GenBank,set:KX547200,"Shabman,R., Das,S.R., Halpin,R.A., Shilts,M., Fedorova,N., Puri,V., Amedeo,P., Shrivastava,S., Maffei,J., Dupuis,A., Jones,S., Backenson,B., Zink,S., Ciota,A., Kramer,L.",J. Craig Venter Institute,USA,8/2/16,NA,Orthoflavivirus nilense,10787,complete,"USA: Orange Co., NY",USA,NY,Culex,NA,8/16/12,Lineage_1
KX547201,West Nile virus,GenBank,set:KX547201,"Shabman,R., Das,S.R., Halpin,R.A., Shilts,M., Fedorova,N., Puri,V., Amedeo,P., Shrivastava,S., Maffei,J., Dupuis,A., Jones,S., Backenson,B., Zink,S., Ciota,A., Kramer,L.",J. Craig Venter Institute,USA,8/2/16,NA,Orthoflavivirus nilense,10787,complete,"USA: Nassau Co., NY",USA,NY,Aedes sp.,NA,7/20/12,Lineage_1
KX547202,West Nile virus,GenBank,set:KX547202,"Shabman,R., Das,S.R., Halpin,R.A., Shilts,M., Fedorova,N., Puri,V., Amedeo,P., Shrivastava,S., Maffei,J., Dupuis,A., Jones,S., Backenson,B., Zink,S., Ciota,A., Kramer,L.",J. Craig Venter Institute,USA,8/2/16,NA,Orthoflavivirus nilense,10787,complete,"USA: Niagara Co., NY",USA,NY,Larus delawarensis,NA,9/26/04,Lineage_1
KX547203,West Nile virus,GenBank,set:KX547203,"Shabman,R., Das,S.R., Halpin,R.A., Shilts,M., Fedorova,N., Puri,V., Amedeo,P., Shrivastava,S., Maffei,J., Dupuis,A., Jones,S., Backenson,B., Zink,S., Ciota,A., Kramer,L.",J. Craig Venter Institute,USA,8/2/16,NA,Orthoflavivirus nilense,10787,complete,"USA: Suffolk Co., NY",USA,NY,Culex,NA,10/4/01,Lineage_1
KX547204,West Nile virus,GenBank,set:KX547204,"Shabman,R., Das,S.R., Halpin,R.A., Shilts,M., Fedorova,N., Puri,V., Amedeo,P., Shrivastava,S., Maffei,J., Dupuis,A., Jones,S., Backenson,B., Zink,S., Ciota,A., Kramer,L.",J. Craig Venter Institute,USA,8/2/16,NA,Orthoflavivirus nilense,10787,complete,"USA: Washington Co., NY",USA,NY,Corvus brachyrhynchos,NA,9/12/02,Lineage_1
KX547205,West Nile virus,GenBank,set:KX547205,"Shabman,R., Das,S.R., Halpin,R.A., Shilts,M., Fedorova,N., Puri,V., Amedeo,P., Shrivastava,S., Maffei,J., Dupuis,A., Jones,S., Backenson,B., Zink,S., Ciota,A., Kramer,L.",J. Craig Venter Institute,USA,8/2/16,NA,Orthoflavivirus nilense,10787,complete,"USA: Rockland Co., NY",USA,NY,Culex,NA,8/19/05,Lineage_1
KX547206,West Nile virus,GenBank,set:KX547206,"Shabman,R., Das,S.R., Halpin,R.A., Shilts,M., Fedorova,N., Puri,V., Amedeo,P., Shrivastava,S., Maffei,J., Dupuis,A., Jones,S., Backenson,B., Zink,S., Ciota,A., Kramer,L.",J. Craig Venter Institute,USA,8/2/16,NA,Orthoflavivirus nilense,10787,complete,"USA: Chautauqua Co., NY",USA,NY,Culiseta,NA,8/7/15,Lineage_1
KX547207,West Nile virus,GenBank,set:KX547207,"Shabman,R., Das,S.R., Halpin,R.A., Shilts,M., Fedorova,N., Puri,V., Amedeo,P., Shrivastava,S., Maffei,J., Dupuis,A., Jones,S., Backenson,B., Zink,S., Ciota,A., Kramer,L.",J. Craig Venter Institute,USA,8/2/16,NA,Orthoflavivirus nilense,10787,complete,"USA: Fulton Co., NY",USA,NY,Corvus brachyrhynchos,NA,8/14/02,Lineage_1
KX547208,West Nile virus,GenBank,set:KX547208,"Shabman,R., Das,S.R., Halpin,R.A., Shilts,M., Fedorova,N., Puri,V., Amedeo,P., Shrivastava,S., Maffei,J., Dupuis,A., Jones,S., Backenson,B., Zink,S., Ciota,A., Kramer,L.",J. Craig Venter Institute,USA,8/2/16,NA,Orthoflavivirus nilense,10787,complete,"USA: Dutchess Co., NY",USA,NY,Culex,NA,7/2/07,Lineage_1
KX547209,West Nile virus,GenBank,set:KX547209,"Shabman,R., Das,S.R., Halpin,R.A., Shilts,M., Fedorova,N., Puri,V., Amedeo,P., Shrivastava,S., Maffei,J., Dupuis,A., Jones,S., Backenson,B., Zink,S., Ciota,A., Kramer,L.",J. Craig Venter Institute,USA,8/2/16,NA,Orthoflavivirus nilense,10787,complete,"USA: Montgomery Co., NY",USA,NY,Corvus brachyrhynchos,NA,10/22/06,Lineage_1
KX547210,West Nile virus,GenBank,set:KX547210,"Shabman,R., Das,S.R., Halpin,R.A., Shilts,M., Fedorova,N., Puri,V., Amedeo,P., Shrivastava,S., Maffei,J., Dupuis,A., Jones,S., Backenson,B., Zink,S., Ciota,A., Kramer,L.",J. Craig Venter Institute,USA,8/2/16,NA,Orthoflavivirus nilense,10787,complete,"USA: Nassau Co., NY",USA,NY,Culex,NA,8/17/01,Lineage_1
KX547211,West Nile virus,GenBank,set:KX547211,"Shabman,R., Das,S.R., Halpin,R.A., Shilts,M., Fedorova,N., Puri,V., Amedeo,P., Shrivastava,S., Maffei,J., Dupuis,A., Jones,S., Backenson,B., Zink,S., Ciota,A., Kramer,L.",J. Craig Venter Institute,USA,8/2/16,NA,Orthoflavivirus nilense,10787,complete,"USA: Putnam Co., NY",USA,NY,Corvus brachyrhynchos,NA,9/11/06,Lineage_1
KX547212,West Nile virus,GenBank,set:KX547212,"Shabman,R., Das,S.R., Halpin,R.A., Shilts,M., Fedorova,N., Puri,V., Amedeo,P., Shrivastava,S., Maffei,J., Dupuis,A., Jones,S., Backenson,B., Zink,S., Ciota,A., Kramer,L.",J. Craig Venter Institute,USA,8/2/16,NA,Orthoflavivirus nilense,10787,complete,"USA: Orange Co., NY",USA,NY,Culex,NA,9/30/03,Lineage_1
KX547213,West Nile virus,GenBank,set:KX547213,"Shabman,R., Das,S.R., Halpin,R.A., Shilts,M., Fedorova,N., Puri,V., Amedeo,P., Shrivastava,S., Maffei,J., Dupuis,A., Jones,S., Backenson,B., Zink,S., Ciota,A., Kramer,L.",J. Craig Venter Institute,USA,8/2/16,NA,Orthoflavivirus nilense,10787,complete,"USA: Ulster Co., NY",USA,NY,Cyanocitta cristata,NA,9/13/02,Lineage_1
KX547214,West Nile virus,GenBank,set:KX547214,"Shabman,R., Das,S.R., Halpin,R.A., Shilts,M., Fedorova,N., Puri,V., Amedeo,P., Shrivastava,S., Maffei,J., Dupuis,A., Jones,S., Backenson,B., Zink,S., Ciota,A., Kramer,L.",J. Craig Venter Institute,USA,8/2/16,NA,Orthoflavivirus nilense,10787,complete,"USA: Chautauqua Co., NY",USA,NY,Corvus brachyrhynchos,NA,9/10/09,Lineage_1
KX547215,West Nile virus,GenBank,set:KX547215,"Shabman,R., Das,S.R., Halpin,R.A., Shilts,M., Fedorova,N., Puri,V., Amedeo,P., Shrivastava,S., Maffei,J., Dupuis,A., Jones,S., Backenson,B., Zink,S., Ciota,A., Kramer,L.",J. Craig Venter Institute,USA,8/2/16,NA,Orthoflavivirus nilense,10781,complete,"USA: Niagara Co., NY",USA,NY,Culex,NA,8/22/06,Lineage_1
KX547216,West Nile virus,GenBank,set:KX547216,"Shabman,R., Das,S.R., Halpin,R.A., Shilts,M., Fedorova,N., Puri,V., Amedeo,P., Shrivastava,S., Maffei,J., Dupuis,A., Jones,S., Backenson,B., Zink,S., Ciota,A., Kramer,L.",J. Craig Venter Institute,USA,8/2/16,NA,Orthoflavivirus nilense,10787,complete,"USA: Rockland Co., NY",USA,NY,Culex,NA,9/16/11,Lineage_1
KX547217,West Nile virus,GenBank,set:KX547217,"Shabman,R., Das,S.R., Halpin,R.A., Shilts,M., Fedorova,N., Puri,V., Amedeo,P., Shrivastava,S., Maffei,J., Dupuis,A., Jones,S., Backenson,B., Zink,S., Ciota,A., Kramer,L.",J. Craig Venter Institute,USA,8/2/16,NA,Orthoflavivirus nilense,10787,complete,"USA: Kings Co., NY",USA,NY,Colaptes auratus,NA,9/29/05,Lineage_1
KX547218,West Nile virus,GenBank,set:KX547218,"Shabman,R., Das,S.R., Halpin,R.A., Shilts,M., Fedorova,N., Puri,V., Amedeo,P., Shrivastava,S., Maffei,J., Dupuis,A., Jones,S., Backenson,B., Zink,S., Ciota,A., Kramer,L.",J. Craig Venter Institute,USA,8/2/16,NA,Orthoflavivirus nilense,10787,complete,"USA: Monroe Co., NY",USA,NY,Culex,NA,8/14/03,Lineage_1
KX547219,West Nile virus,GenBank,set:KX547219,"Shabman,R., Das,S.R., Halpin,R.A., Shilts,M., Fedorova,N., Puri,V., Amedeo,P., Shrivastava,S., Maffei,J., Dupuis,A., Jones,S., Backenson,B., Zink,S., Ciota,A., Kramer,L.",J. Craig Venter Institute,USA,8/2/16,NA,Orthoflavivirus nilense,10787,complete,"USA: Dutchess Co., NY",USA,NY,Culex,NA,8/30/07,Lineage_1
KX547220,West Nile virus,GenBank,set:KX547220,"Shabman,R., Das,S.R., Halpin,R.A., Shilts,M., Fedorova,N., Puri,V., Amedeo,P., Shrivastava,S., Maffei,J., Dupuis,A., Jones,S., Backenson,B., Zink,S., Ciota,A., Kramer,L.",J. Craig Venter Institute,USA,8/2/16,NA,Orthoflavivirus nilense,10787,complete,"USA: Suffolk Co., NY",USA,NY,Coquillettidia,NA,8/18/11,Lineage_1
KX547221,West Nile virus,GenBank,set:KX547221,"Shabman,R., Das,S.R., Halpin,R.A., Shilts,M., Fedorova,N., Puri,V., Amedeo,P., Shrivastava,S., Maffei,J., Dupuis,A., Jones,S., Backenson,B., Zink,S., Ciota,A., Kramer,L.",J. Craig Venter Institute,USA,8/2/16,NA,Orthoflavivirus nilense,10787,complete,"USA: Nassau Co., NY",USA,NY,Culex,NA,9/23/14,Lineage_1
KX547222,West Nile virus,GenBank,set:KX547222,"Shabman,R., Das,S.R., Halpin,R.A., Shilts,M., Fedorova,N., Puri,V., Amedeo,P., Shrivastava,S., Maffei,J., Dupuis,A., Jones,S., Backenson,B., Zink,S., Ciota,A., Kramer,L.",J. Craig Venter Institute,USA,8/2/16,NA,Orthoflavivirus nilense,10786,complete,"USA: Nassau Co., NY",USA,NY,Aedes sp.,NA,7/6/12,Lineage_1
KX547223,West Nile virus,GenBank,set:KX547223,"Shabman,R., Das,S.R., Halpin,R.A., Shilts,M., Fedorova,N., Puri,V., Amedeo,P., Shrivastava,S., Maffei,J., Dupuis,A., Jones,S., Backenson,B., Zink,S., Ciota,A., Kramer,L.",J. Craig Venter Institute,USA,8/2/16,NA,Orthoflavivirus nilense,10787,complete,"USA: Queens Co., NY",USA,NY,Corvus brachyrhynchos,NA,9/16/05,Lineage_1
KX547224,West Nile virus,GenBank,set:KX547224,"Shabman,R., Das,S.R., Halpin,R.A., Shilts,M., Fedorova,N., Puri,V., Amedeo,P., Shrivastava,S., Maffei,J., Dupuis,A., Jones,S., Backenson,B., Zink,S., Ciota,A., Kramer,L.",J. Craig Venter Institute,USA,8/2/16,NA,Orthoflavivirus nilense,10787,complete,"USA: Rockland Co., NY",USA,NY,Culex,NA,9/8/06,Lineage_1
KX547225,West Nile virus,GenBank,set:KX547225,"Shabman,R., Das,S.R., Halpin,R.A., Shilts,M., Fedorova,N., Puri,V., Amedeo,P., Shrivastava,S., Maffei,J., Dupuis,A., Jones,S., Backenson,B., Zink,S., Ciota,A., Kramer,L.",J. Craig Venter Institute,USA,8/2/16,NA,Orthoflavivirus nilense,10787,complete,"USA: Rockland Co., NY",USA,NY,Culex,NA,9/17/10,Lineage_1
KX547226,West Nile virus,GenBank,set:KX547226,"Shabman,R., Das,S.R., Halpin,R.A., Shilts,M., Fedorova,N., Puri,V., Amedeo,P., Shrivastava,S., Maffei,J., Dupuis,A., Jones,S., Backenson,B., Zink,S., Ciota,A., Kramer,L.",J. Craig Venter Institute,USA,8/2/16,NA,Orthoflavivirus nilense,10787,complete,"USA: Onondaga Co., NY",USA,NY,Culex,NA,7/25/07,Lineage_1
KX547227,West Nile virus,GenBank,set:KX547227,"Shabman,R., Das,S.R., Halpin,R.A., Shilts,M., Fedorova,N., Puri,V., Amedeo,P., Shrivastava,S., Maffei,J., Dupuis,A., Jones,S., Backenson,B., Zink,S., Ciota,A., Kramer,L.",J. Craig Venter Institute,USA,8/2/16,NA,Orthoflavivirus nilense,10787,complete,"USA: Erie Co., NY",USA,NY,Culex,NA,9/1/11,Lineage_1
KX547228,West Nile virus,GenBank,set:KX547228,"Shabman,R., Das,S.R., Halpin,R.A., Shilts,M., Fedorova,N., Puri,V., Amedeo,P., Shrivastava,S., Maffei,J., Dupuis,A., Jones,S., Backenson,B., Zink,S., Ciota,A., Kramer,L.",J. Craig Venter Institute,USA,8/2/16,NA,Orthoflavivirus nilense,10787,complete,"USA: Richmond Co., NY",USA,NY,Passer domesticus,NA,9/10/02,Lineage_1
KX547229,West Nile virus,GenBank,set:KX547229,"Shabman,R., Das,S.R., Halpin,R.A., Shilts,M., Fedorova,N., Puri,V., Amedeo,P., Shrivastava,S., Maffei,J., Dupuis,A., Jones,S., Backenson,B., Zink,S., Ciota,A., Kramer,L.",J. Craig Venter Institute,USA,8/2/16,NA,Orthoflavivirus nilense,10787,complete,"USA: Orleans Co., NY",USA,NY,Cyanocitta cristata,NA,8/29/06,Lineage_1
KX547230,West Nile virus,GenBank,set:KX547230,"Shabman,R., Das,S.R., Halpin,R.A., Shilts,M., Fedorova,N., Puri,V., Amedeo,P., Shrivastava,S., Maffei,J., Dupuis,A., Jones,S., Backenson,B., Zink,S., Ciota,A., Kramer,L.",J. Craig Venter Institute,USA,8/2/16,NA,Orthoflavivirus nilense,10787,complete,"USA: Niagara Co., NY",USA,NY,Culex,NA,9/20/02,Lineage_1
KX547231,West Nile virus,GenBank,set:KX547231,"Shabman,R., Das,S.R., Halpin,R.A., Shilts,M., Fedorova,N., Puri,V., Amedeo,P., Shrivastava,S., Maffei,J., Dupuis,A., Jones,S., Backenson,B., Zink,S., Ciota,A., Kramer,L.",J. Craig Venter Institute,USA,8/2/16,NA,Orthoflavivirus nilense,10787,complete,"USA: Westchester Co., NY",USA,NY,Culex,NA,8/7/07,Lineage_1
KX547232,West Nile virus,GenBank,set:KX547232,"Shabman,R., Das,S.R., Halpin,R.A., Shilts,M., Fedorova,N., Puri,V., Amedeo,P., Shrivastava,S., Maffei,J., Dupuis,A., Jones,S., Backenson,B., Zink,S., Ciota,A., Kramer,L.",J. Craig Venter Institute,USA,8/2/16,NA,Orthoflavivirus nilense,10787,complete,"USA: Richmond Co., NY",USA,NY,Passer domesticus,NA,8/30/04,Lineage_1
KX547233,West Nile virus,GenBank,set:KX547233,"Shabman,R., Das,S.R., Halpin,R.A., Shilts,M., Fedorova,N., Puri,V., Amedeo,P., Shrivastava,S., Maffei,J., Dupuis,A., Jones,S., Backenson,B., Zink,S., Ciota,A., Kramer,L.",J. Craig Venter Institute,USA,8/2/16,NA,Orthoflavivirus nilense,10787,complete,"USA: Richmond Co., NY",USA,NY,Quiscalus quiscula,NA,7/19/07,Lineage_1
KX547234,West Nile virus,GenBank,set:KX547234,"Shabman,R., Das,S.R., Halpin,R.A., Shilts,M., Fedorova,N., Puri,V., Amedeo,P., Shrivastava,S., Maffei,J., Dupuis,A., Jones,S., Backenson,B., Zink,S., Ciota,A., Kramer,L.",J. Craig Venter Institute,USA,8/2/16,NA,Orthoflavivirus nilense,10787,complete,"USA: Westchester Co., NY",USA,NY,Culex,NA,7/3/12,Lineage_1
KX547235,West Nile virus,GenBank,set:KX547235,"Shabman,R., Das,S.R., Halpin,R.A., Shilts,M., Fedorova,N., Puri,V., Amedeo,P., Shrivastava,S., Maffei,J., Dupuis,A., Jones,S., Backenson,B., Zink,S., Ciota,A., Kramer,L.",J. Craig Venter Institute,USA,8/2/16,NA,Orthoflavivirus nilense,10787,complete,"USA: Orange Co., NY",USA,NY,Culex,NA,8/13/15,Lineage_1
KX547236,West Nile virus,GenBank,set:KX547236,"Shabman,R., Das,S.R., Halpin,R.A., Shilts,M., Fedorova,N., Puri,V., Amedeo,P., Shrivastava,S., Maffei,J., Dupuis,A., Jones,S., Backenson,B., Zink,S., Ciota,A., Kramer,L.",J. Craig Venter Institute,USA,8/2/16,NA,Orthoflavivirus nilense,10787,complete,"USA: Onondaga Co., NY",USA,NY,Aedes sp.,NA,9/15/11,Lineage_1
KX547237,West Nile virus,GenBank,set:KX547237,"Shabman,R., Das,S.R., Halpin,R.A., Shilts,M., Fedorova,N., Puri,V., Amedeo,P., Shrivastava,S., Maffei,J., Dupuis,A., Jones,S., Backenson,B., Zink,S., Ciota,A., Kramer,L.",J. Craig Venter Institute,USA,8/2/16,NA,Orthoflavivirus nilense,10788,complete,"USA: Genesee Co., NY",USA,NY,Corvus brachyrhynchos,NA,8/12/04,Lineage_1
KX547238,West Nile virus,GenBank,set:KX547238,"Shabman,R., Das,S.R., Halpin,R.A., Shilts,M., Fedorova,N., Puri,V., Amedeo,P., Shrivastava,S., Maffei,J., Dupuis,A., Jones,S., Backenson,B., Zink,S., Ciota,A., Kramer,L.",J. Craig Venter Institute,USA,8/2/16,NA,Orthoflavivirus nilense,10787,complete,"USA: St. Lawrence Co., NY",USA,NY,Corvus brachyrhynchos,NA,8/21/02,Lineage_1
KX547239,West Nile virus,GenBank,set:KX547239,"Shabman,R., Das,S.R., Halpin,R.A., Shilts,M., Fedorova,N., Puri,V., Amedeo,P., Shrivastava,S., Maffei,J., Dupuis,A., Jones,S., Backenson,B., Zink,S., Ciota,A., Kramer,L.",J. Craig Venter Institute,USA,8/2/16,NA,Orthoflavivirus nilense,10787,complete,"USA: Suffolk Co., NY",USA,NY,Culiseta,NA,8/20/03,Lineage_1
KX547240,West Nile virus,GenBank,set:KX547240,"Shabman,R., Das,S.R., Halpin,R.A., Shilts,M., Fedorova,N., Puri,V., Amedeo,P., Shrivastava,S., Maffei,J., Dupuis,A., Jones,S., Backenson,B., Zink,S., Ciota,A., Kramer,L.",J. Craig Venter Institute,USA,8/2/16,NA,Orthoflavivirus nilense,10787,complete,"USA: Westchester Co., NY",USA,NY,Culex,NA,9/3/08,Lineage_1
KX547241,West Nile virus,GenBank,set:KX547241,"Shabman,R., Das,S.R., Halpin,R.A., Shilts,M., Fedorova,N., Puri,V., Amedeo,P., Shrivastava,S., Maffei,J., Dupuis,A., Jones,S., Backenson,B., Zink,S., Ciota,A., Kramer,L.",J. Craig Venter Institute,USA,8/2/16,NA,Orthoflavivirus nilense,10787,complete,"USA: Erie Co., NY",USA,NY,Culex,NA,9/9/03,Lineage_1
KX547242,West Nile virus,GenBank,set:KX547242,"Shabman,R., Das,S.R., Halpin,R.A., Shilts,M., Fedorova,N., Puri,V., Amedeo,P., Shrivastava,S., Maffei,J., Dupuis,A., Jones,S., Backenson,B., Zink,S., Ciota,A., Kramer,L.",J. Craig Venter Institute,USA,8/2/16,NA,Orthoflavivirus nilense,10787,complete,"USA: Westchester Co., NY",USA,NY,Culex,NA,8/3/10,Lineage_1
KX547243,West Nile virus,GenBank,set:KX547243,"Shabman,R., Das,S.R., Halpin,R.A., Shilts,M., Fedorova,N., Puri,V., Amedeo,P., Shrivastava,S., Maffei,J., Dupuis,A., Jones,S., Backenson,B., Zink,S., Ciota,A., Kramer,L.",J. Craig Venter Institute,USA,8/2/16,NA,Orthoflavivirus nilense,10787,complete,"USA: Lewis Co., NY",USA,NY,Corvus brachyrhynchos,NA,8/23/06,Lineage_1
KX547244,West Nile virus,GenBank,set:KX547244,"Shabman,R., Das,S.R., Halpin,R.A., Shilts,M., Fedorova,N., Puri,V., Amedeo,P., Shrivastava,S., Maffei,J., Dupuis,A., Jones,S., Backenson,B., Zink,S., Ciota,A., Kramer,L.",J. Craig Venter Institute,USA,8/2/16,NA,Orthoflavivirus nilense,10787,complete,"USA: Clinton Co., NY",USA,NY,Corvus brachyrhynchos,NA,10/2/03,Lineage_1
KX547245,West Nile virus,GenBank,set:KX547245,"Shabman,R., Das,S.R., Halpin,R.A., Shilts,M., Fedorova,N., Puri,V., Amedeo,P., Shrivastava,S., Maffei,J., Dupuis,A., Jones,S., Backenson,B., Zink,S., Ciota,A., Kramer,L.",J. Craig Venter Institute,USA,8/2/16,NA,Orthoflavivirus nilense,10787,complete,"USA: Nassau Co., NY",USA,NY,Culex,NA,9/13/02,Lineage_1
KX547246,West Nile virus,GenBank,set:KX547246,"Shabman,R., Das,S.R., Halpin,R.A., Shilts,M., Fedorova,N., Puri,V., Amedeo,P., Shrivastava,S., Maffei,J., Dupuis,A., Jones,S., Backenson,B., Zink,S., Ciota,A., Kramer,L.",J. Craig Venter Institute,USA,8/2/16,NA,Orthoflavivirus nilense,10787,complete,"USA: Chemung Co., NY",USA,NY,Corvus brachyrhynchos,NA,9/6/02,Lineage_1
KX547247,West Nile virus,GenBank,set:KX547247,"Shabman,R., Das,S.R., Halpin,R.A., Shilts,M., Fedorova,N., Puri,V., Amedeo,P., Shrivastava,S., Maffei,J., Dupuis,A., Jones,S., Backenson,B., Zink,S., Ciota,A., Kramer,L.",J. Craig Venter Institute,USA,8/2/16,NA,Orthoflavivirus nilense,10787,complete,"USA: Erie Co., NY",USA,NY,Culex,NA,8/14/02,Lineage_1
KX547248,West Nile virus,GenBank,set:KX547248,"Shabman,R., Das,S.R., Halpin,R.A., Shilts,M., Fedorova,N., Puri,V., Amedeo,P., Shrivastava,S., Maffei,J., Dupuis,A., Jones,S., Backenson,B., Zink,S., Ciota,A., Kramer,L.",J. Craig Venter Institute,USA,8/2/16,NA,Orthoflavivirus nilense,10787,complete,"USA: Rockland Co., NY",USA,NY,Culex,NA,9/26/03,Lineage_1
KX547249,West Nile virus,GenBank,set:KX547249,"Shabman,R., Das,S.R., Halpin,R.A., Shilts,M., Fedorova,N., Puri,V., Amedeo,P., Shrivastava,S., Maffei,J., Dupuis,A., Jones,S., Backenson,B., Zink,S., Ciota,A., Kramer,L.",J. Craig Venter Institute,USA,8/2/16,NA,Orthoflavivirus nilense,10787,complete,"USA: Queens Co., NY",USA,NY,Quiscalus quiscula,NA,9/15/04,Lineage_1
KX547250,West Nile virus,GenBank,set:KX547250,"Shabman,R., Das,S.R., Halpin,R.A., Shilts,M., Fedorova,N., Puri,V., Amedeo,P., Shrivastava,S., Maffei,J., Dupuis,A., Jones,S., Backenson,B., Zink,S., Ciota,A., Kramer,L.",J. Craig Venter Institute,USA,8/2/16,NA,Orthoflavivirus nilense,10787,complete,"USA: Erie Co., NY",USA,NY,Corvus brachyrhynchos,NA,8/3/06,Lineage_1
KX547251,West Nile virus,GenBank,set:KX547251,"Shabman,R., Das,S.R., Halpin,R.A., Shilts,M., Fedorova,N., Puri,V., Amedeo,P., Shrivastava,S., Maffei,J., Dupuis,A., Jones,S., Backenson,B., Zink,S., Ciota,A., Kramer,L.",J. Craig Venter Institute,USA,8/2/16,NA,Orthoflavivirus nilense,10787,complete,"USA: Rockland Co., NY",USA,NY,Culex,NA,7/19/02,Lineage_1
KX547252,West Nile virus,GenBank,set:KX547252,"Shabman,R., Das,S.R., Halpin,R.A., Shilts,M., Fedorova,N., Puri,V., Amedeo,P., Shrivastava,S., Maffei,J., Dupuis,A., Jones,S., Backenson,B., Zink,S., Ciota,A., Kramer,L.",J. Craig Venter Institute,USA,8/2/16,NA,Orthoflavivirus nilense,10787,complete,"USA: Onondaga Co., NY",USA,NY,Culiseta,NA,9/13/02,Lineage_1
KX547253,West Nile virus,GenBank,set:KX547253,"Shabman,R., Das,S.R., Halpin,R.A., Shilts,M., Fedorova,N., Puri,V., Amedeo,P., Shrivastava,S., Maffei,J., Dupuis,A., Jones,S., Backenson,B., Zink,S., Ciota,A., Kramer,L.",J. Craig Venter Institute,USA,8/2/16,NA,Orthoflavivirus nilense,10787,complete,"USA: St. Lawrence Co., NY",USA,NY,Corvus brachyrhynchos,NA,5/30/04,Lineage_1
KX547254,West Nile virus,GenBank,set:KX547254,"Shabman,R., Das,S.R., Halpin,R.A., Shilts,M., Fedorova,N., Puri,V., Amedeo,P., Shrivastava,S., Maffei,J., Dupuis,A., Jones,S., Backenson,B., Zink,S., Ciota,A., Kramer,L.",J. Craig Venter Institute,USA,8/2/16,NA,Orthoflavivirus nilense,10787,complete,"USA: Suffolk Co., NY",USA,NY,Culex,NA,7/17/13,Lineage_1
KX547255,West Nile virus,GenBank,set:KX547255,"Shabman,R., Das,S.R., Halpin,R.A., Shilts,M., Fedorova,N., Puri,V., Amedeo,P., Shrivastava,S., Maffei,J., Dupuis,A., Jones,S., Backenson,B., Zink,S., Ciota,A., Kramer,L.",J. Craig Venter Institute,USA,8/2/16,NA,Orthoflavivirus nilense,10787,complete,"USA: Oswego Co., NY",USA,NY,Culiseta,NA,9/13/11,Lineage_1
KX547256,West Nile virus,GenBank,set:KX547256,"Shabman,R., Das,S.R., Halpin,R.A., Shilts,M., Fedorova,N., Puri,V., Amedeo,P., Shrivastava,S., Maffei,J., Dupuis,A., Jones,S., Backenson,B., Zink,S., Ciota,A., Kramer,L.",J. Craig Venter Institute,USA,8/2/16,NA,Orthoflavivirus nilense,10787,complete,"USA: Orange Co., NY",USA,NY,Culex,NA,8/10/04,Lineage_1
KX547257,West Nile virus,GenBank,set:KX547257,"Shabman,R., Das,S.R., Halpin,R.A., Shilts,M., Fedorova,N., Puri,V., Amedeo,P., Shrivastava,S., Maffei,J., Dupuis,A., Jones,S., Backenson,B., Zink,S., Ciota,A., Kramer,L.",J. Craig Venter Institute,USA,8/2/16,NA,Orthoflavivirus nilense,10787,complete,"USA: Erie Co., NY",USA,NY,Culex,NA,9/24/07,Lineage_1
KX547258,West Nile virus,GenBank,set:KX547258,"Shabman,R., Das,S.R., Halpin,R.A., Shilts,M., Fedorova,N., Puri,V., Amedeo,P., Shrivastava,S., Maffei,J., Dupuis,A., Jones,S., Backenson,B., Zink,S., Ciota,A., Kramer,L.",J. Craig Venter Institute,USA,8/2/16,NA,Orthoflavivirus nilense,10787,complete,"USA: Ontario Co., NY",USA,NY,Corvus brachyrhynchos,NA,7/12/06,Lineage_1
KX547259,West Nile virus,GenBank,set:KX547259,"Shabman,R., Das,S.R., Halpin,R.A., Shilts,M., Fedorova,N., Puri,V., Amedeo,P., Shrivastava,S., Maffei,J., Dupuis,A., Jones,S., Backenson,B., Zink,S., Ciota,A., Kramer,L.",J. Craig Venter Institute,USA,8/2/16,NA,Orthoflavivirus nilense,10787,complete,"USA: Niagara Co., NY",USA,NY,Cyanocitta cristata,NA,8/11/05,Lineage_1
KX547260,West Nile virus,GenBank,set:KX547260,"Shabman,R., Das,S.R., Halpin,R.A., Shilts,M., Fedorova,N., Puri,V., Amedeo,P., Shrivastava,S., Maffei,J., Dupuis,A., Jones,S., Backenson,B., Zink,S., Ciota,A., Kramer,L.",J. Craig Venter Institute,USA,8/2/16,NA,Orthoflavivirus nilense,10787,complete,"USA: Onondaga Co., NY",USA,NY,Corvus brachyrhynchos,NA,8/10/06,Lineage_1
KX547261,West Nile virus,GenBank,set:KX547261,"Shabman,R., Das,S.R., Halpin,R.A., Shilts,M., Fedorova,N., Puri,V., Amedeo,P., Shrivastava,S., Maffei,J., Dupuis,A., Jones,S., Backenson,B., Zink,S., Ciota,A., Kramer,L.",J. Craig Venter Institute,USA,8/2/16,NA,Orthoflavivirus nilense,10787,complete,"USA: Queens Co., NY",USA,NY,Passer domesticus,NA,9/4/02,Lineage_1
KX547262,West Nile virus,GenBank,set:KX547262,"Shabman,R., Das,S.R., Halpin,R.A., Shilts,M., Fedorova,N., Puri,V., Amedeo,P., Shrivastava,S., Maffei,J., Dupuis,A., Jones,S., Backenson,B., Zink,S., Ciota,A., Kramer,L.",J. Craig Venter Institute,USA,8/2/16,NA,Orthoflavivirus nilense,10787,complete,"USA: Onondaga Co., NY",USA,NY,Corvus brachyrhynchos,NA,7/20/05,Lineage_1
KX547263,West Nile virus,GenBank,set:KX547263,"Shabman,R., Das,S.R., Halpin,R.A., Shilts,M., Fedorova,N., Puri,V., Amedeo,P., Shrivastava,S., Maffei,J., Dupuis,A., Jones,S., Backenson,B., Zink,S., Ciota,A., Kramer,L.",J. Craig Venter Institute,USA,8/2/16,NA,Orthoflavivirus nilense,10787,complete,"USA: Albany Co., NY",USA,NY,Cardinalis cardinalis,NA,9/16/02,Lineage_1
KX547264,West Nile virus,GenBank,set:KX547264,"Shabman,R., Das,S.R., Halpin,R.A., Shilts,M., Fedorova,N., Puri,V., Amedeo,P., Shrivastava,S., Maffei,J., Dupuis,A., Jones,S., Backenson,B., Zink,S., Ciota,A., Kramer,L.",J. Craig Venter Institute,USA,8/2/16,NA,Orthoflavivirus nilense,10787,complete,"USA: Livingston Co., NY",USA,NY,Corvus brachyrhynchos,NA,8/16/04,Lineage_1
KX547265,West Nile virus,GenBank,set:KX547265,"Shabman,R., Das,S.R., Halpin,R.A., Shilts,M., Fedorova,N., Puri,V., Amedeo,P., Shrivastava,S., Maffei,J., Dupuis,A., Jones,S., Backenson,B., Zink,S., Ciota,A., Kramer,L.",J. Craig Venter Institute,USA,8/2/16,NA,Orthoflavivirus nilense,10787,complete,"USA: Suffolk Co., NY",USA,NY,Cyanocitta cristata,NA,8/31/09,Lineage_1
KX547266,West Nile virus,GenBank,set:KX547266,"Shabman,R., Das,S.R., Halpin,R.A., Shilts,M., Fedorova,N., Puri,V., Amedeo,P., Shrivastava,S., Maffei,J., Dupuis,A., Jones,S., Backenson,B., Zink,S., Ciota,A., Kramer,L.",J. Craig Venter Institute,USA,8/2/16,NA,Orthoflavivirus nilense,10787,complete,"USA: Nassau Co., NY",USA,NY,Culex,NA,8/9/02,Lineage_1
KX547267,West Nile virus,GenBank,set:KX547267,"Shabman,R., Das,S.R., Halpin,R.A., Shilts,M., Fedorova,N., Puri,V., Amedeo,P., Shrivastava,S., Maffei,J., Dupuis,A., Jones,S., Backenson,B., Zink,S., Ciota,A., Kramer,L.",J. Craig Venter Institute,USA,8/2/16,NA,Orthoflavivirus nilense,10787,complete,"USA: Dutchess Co., NY",USA,NY,Cyanocitta cristata,NA,9/29/03,Lineage_1
KX547268,West Nile virus,GenBank,set:KX547268,"Shabman,R., Das,S.R., Halpin,R.A., Shilts,M., Fedorova,N., Puri,V., Amedeo,P., Shrivastava,S., Maffei,J., Dupuis,A., Jones,S., Backenson,B., Zink,S., Ciota,A., Kramer,L.",J. Craig Venter Institute,USA,8/2/16,NA,Orthoflavivirus nilense,10787,complete,"USA: Nassau Co., NY",USA,NY,Culex,NA,8/9/06,Lineage_1
KX547269,West Nile virus,GenBank,set:KX547269,"Shabman,R., Das,S.R., Halpin,R.A., Shilts,M., Fedorova,N., Puri,V., Amedeo,P., Shrivastava,S., Maffei,J., Dupuis,A., Jones,S., Backenson,B., Zink,S., Ciota,A., Kramer,L.",J. Craig Venter Institute,USA,8/2/16,NA,Orthoflavivirus nilense,10787,complete,"USA: Oswego Co., NY",USA,NY,Culiseta,NA,8/23/13,Lineage_1
KX547270,West Nile virus,GenBank,set:KX547270,"Shabman,R., Das,S.R., Halpin,R.A., Shilts,M., Fedorova,N., Puri,V., Amedeo,P., Shrivastava,S., Maffei,J., Dupuis,A., Jones,S., Backenson,B., Zink,S., Ciota,A., Kramer,L.",J. Craig Venter Institute,USA,8/2/16,NA,Orthoflavivirus nilense,10787,complete,"USA: Albany Co., NY",USA,NY,Corvus brachyrhynchos,NA,8/23/06,Lineage_1
KX547271,West Nile virus,GenBank,set:KX547271,"Shabman,R., Das,S.R., Halpin,R.A., Shilts,M., Fedorova,N., Puri,V., Amedeo,P., Shrivastava,S., Maffei,J., Dupuis,A., Jones,S., Backenson,B., Zink,S., Ciota,A., Kramer,L.",J. Craig Venter Institute,USA,8/2/16,NA,Orthoflavivirus nilense,10787,complete,"USA: Seneca Co., NY",USA,NY,Cyanocitta cristata,NA,8/12/06,Lineage_1
KX547272,West Nile virus,GenBank,set:KX547272,"Shabman,R., Das,S.R., Halpin,R.A., Shilts,M., Fedorova,N., Puri,V., Amedeo,P., Shrivastava,S., Maffei,J., Dupuis,A., Jones,S., Backenson,B., Zink,S., Ciota,A., Kramer,L.",J. Craig Venter Institute,USA,8/2/16,NA,Orthoflavivirus nilense,10787,complete,"USA: Suffolk Co., NY",USA,NY,Culex,NA,8/7/01,Lineage_1
KX547273,West Nile virus,GenBank,set:KX547273,"Shabman,R., Das,S.R., Halpin,R.A., Shilts,M., Fedorova,N., Puri,V., Amedeo,P., Shrivastava,S., Maffei,J., Dupuis,A., Jones,S., Backenson,B., Zink,S., Ciota,A., Kramer,L.",J. Craig Venter Institute,USA,8/2/16,NA,Orthoflavivirus nilense,10787,complete,"USA: Erie Co., NY",USA,NY,Culex,NA,7/31/06,Lineage_1
KX547274,West Nile virus,GenBank,set:KX547274,"Shabman,R., Das,S.R., Halpin,R.A., Shilts,M., Fedorova,N., Puri,V., Amedeo,P., Shrivastava,S., Maffei,J., Dupuis,A., Jones,S., Backenson,B., Zink,S., Ciota,A., Kramer,L.",J. Craig Venter Institute,USA,8/2/16,NA,Orthoflavivirus nilense,10787,complete,"USA: Madison Co., NY",USA,NY,Culiseta,NA,9/5/13,Lineage_1
KX547275,West Nile virus,GenBank,set:KX547275,"Shabman,R., Das,S.R., Halpin,R.A., Shilts,M., Fedorova,N., Puri,V., Amedeo,P., Shrivastava,S., Maffei,J., Dupuis,A., Jones,S., Backenson,B., Zink,S., Ciota,A., Kramer,L.",J. Craig Venter Institute,USA,8/2/16,NA,Orthoflavivirus nilense,10787,complete,"USA: Jefferson Co., NY",USA,NY,Cyanocitta cristata,NA,9/3/04,Lineage_1
KX547276,West Nile virus,GenBank,set:KX547276,"Shabman,R., Das,S.R., Halpin,R.A., Shilts,M., Fedorova,N., Puri,V., Amedeo,P., Shrivastava,S., Maffei,J., Dupuis,A., Jones,S., Backenson,B., Zink,S., Ciota,A., Kramer,L.",J. Craig Venter Institute,USA,8/2/16,NA,Orthoflavivirus nilense,10787,complete,"USA: Erie Co., NY",USA,NY,Culex,NA,7/18/11,Lineage_1
KX547277,West Nile virus,GenBank,set:KX547277,"Shabman,R., Das,S.R., Halpin,R.A., Shilts,M., Fedorova,N., Puri,V., Amedeo,P., Shrivastava,S., Maffei,J., Dupuis,A., Jones,S., Backenson,B., Zink,S., Ciota,A., Kramer,L.",J. Craig Venter Institute,USA,8/2/16,NA,Orthoflavivirus nilense,10787,complete,"USA: Orange Co., NY",USA,NY,Culex,NA,9/23/04,Lineage_1
KX547278,West Nile virus,GenBank,set:KX547278,"Shabman,R., Das,S.R., Halpin,R.A., Shilts,M., Fedorova,N., Puri,V., Amedeo,P., Shrivastava,S., Maffei,J., Dupuis,A., Jones,S., Backenson,B., Zink,S., Ciota,A., Kramer,L.",J. Craig Venter Institute,USA,8/2/16,NA,Orthoflavivirus nilense,10787,complete,"USA: Albany Co., NY",USA,NY,Corvus brachyrhynchos,NA,9/17/12,Lineage_1
KX547279,West Nile virus,GenBank,set:KX547279,"Shabman,R., Das,S.R., Halpin,R.A., Shilts,M., Fedorova,N., Puri,V., Amedeo,P., Shrivastava,S., Maffei,J., Dupuis,A., Jones,S., Backenson,B., Zink,S., Ciota,A., Kramer,L.",J. Craig Venter Institute,USA,8/2/16,NA,Orthoflavivirus nilense,10787,complete,"USA: Suffolk Co., NY",USA,NY,Culex,NA,7/8/10,Lineage_1
KX547280,West Nile virus,GenBank,set:KX547280,"Shabman,R., Das,S.R., Halpin,R.A., Shilts,M., Fedorova,N., Puri,V., Amedeo,P., Shrivastava,S., Maffei,J., Dupuis,A., Jones,S., Backenson,B., Zink,S., Ciota,A., Kramer,L.",J. Craig Venter Institute,USA,8/2/16,NA,Orthoflavivirus nilense,10787,complete,"USA: Oswego Co., NY",USA,NY,Culiseta,NA,9/10/12,Lineage_1
KX547281,West Nile virus,GenBank,set:KX547281,"Shabman,R., Das,S.R., Halpin,R.A., Shilts,M., Fedorova,N., Puri,V., Amedeo,P., Shrivastava,S., Maffei,J., Dupuis,A., Jones,S., Backenson,B., Zink,S., Ciota,A., Kramer,L.",J. Craig Venter Institute,USA,8/2/16,NA,Orthoflavivirus nilense,10787,complete,"USA: Cortland Co., NY",USA,NY,Corvus brachyrhynchos,NA,6/4/04,Lineage_1
KX547282,West Nile virus,GenBank,set:KX547282,"Shabman,R., Das,S.R., Halpin,R.A., Shilts,M., Fedorova,N., Puri,V., Amedeo,P., Shrivastava,S., Maffei,J., Dupuis,A., Jones,S., Backenson,B., Zink,S., Ciota,A., Kramer,L.",J. Craig Venter Institute,USA,8/2/16,NA,Orthoflavivirus nilense,10786,complete,"USA: Orleans Co., NY",USA,NY,Cyanocitta cristata,NA,9/7/04,Lineage_1
KX547283,West Nile virus,GenBank,set:KX547283,"Shabman,R., Das,S.R., Halpin,R.A., Shilts,M., Fedorova,N., Puri,V., Amedeo,P., Shrivastava,S., Maffei,J., Dupuis,A., Jones,S., Backenson,B., Zink,S., Ciota,A., Kramer,L.",J. Craig Venter Institute,USA,8/2/16,NA,Orthoflavivirus nilense,10787,complete,"USA: Nassau Co., NY",USA,NY,Aedes sp.,NA,8/30/12,Lineage_1
KX547284,West Nile virus,GenBank,set:KX547284,"Shabman,R., Das,S.R., Halpin,R.A., Shilts,M., Fedorova,N., Puri,V., Amedeo,P., Shrivastava,S., Maffei,J., Dupuis,A., Jones,S., Backenson,B., Zink,S., Ciota,A., Kramer,L.",J. Craig Venter Institute,USA,8/2/16,NA,Orthoflavivirus nilense,10787,complete,"USA: Niagara Co., NY",USA,NY,Culex,NA,8/15/08,Lineage_1
KX547285,West Nile virus,GenBank,set:KX547285,"Shabman,R., Das,S.R., Halpin,R.A., Shilts,M., Fedorova,N., Puri,V., Amedeo,P., Shrivastava,S., Maffei,J., Dupuis,A., Jones,S., Backenson,B., Zink,S., Ciota,A., Kramer,L.",J. Craig Venter Institute,USA,8/2/16,NA,Orthoflavivirus nilense,10787,complete,"USA: Bronx Co., NY",USA,NY,Corvus brachyrhynchos,NA,8/16/04,Lineage_1
KX547286,West Nile virus,GenBank,set:KX547286,"Shabman,R., Das,S.R., Halpin,R.A., Shilts,M., Fedorova,N., Puri,V., Amedeo,P., Shrivastava,S., Maffei,J., Dupuis,A., Jones,S., Backenson,B., Zink,S., Ciota,A., Kramer,L.",J. Craig Venter Institute,USA,8/2/16,NA,Orthoflavivirus nilense,10785,complete,"USA: Chautauqua Co., NY",USA,NY,Culiseta,NA,9/3/15,Lineage_1
KX547287,West Nile virus,GenBank,set:KX547287,"Shabman,R., Das,S.R., Halpin,R.A., Shilts,M., Fedorova,N., Puri,V., Amedeo,P., Shrivastava,S., Maffei,J., Dupuis,A., Jones,S., Backenson,B., Zink,S., Ciota,A., Kramer,L.",J. Craig Venter Institute,USA,8/2/16,NA,Orthoflavivirus nilense,10787,complete,"USA: New York Co., NY",USA,NY,Passer domesticus,NA,9/29/03,Lineage_1
KX547288,West Nile virus,GenBank,set:KX547288,"Shabman,R., Das,S.R., Halpin,R.A., Shilts,M., Fedorova,N., Puri,V., Amedeo,P., Shrivastava,S., Maffei,J., Dupuis,A., Jones,S., Backenson,B., Zink,S., Ciota,A., Kramer,L.",J. Craig Venter Institute,USA,8/2/16,NA,Orthoflavivirus nilense,10787,complete,"USA: Broome Co., NY",USA,NY,Corvus brachyrhynchos,NA,7/27/03,Lineage_1
KX547289,West Nile virus,GenBank,set:KX547289,"Shabman,R., Das,S.R., Halpin,R.A., Shilts,M., Fedorova,N., Puri,V., Amedeo,P., Shrivastava,S., Maffei,J., Dupuis,A., Jones,S., Backenson,B., Zink,S., Ciota,A., Kramer,L.",J. Craig Venter Institute,USA,8/2/16,NA,Orthoflavivirus nilense,10787,complete,"USA: Cortland Co., NY",USA,NY,Corvus brachyrhynchos,NA,10/5/05,Lineage_1
KX547290,West Nile virus,GenBank,set:KX547290,"Shabman,R., Das,S.R., Halpin,R.A., Shilts,M., Fedorova,N., Puri,V., Amedeo,P., Shrivastava,S., Maffei,J., Dupuis,A., Jones,S., Backenson,B., Zink,S., Ciota,A., Kramer,L.",J. Craig Venter Institute,USA,8/2/16,NA,Orthoflavivirus nilense,10787,complete,"USA: Schenectady Co., NY",USA,NY,Corvus brachyrhynchos,NA,8/13/07,Lineage_1
KX547291,West Nile virus,GenBank,set:KX547291,"Shabman,R., Das,S.R., Halpin,R.A., Shilts,M., Fedorova,N., Puri,V., Amedeo,P., Shrivastava,S., Maffei,J., Dupuis,A., Jones,S., Backenson,B., Zink,S., Ciota,A., Kramer,L.",J. Craig Venter Institute,USA,8/2/16,NA,Orthoflavivirus nilense,10787,complete,"USA: Onondaga Co., NY",USA,NY,Culiseta,NA,8/14/12,Lineage_1
KX547292,West Nile virus,GenBank,set:KX547292,"Shabman,R., Das,S.R., Halpin,R.A., Shilts,M., Fedorova,N., Puri,V., Amedeo,P., Shrivastava,S., Maffei,J., Dupuis,A., Jones,S., Backenson,B., Zink,S., Ciota,A., Kramer,L.",J. Craig Venter Institute,USA,8/2/16,NA,Orthoflavivirus nilense,10787,complete,"USA: Sufolk Co., NY",USA,NY,Culex,NA,9/16/09,Lineage_1
KX547293,West Nile virus,GenBank,set:KX547293,"Shabman,R., Das,S.R., Halpin,R.A., Shilts,M., Fedorova,N., Puri,V., Amedeo,P., Shrivastava,S., Maffei,J., Dupuis,A., Jones,S., Backenson,B., Zink,S., Ciota,A., Kramer,L.",J. Craig Venter Institute,USA,8/2/16,NA,Orthoflavivirus nilense,10787,complete,"USA: Oswego Co., NY",USA,NY,Culiseta,NA,8/24/11,Lineage_1
KX547294,West Nile virus,GenBank,set:KX547294,"Shabman,R., Das,S.R., Halpin,R.A., Shilts,M., Fedorova,N., Puri,V., Amedeo,P., Shrivastava,S., Maffei,J., Dupuis,A., Jones,S., Backenson,B., Zink,S., Ciota,A., Kramer,L.",J. Craig Venter Institute,USA,8/2/16,NA,Orthoflavivirus nilense,10787,complete,"USA: Rockland Co., NY",USA,NY,Culex,NA,9/30/10,Lineage_1
KX547295,West Nile virus,GenBank,set:KX547295,"Shabman,R., Das,S.R., Halpin,R.A., Shilts,M., Fedorova,N., Puri,V., Amedeo,P., Shrivastava,S., Maffei,J., Dupuis,A., Jones,S., Backenson,B., Zink,S., Ciota,A., Kramer,L.",J. Craig Venter Institute,USA,8/2/16,NA,Orthoflavivirus nilense,10787,complete,"USA: Nassau Co., NY",USA,NY,Culex,NA,8/24/11,Lineage_1
KX547296,West Nile virus,GenBank,set:KX547296,"Shabman,R., Das,S.R., Halpin,R.A., Shilts,M., Fedorova,N., Puri,V., Amedeo,P., Shrivastava,S., Maffei,J., Dupuis,A., Jones,S., Backenson,B., Zink,S., Ciota,A., Kramer,L.",J. Craig Venter Institute,USA,8/2/16,NA,Orthoflavivirus nilense,10787,complete,"USA: Columbia Co., NY",USA,NY,Corvus brachyrhynchos,NA,5/11/04,Lineage_1
KX547297,West Nile virus,GenBank,set:KX547297,"Shabman,R., Das,S.R., Halpin,R.A., Shilts,M., Fedorova,N., Puri,V., Amedeo,P., Shrivastava,S., Maffei,J., Dupuis,A., Jones,S., Backenson,B., Zink,S., Ciota,A., Kramer,L.",J. Craig Venter Institute,USA,8/2/16,NA,Orthoflavivirus nilense,10784,complete,"USA: Orleans Co., NY",USA,NY,Corvus brachyrhynchos,NA,8/6/07,Lineage_1
KX547298,West Nile virus,GenBank,set:KX547298,"Shabman,R., Das,S.R., Halpin,R.A., Shilts,M., Fedorova,N., Puri,V., Amedeo,P., Shrivastava,S., Maffei,J., Dupuis,A., Jones,S., Backenson,B., Zink,S., Ciota,A., Kramer,L.",J. Craig Venter Institute,USA,8/2/16,NA,Orthoflavivirus nilense,10787,complete,"USA: Erie Co., NY",USA,NY,Culex,NA,8/3/04,Lineage_1
KX547299,West Nile virus,GenBank,set:KX547299,"Shabman,R., Das,S.R., Halpin,R.A., Shilts,M., Fedorova,N., Puri,V., Amedeo,P., Shrivastava,S., Maffei,J., Dupuis,A., Jones,S., Backenson,B., Zink,S., Ciota,A., Kramer,L.",J. Craig Venter Institute,USA,8/2/16,NA,Orthoflavivirus nilense,10787,complete,"USA: Otsego Co., NY",USA,NY,Corvus brachyrhynchos,NA,8/25/02,Lineage_1
KX547300,West Nile virus,GenBank,set:KX547300,"Shabman,R., Das,S.R., Halpin,R.A., Shilts,M., Fedorova,N., Puri,V., Amedeo,P., Shrivastava,S., Maffei,J., Dupuis,A., Jones,S., Backenson,B., Zink,S., Ciota,A., Kramer,L.",J. Craig Venter Institute,USA,8/2/16,NA,Orthoflavivirus nilense,10787,complete,"USA: Ulster Co., NY",USA,NY,Corvus brachyrhynchos,NA,8/17/09,Lineage_1
KX547301,West Nile virus,GenBank,set:KX547301,"Shabman,R., Das,S.R., Halpin,R.A., Shilts,M., Fedorova,N., Puri,V., Amedeo,P., Shrivastava,S., Maffei,J., Dupuis,A., Jones,S., Backenson,B., Zink,S., Ciota,A., Kramer,L.",J. Craig Venter Institute,USA,8/2/16,NA,Orthoflavivirus nilense,10787,complete,"USA: Onondaga Co., NY",USA,NY,Culiseta,NA,9/10/02,Lineage_1
KX547302,West Nile virus,GenBank,set:KX547302,"Shabman,R., Das,S.R., Halpin,R.A., Shilts,M., Fedorova,N., Puri,V., Amedeo,P., Shrivastava,S., Maffei,J., Dupuis,A., Jones,S., Backenson,B., Zink,S., Ciota,A., Kramer,L.",J. Craig Venter Institute,USA,8/2/16,NA,Orthoflavivirus nilense,10787,complete,"USA: Broome Co., NY",USA,NY,Corvus brachyrhynchos,NA,8/4/04,Lineage_1
KX547303,West Nile virus,GenBank,set:KX547303,"Shabman,R., Das,S.R., Halpin,R.A., Shilts,M., Fedorova,N., Puri,V., Amedeo,P., Shrivastava,S., Maffei,J., Dupuis,A., Jones,S., Backenson,B., Zink,S., Ciota,A., Kramer,L.",J. Craig Venter Institute,USA,8/2/16,NA,Orthoflavivirus nilense,10787,complete,"USA: Westchester Co., NY",USA,NY,Culex,NA,7/27/05,Lineage_1
KX547304,West Nile virus,GenBank,set:KX547304,"Shabman,R., Das,S.R., Halpin,R.A., Shilts,M., Fedorova,N., Puri,V., Amedeo,P., Shrivastava,S., Maffei,J., Dupuis,A., Jones,S., Backenson,B., Zink,S., Ciota,A., Kramer,L.",J. Craig Venter Institute,USA,8/2/16,NA,Orthoflavivirus nilense,10787,complete,"USA: Ulster Co., NY",USA,NY,Corvus brachyrhynchos,NA,9/2/04,Lineage_1
KX547305,West Nile virus,GenBank,set:KX547305,"Shabman,R., Das,S.R., Halpin,R.A., Shilts,M., Fedorova,N., Puri,V., Amedeo,P., Shrivastava,S., Maffei,J., Dupuis,A., Jones,S., Backenson,B., Zink,S., Ciota,A., Kramer,L.",J. Craig Venter Institute,USA,8/2/16,NA,Orthoflavivirus nilense,10786,complete,"USA: Albany Co., NY",USA,NY,Corvus brachyrhynchos,NA,8/25/02,Lineage_1
KX547306,West Nile virus,GenBank,set:KX547306,"Shabman,R., Das,S.R., Halpin,R.A., Shilts,M., Fedorova,N., Puri,V., Amedeo,P., Shrivastava,S., Maffei,J., Dupuis,A., Jones,S., Backenson,B., Zink,S., Ciota,A., Kramer,L.",J. Craig Venter Institute,USA,8/2/16,NA,Orthoflavivirus nilense,10787,complete,"USA: Westchester Co., NY",USA,NY,Culex,NA,9/2/09,Lineage_1
KX547307,West Nile virus,GenBank,set:KX547307,"Shabman,R., Das,S.R., Halpin,R.A., Shilts,M., Fedorova,N., Puri,V., Amedeo,P., Shrivastava,S., Maffei,J., Dupuis,A., Jones,S., Backenson,B., Zink,S., Ciota,A., Kramer,L.",J. Craig Venter Institute,USA,8/2/16,NA,Orthoflavivirus nilense,10787,complete,"USA: Bronx Co., NY",USA,NY,Cyanocitta cristata,NA,8/15/05,Lineage_1
KX547308,West Nile virus,GenBank,set:KX547308,"Shabman,R., Das,S.R., Halpin,R.A., Shilts,M., Fedorova,N., Puri,V., Amedeo,P., Shrivastava,S., Maffei,J., Dupuis,A., Jones,S., Backenson,B., Zink,S., Ciota,A., Kramer,L.",J. Craig Venter Institute,USA,8/2/16,NA,Orthoflavivirus nilense,10787,complete,"USA: Bronx Co., NY",USA,NY,Cyanocitta cristata,NA,9/30/04,Lineage_1
KX547309,West Nile virus,GenBank,set:KX547309,"Shabman,R., Das,S.R., Halpin,R.A., Shilts,M., Fedorova,N., Puri,V., Amedeo,P., Shrivastava,S., Maffei,J., Dupuis,A., Jones,S., Backenson,B., Zink,S., Ciota,A., Kramer,L.",J. Craig Venter Institute,USA,8/2/16,NA,Orthoflavivirus nilense,10784,complete,"USA: Suffolk Co., NY",USA,NY,Corvus brachyrhynchos,NA,8/14/08,Lineage_1
KX547310,West Nile virus,GenBank,set:KX547310,"Shabman,R., Das,S.R., Halpin,R.A., Shilts,M., Fedorova,N., Puri,V., Amedeo,P., Shrivastava,S., Maffei,J., Dupuis,A., Jones,S., Backenson,B., Zink,S., Ciota,A., Kramer,L.",J. Craig Venter Institute,USA,8/2/16,NA,Orthoflavivirus nilense,10787,complete,"USA: Westchester Co., NY",USA,NY,Culex,NA,8/26/03,Lineage_1
KX547311,West Nile virus,GenBank,set:KX547311,"Shabman,R., Das,S.R., Halpin,R.A., Shilts,M., Fedorova,N., Puri,V., Amedeo,P., Shrivastava,S., Maffei,J., Dupuis,A., Jones,S., Backenson,B., Zink,S., Ciota,A., Kramer,L.",J. Craig Venter Institute,USA,8/2/16,NA,Orthoflavivirus nilense,10787,complete,"USA: Albany Co., NY",USA,NY,Sciurus carolinensis,NA,9/25/03,Lineage_1
KX547312,West Nile virus,GenBank,set:KX547312,"Shabman,R., Das,S.R., Halpin,R.A., Shilts,M., Fedorova,N., Puri,V., Amedeo,P., Shrivastava,S., Maffei,J., Dupuis,A., Jones,S., Backenson,B., Zink,S., Ciota,A., Kramer,L.",J. Craig Venter Institute,USA,8/2/16,NA,Orthoflavivirus nilense,10787,complete,"USA: Niagara Co., NY",USA,NY,Corvus brachyrhynchos,NA,5/20/04,Lineage_1
KX547313,West Nile virus,GenBank,set:KX547313,"Shabman,R., Das,S.R., Halpin,R.A., Shilts,M., Fedorova,N., Puri,V., Amedeo,P., Shrivastava,S., Maffei,J., Dupuis,A., Jones,S., Backenson,B., Zink,S., Ciota,A., Kramer,L.",J. Craig Venter Institute,USA,8/2/16,NA,Orthoflavivirus nilense,10787,complete,"USA: Oswego Co., NY",USA,NY,Corvus brachyrhynchos,NA,8/3/04,Lineage_1
KX547314,West Nile virus,GenBank,set:KX547314,"Shabman,R., Das,S.R., Halpin,R.A., Shilts,M., Fedorova,N., Puri,V., Amedeo,P., Shrivastava,S., Maffei,J., Dupuis,A., Jones,S., Backenson,B., Zink,S., Ciota,A., Kramer,L.",J. Craig Venter Institute,USA,8/2/16,NA,Orthoflavivirus nilense,10787,complete,"USA: Broome Co., NY",USA,NY,Culex,NA,9/27/02,Lineage_1
KX547315,West Nile virus,GenBank,set:KX547315,"Shabman,R., Das,S.R., Halpin,R.A., Shilts,M., Fedorova,N., Puri,V., Amedeo,P., Shrivastava,S., Maffei,J., Dupuis,A., Jones,S., Backenson,B., Zink,S., Ciota,A., Kramer,L.",J. Craig Venter Institute,USA,8/2/16,NA,Orthoflavivirus nilense,10787,complete,"USA: Nassau Co., NY",USA,NY,Culex,NA,8/24/12,Lineage_1
KX547316,West Nile virus,GenBank,set:KX547316,"Shabman,R., Das,S.R., Halpin,R.A., Shilts,M., Fedorova,N., Puri,V., Amedeo,P., Shrivastava,S., Maffei,J., Dupuis,A., Jones,S., Backenson,B., Zink,S., Ciota,A., Kramer,L.",J. Craig Venter Institute,USA,8/2/16,NA,Orthoflavivirus nilense,10787,complete,"USA: Westchester Co., NY",USA,NY,Culex,NA,9/13/01,Lineage_1
KX547317,West Nile virus,GenBank,set:KX547317,"Shabman,R., Das,S.R., Halpin,R.A., Shilts,M., Fedorova,N., Puri,V., Amedeo,P., Shrivastava,S., Maffei,J., Dupuis,A., Jones,S., Backenson,B., Zink,S., Ciota,A., Kramer,L.",J. Craig Venter Institute,USA,8/2/16,NA,Orthoflavivirus nilense,10787,complete,"USA: Nassau Co., NY",USA,NY,Corvus brachyrhynchos,NA,7/27/04,Lineage_1
KX547318,West Nile virus,GenBank,set:KX547318,"Shabman,R., Das,S.R., Halpin,R.A., Shilts,M., Fedorova,N., Puri,V., Amedeo,P., Shrivastava,S., Maffei,J., Dupuis,A., Jones,S., Backenson,B., Zink,S., Ciota,A., Kramer,L.",J. Craig Venter Institute,USA,8/2/16,NA,Orthoflavivirus nilense,10787,complete,"USA: Niagara Co., NY",USA,NY,Cyanocitta cristata,NA,8/19/06,Lineage_1
KX547319,West Nile virus,GenBank,set:KX547319,"Shabman,R., Das,S.R., Halpin,R.A., Shilts,M., Fedorova,N., Puri,V., Amedeo,P., Shrivastava,S., Maffei,J., Dupuis,A., Jones,S., Backenson,B., Zink,S., Ciota,A., Kramer,L.",J. Craig Venter Institute,USA,8/2/16,NA,Orthoflavivirus nilense,10787,complete,"USA: Rensselaer Co., NY",USA,NY,Corvus brachyrhynchos,NA,9/7/09,Lineage_1
KX547320,West Nile virus,GenBank,set:KX547320,"Shabman,R., Das,S.R., Halpin,R.A., Shilts,M., Fedorova,N., Puri,V., Amedeo,P., Shrivastava,S., Maffei,J., Dupuis,A., Jones,S., Backenson,B., Zink,S., Ciota,A., Kramer,L.",J. Craig Venter Institute,USA,8/2/16,NA,Orthoflavivirus nilense,10787,complete,"USA: Suffolk Co., NY",USA,NY,Cyanocitta cristata,NA,9/17/02,Lineage_1
KX547321,West Nile virus,GenBank,set:KX547321,"Shabman,R., Das,S.R., Halpin,R.A., Shilts,M., Fedorova,N., Puri,V., Amedeo,P., Shrivastava,S., Maffei,J., Dupuis,A., Jones,S., Backenson,B., Zink,S., Ciota,A., Kramer,L.",J. Craig Venter Institute,USA,8/2/16,NA,Orthoflavivirus nilense,10787,complete,"USA: Rockland Co., NY",USA,NY,Baeolophus bicolor,NA,9/7/05,Lineage_1
KX547322,West Nile virus,GenBank,set:KX547322,"Shabman,R., Das,S.R., Halpin,R.A., Shilts,M., Fedorova,N., Puri,V., Amedeo,P., Shrivastava,S., Maffei,J., Dupuis,A., Jones,S., Backenson,B., Zink,S., Ciota,A., Kramer,L.",J. Craig Venter Institute,USA,8/2/16,NA,Orthoflavivirus nilense,10787,complete,"USA: Onondaga Co., NY",USA,NY,Culiseta,NA,8/19/03,Lineage_1
KX547323,West Nile virus,GenBank,set:KX547323,"Shabman,R., Das,S.R., Halpin,R.A., Shilts,M., Fedorova,N., Puri,V., Amedeo,P., Shrivastava,S., Maffei,J., Dupuis,A., Jones,S., Backenson,B., Zink,S., Ciota,A., Kramer,L.",J. Craig Venter Institute,USA,8/2/16,NA,Orthoflavivirus nilense,10787,complete,"USA: Westchester Co., NY",USA,NY,Culex,NA,7/31/13,Lineage_1
KX547324,West Nile virus,GenBank,set:KX547324,"Shabman,R., Das,S.R., Halpin,R.A., Shilts,M., Fedorova,N., Puri,V., Amedeo,P., Shrivastava,S., Maffei,J., Dupuis,A., Jones,S., Backenson,B., Zink,S., Ciota,A., Kramer,L.",J. Craig Venter Institute,USA,8/2/16,NA,Orthoflavivirus nilense,10787,complete,"USA: Oswego Co., NY",USA,NY,Culiseta,NA,8/14/13,Lineage_1
KX547325,West Nile virus,GenBank,set:KX547325,"Shabman,R., Das,S.R., Halpin,R.A., Shilts,M., Fedorova,N., Puri,V., Amedeo,P., Shrivastava,S., Maffei,J., Dupuis,A., Jones,S., Backenson,B., Zink,S., Ciota,A., Kramer,L.",J. Craig Venter Institute,USA,8/2/16,NA,Orthoflavivirus nilense,10787,complete,"USA: Onondaga Co., NY",USA,NY,Culiseta,NA,9/20/11,Lineage_1
KX547326,West Nile virus,GenBank,set:KX547326,"Shabman,R., Das,S.R., Halpin,R.A., Shilts,M., Fedorova,N., Puri,V., Amedeo,P., Shrivastava,S., Maffei,J., Dupuis,A., Jones,S., Backenson,B., Zink,S., Ciota,A., Kramer,L.",J. Craig Venter Institute,USA,8/2/16,NA,Orthoflavivirus nilense,10787,complete,"USA: Nassau Co., NY",USA,NY,Culex,NA,8/1/07,Lineage_1
KX547327,West Nile virus,GenBank,set:KX547327,"Shabman,R., Das,S.R., Halpin,R.A., Shilts,M., Fedorova,N., Puri,V., Amedeo,P., Shrivastava,S., Maffei,J., Dupuis,A., Jones,S., Backenson,B., Zink,S., Ciota,A., Kramer,L.",J. Craig Venter Institute,USA,8/2/16,NA,Orthoflavivirus nilense,10787,complete,"USA: Niagara Co., NY",USA,NY,Corvus brachyrhynchos,NA,8/24/06,Lineage_1
KX547328,West Nile virus,GenBank,set:KX547328,"Shabman,R., Das,S.R., Halpin,R.A., Shilts,M., Fedorova,N., Puri,V., Amedeo,P., Shrivastava,S., Maffei,J., Dupuis,A., Jones,S., Backenson,B., Zink,S., Ciota,A., Kramer,L.",J. Craig Venter Institute,USA,8/2/16,NA,Orthoflavivirus nilense,10787,complete,"USA: Rockland Co., NY",USA,NY,Culex,NA,7/3/13,Lineage_1
KX547329,West Nile virus,GenBank,set:KX547329,"Shabman,R., Das,S.R., Halpin,R.A., Shilts,M., Fedorova,N., Puri,V., Amedeo,P., Shrivastava,S., Maffei,J., Dupuis,A., Jones,S., Backenson,B., Zink,S., Ciota,A., Kramer,L.",J. Craig Venter Institute,USA,8/2/16,NA,Orthoflavivirus nilense,10787,complete,"USA: Richmond Co., NY",USA,NY,Cyanocitta cristata,NA,8/24/07,Lineage_1
KX547330,West Nile virus,GenBank,set:KX547330,"Shabman,R., Das,S.R., Halpin,R.A., Shilts,M., Fedorova,N., Puri,V., Amedeo,P., Shrivastava,S., Maffei,J., Dupuis,A., Jones,S., Backenson,B., Zink,S., Ciota,A., Kramer,L.",J. Craig Venter Institute,USA,8/2/16,NA,Orthoflavivirus nilense,10787,complete,"USA: Erie Co., NY",USA,NY,Culex,NA,9/18/13,Lineage_1
KX547331,West Nile virus,GenBank,set:KX547331,"Shabman,R., Das,S.R., Halpin,R.A., Shilts,M., Fedorova,N., Puri,V., Amedeo,P., Shrivastava,S., Maffei,J., Dupuis,A., Jones,S., Backenson,B., Zink,S., Ciota,A., Kramer,L.",J. Craig Venter Institute,USA,8/2/16,NA,Orthoflavivirus nilense,10787,complete,"USA: Oswego Co., NY",USA,NY,Cyanocitta cristata,NA,9/26/02,Lineage_1
KX547332,West Nile virus,GenBank,set:KX547332,"Shabman,R., Das,S.R., Halpin,R.A., Shilts,M., Fedorova,N., Puri,V., Amedeo,P., Shrivastava,S., Maffei,J., Dupuis,A., Jones,S., Backenson,B., Zink,S., Ciota,A., Kramer,L.",J. Craig Venter Institute,USA,8/2/16,NA,Orthoflavivirus nilense,10787,complete,"USA: Bronx Co., NY",USA,NY,Corvus brachyrhynchos,NA,8/8/05,Lineage_1
KX547333,West Nile virus,GenBank,set:KX547333,"Shabman,R., Das,S.R., Halpin,R.A., Shilts,M., Fedorova,N., Puri,V., Amedeo,P., Shrivastava,S., Maffei,J., Dupuis,A., Jones,S., Backenson,B., Zink,S., Ciota,A., Kramer,L.",J. Craig Venter Institute,USA,8/2/16,NA,Orthoflavivirus nilense,10787,complete,"USA: Suffolk Co., NY",USA,NY,Culex,NA,10/9/13,Lineage_1
KX547334,West Nile virus,GenBank,set:KX547334,"Shabman,R., Das,S.R., Halpin,R.A., Shilts,M., Fedorova,N., Puri,V., Amedeo,P., Shrivastava,S., Maffei,J., Dupuis,A., Jones,S., Backenson,B., Zink,S., Ciota,A., Kramer,L.",J. Craig Venter Institute,USA,8/2/16,NA,Orthoflavivirus nilense,10787,complete,"USA: Erie Co., NY",USA,NY,Culex,NA,6/18/12,Lineage_1
KX547335,West Nile virus,GenBank,set:KX547335,"Shabman,R., Das,S.R., Halpin,R.A., Shilts,M., Fedorova,N., Puri,V., Amedeo,P., Shrivastava,S., Maffei,J., Dupuis,A., Jones,S., Backenson,B., Zink,S., Ciota,A., Kramer,L.",J. Craig Venter Institute,USA,8/2/16,NA,Orthoflavivirus nilense,10787,complete,"USA: Erie Co., NY",USA,NY,Culex,NA,8/5/08,Lineage_1
KX547336,West Nile virus,GenBank,set:KX547336,"Shabman,R., Das,S.R., Halpin,R.A., Shilts,M., Fedorova,N., Puri,V., Amedeo,P., Shrivastava,S., Maffei,J., Dupuis,A., Jones,S., Backenson,B., Zink,S., Ciota,A., Kramer,L.",J. Craig Venter Institute,USA,8/2/16,NA,Orthoflavivirus nilense,10787,complete,"USA: Essex Co., NY",USA,NY,Corvus brachyrhynchos,NA,9/9/02,Lineage_1
KX547337,West Nile virus,GenBank,set:KX547337,"Shabman,R., Das,S.R., Halpin,R.A., Shilts,M., Fedorova,N., Puri,V., Amedeo,P., Shrivastava,S., Maffei,J., Dupuis,A., Jones,S., Backenson,B., Zink,S., Ciota,A., Kramer,L.",J. Craig Venter Institute,USA,8/2/16,NA,Orthoflavivirus nilense,10787,complete,"USA: Rockland Co., NY",USA,NY,Culex,NA,9/28/12,Lineage_1
KX547338,West Nile virus,GenBank,set:KX547338,"Shabman,R., Das,S.R., Halpin,R.A., Shilts,M., Fedorova,N., Puri,V., Amedeo,P., Shrivastava,S., Maffei,J., Dupuis,A., Jones,S., Backenson,B., Zink,S., Ciota,A., Kramer,L.",J. Craig Venter Institute,USA,8/2/16,NA,Orthoflavivirus nilense,10787,complete,"USA: Richmond Co., NY",USA,NY,Corvus brachyrhynchos,NA,9/9/05,Lineage_1
KX547340,West Nile virus,GenBank,set:KX547340,"Shabman,R., Das,S.R., Halpin,R.A., Shilts,M., Fedorova,N., Puri,V., Amedeo,P., Shrivastava,S., Maffei,J., Dupuis,A., Jones,S., Backenson,B., Zink,S., Ciota,A., Kramer,L.",J. Craig Venter Institute,USA,8/2/16,NA,Orthoflavivirus nilense,10787,complete,"USA: Orange Co., NY",USA,NY,Culex,NA,8/16/12,Lineage_1
KX547341,West Nile virus,GenBank,set:KX547341,"Shabman,R., Das,S.R., Halpin,R.A., Shilts,M., Fedorova,N., Puri,V., Amedeo,P., Shrivastava,S., Maffei,J., Dupuis,A., Jones,S., Backenson,B., Zink,S., Ciota,A., Kramer,L.",J. Craig Venter Institute,USA,8/2/16,NA,Orthoflavivirus nilense,10787,complete,"USA: Dutchess Co., NY",USA,NY,Corvus brachyrhynchos,NA,1/31/05,Lineage_1
KX547342,West Nile virus,GenBank,set:KX547342,"Shabman,R., Das,S.R., Halpin,R.A., Shilts,M., Fedorova,N., Puri,V., Amedeo,P., Shrivastava,S., Maffei,J., Dupuis,A., Jones,S., Backenson,B., Zink,S., Ciota,A., Kramer,L.",J. Craig Venter Institute,USA,8/2/16,NA,Orthoflavivirus nilense,10787,complete,"USA: Orange Co., NY",USA,NY,Culex,NA,8/10/06,Lineage_1
KX547343,West Nile virus,GenBank,set:KX547343,"Shabman,R., Das,S.R., Halpin,R.A., Shilts,M., Fedorova,N., Puri,V., Amedeo,P., Shrivastava,S., Maffei,J., Dupuis,A., Jones,S., Backenson,B., Zink,S., Ciota,A., Kramer,L.",J. Craig Venter Institute,USA,8/2/16,NA,Orthoflavivirus nilense,10787,complete,"USA: Erie Co., NY",USA,NY,Aedes sp.,NA,8/8/12,Lineage_1
KX547344,West Nile virus,GenBank,set:KX547344,"Shabman,R., Das,S.R., Halpin,R.A., Shilts,M., Fedorova,N., Puri,V., Amedeo,P., Shrivastava,S., Maffei,J., Dupuis,A., Jones,S., Backenson,B., Zink,S., Ciota,A., Kramer,L.",J. Craig Venter Institute,USA,8/2/16,NA,Orthoflavivirus nilense,10787,complete,"USA: Oswego Co., NY",USA,NY,Culiseta,NA,7/24/13,Lineage_1
KX547345,West Nile virus,GenBank,set:KX547345,"Shabman,R., Das,S.R., Halpin,R.A., Shilts,M., Fedorova,N., Puri,V., Amedeo,P., Shrivastava,S., Maffei,J., Dupuis,A., Jones,S., Backenson,B., Zink,S., Ciota,A., Kramer,L.",J. Craig Venter Institute,USA,8/2/16,NA,Orthoflavivirus nilense,10787,complete,"USA: Rockland Co., NY",USA,NY,Corvus brachyrhynchos,NA,8/11/04,Lineage_1
KX547346,West Nile virus,GenBank,set:KX547346,"Shabman,R., Das,S.R., Halpin,R.A., Shilts,M., Fedorova,N., Puri,V., Amedeo,P., Shrivastava,S., Maffei,J., Dupuis,A., Jones,S., Backenson,B., Zink,S., Ciota,A., Kramer,L.",J. Craig Venter Institute,USA,8/2/16,NA,Orthoflavivirus nilense,10787,complete,"USA: Albany Co., NY",USA,NY,Corvus brachyrhynchos,NA,6/18/04,Lineage_1
KX547347,West Nile virus,GenBank,set:KX547347,"Shabman,R., Das,S.R., Halpin,R.A., Shilts,M., Fedorova,N., Puri,V., Amedeo,P., Shrivastava,S., Maffei,J., Dupuis,A., Jones,S., Backenson,B., Zink,S., Ciota,A., Kramer,L.",J. Craig Venter Institute,USA,8/2/16,NA,Orthoflavivirus nilense,10787,complete,"USA: Monroe Co., NY",USA,NY,Corvus brachyrhynchos,NA,5/25/05,Lineage_1
KX547348,West Nile virus,GenBank,set:KX547348,"Shabman,R., Das,S.R., Halpin,R.A., Shilts,M., Fedorova,N., Puri,V., Amedeo,P., Shrivastava,S., Maffei,J., Dupuis,A., Jones,S., Backenson,B., Zink,S., Ciota,A., Kramer,L.",J. Craig Venter Institute,USA,8/2/16,NA,Orthoflavivirus nilense,10787,complete,"USA: Rockland Co., NY",USA,NY,Culex,NA,8/14/09,Lineage_1
KX547349,West Nile virus,GenBank,set:KX547349,"Shabman,R., Das,S.R., Halpin,R.A., Shilts,M., Fedorova,N., Puri,V., Amedeo,P., Shrivastava,S., Maffei,J., Dupuis,A., Jones,S., Backenson,B., Zink,S., Ciota,A., Kramer,L.",J. Craig Venter Institute,USA,8/2/16,NA,Orthoflavivirus nilense,10787,complete,"USA: Westchester Co., NY",USA,NY,Culex,NA,8/31/06,Lineage_1
KX547350,West Nile virus,GenBank,set:KX547350,"Shabman,R., Das,S.R., Halpin,R.A., Shilts,M., Fedorova,N., Puri,V., Amedeo,P., Shrivastava,S., Maffei,J., Dupuis,A., Jones,S., Backenson,B., Zink,S., Ciota,A., Kramer,L.",J. Craig Venter Institute,USA,8/2/16,NA,Orthoflavivirus nilense,10787,complete,"USA: Rockland Co., NY",USA,NY,Culex,NA,7/28/06,Lineage_1
KX547351,West Nile virus,GenBank,set:KX547351,"Shabman,R., Das,S.R., Halpin,R.A., Shilts,M., Fedorova,N., Puri,V., Amedeo,P., Shrivastava,S., Maffei,J., Dupuis,A., Jones,S., Backenson,B., Zink,S., Ciota,A., Kramer,L.",J. Craig Venter Institute,USA,8/2/16,NA,Orthoflavivirus nilense,10787,complete,"USA: Nassau Co., NY",USA,NY,Culex,NA,8/4/04,Lineage_1
KX547352,West Nile virus,GenBank,set:KX547352,"Shabman,R., Das,S.R., Halpin,R.A., Shilts,M., Fedorova,N., Puri,V., Amedeo,P., Shrivastava,S., Maffei,J., Dupuis,A., Jones,S., Backenson,B., Zink,S., Ciota,A., Kramer,L.",J. Craig Venter Institute,USA,8/2/16,NA,Orthoflavivirus nilense,10787,complete,"USA: Orange Co., NY",USA,NY,Culex,NA,8/14/08,Lineage_1
KX547353,West Nile virus,GenBank,set:KX547353,"Shabman,R., Das,S.R., Halpin,R.A., Shilts,M., Fedorova,N., Puri,V., Amedeo,P., Shrivastava,S., Maffei,J., Dupuis,A., Jones,S., Backenson,B., Zink,S., Ciota,A., Kramer,L.",J. Craig Venter Institute,USA,8/2/16,NA,Orthoflavivirus nilense,10787,complete,"USA: Suffolk Co., NY",USA,NY,Culex,NA,7/11/00,Lineage_1
KX547354,West Nile virus,GenBank,set:KX547354,"Shabman,R., Das,S.R., Halpin,R.A., Shilts,M., Fedorova,N., Puri,V., Amedeo,P., Shrivastava,S., Maffei,J., Dupuis,A., Jones,S., Backenson,B., Zink,S., Ciota,A., Kramer,L.",J. Craig Venter Institute,USA,8/2/16,NA,Orthoflavivirus nilense,10787,complete,"USA: Schoharie Co., NY",USA,NY,Corvus brachyrhynchos,NA,10/3/03,Lineage_1
KX547355,West Nile virus,GenBank,set:KX547355,"Shabman,R., Das,S.R., Halpin,R.A., Shilts,M., Fedorova,N., Puri,V., Amedeo,P., Shrivastava,S., Maffei,J., Dupuis,A., Jones,S., Backenson,B., Zink,S., Ciota,A., Kramer,L.",J. Craig Venter Institute,USA,8/2/16,NA,Orthoflavivirus nilense,10787,complete,"USA: Albany Co., NY",USA,NY,Cyanocitta cristata,NA,9/13/05,Lineage_1
KX547356,West Nile virus,GenBank,set:KX547356,"Shabman,R., Das,S.R., Halpin,R.A., Shilts,M., Fedorova,N., Puri,V., Amedeo,P., Shrivastava,S., Maffei,J., Dupuis,A., Jones,S., Backenson,B., Zink,S., Ciota,A., Kramer,L.",J. Craig Venter Institute,USA,8/2/16,NA,Orthoflavivirus nilense,10787,complete,"USA: Oswego Co., NY",USA,NY,Culiseta,NA,8/7/12,Lineage_1
KX547357,West Nile virus,GenBank,set:KX547357,"Shabman,R., Das,S.R., Halpin,R.A., Shilts,M., Fedorova,N., Puri,V., Amedeo,P., Shrivastava,S., Maffei,J., Dupuis,A., Jones,S., Backenson,B., Zink,S., Ciota,A., Kramer,L.",J. Craig Venter Institute,USA,8/2/16,NA,Orthoflavivirus nilense,10787,complete,"USA: Suffolk Co., NY",USA,NY,Culex,NA,8/7/07,Lineage_1
KX547358,West Nile virus,GenBank,set:KX547358,"Shabman,R., Das,S.R., Halpin,R.A., Shilts,M., Fedorova,N., Puri,V., Amedeo,P., Shrivastava,S., Maffei,J., Dupuis,A., Jones,S., Backenson,B., Zink,S., Ciota,A., Kramer,L.",J. Craig Venter Institute,USA,8/2/16,NA,Orthoflavivirus nilense,10787,complete,"USA: Rockland Co., NY",USA,NY,Culex,NA,9/20/13,Lineage_1
KX547359,West Nile virus,GenBank,set:KX547359,"Shabman,R., Das,S.R., Halpin,R.A., Shilts,M., Fedorova,N., Puri,V., Amedeo,P., Shrivastava,S., Maffei,J., Dupuis,A., Jones,S., Backenson,B., Zink,S., Ciota,A., Kramer,L.",J. Craig Venter Institute,USA,8/2/16,NA,Orthoflavivirus nilense,10787,complete,"USA: Nassau Co., NY",USA,NY,Corvus brachyrhynchos,NA,8/14/06,Lineage_1
KX547361,West Nile virus,GenBank,set:KX547361,"Shabman,R., Das,S.R., Halpin,R.A., Shilts,M., Fedorova,N., Puri,V., Amedeo,P., Shrivastava,S., Maffei,J., Dupuis,A., Jones,S., Backenson,B., Zink,S., Ciota,A., Kramer,L.",J. Craig Venter Institute,USA,8/2/16,NA,Orthoflavivirus nilense,10787,complete,"USA: Suffolk Co., NY",USA,NY,Culex,NA,8/12/10,Lineage_1
KX547362,West Nile virus,GenBank,set:KX547362,"Shabman,R., Das,S.R., Halpin,R.A., Shilts,M., Fedorova,N., Puri,V., Amedeo,P., Shrivastava,S., Maffei,J., Dupuis,A., Jones,S., Backenson,B., Zink,S., Ciota,A., Kramer,L.",J. Craig Venter Institute,USA,8/2/16,NA,Orthoflavivirus nilense,10787,complete,"USA: Dutchess Co., NY",USA,NY,Culex,NA,8/31/05,Lineage_1
KX547363,West Nile virus,GenBank,set:KX547363,"Shabman,R., Das,S.R., Halpin,R.A., Shilts,M., Fedorova,N., Puri,V., Amedeo,P., Shrivastava,S., Maffei,J., Dupuis,A., Jones,S., Backenson,B., Zink,S., Ciota,A., Kramer,L.",J. Craig Venter Institute,USA,8/2/16,NA,Orthoflavivirus nilense,10787,complete,"USA: Onondaga Co., NY",USA,NY,Culex,NA,8/13/03,Lineage_1
KX547364,West Nile virus,GenBank,set:KX547364,"Shabman,R., Das,S.R., Halpin,R.A., Shilts,M., Fedorova,N., Puri,V., Amedeo,P., Shrivastava,S., Maffei,J., Dupuis,A., Jones,S., Backenson,B., Zink,S., Ciota,A., Kramer,L.",J. Craig Venter Institute,USA,8/2/16,NA,Orthoflavivirus nilense,10787,complete,"USA: Rockland Co., NY",USA,NY,Aedes sp.,NA,9/13/02,Lineage_1
KX547365,West Nile virus,GenBank,set:KX547365,"Shabman,R., Das,S.R., Halpin,R.A., Shilts,M., Fedorova,N., Puri,V., Amedeo,P., Shrivastava,S., Maffei,J., Dupuis,A., Jones,S., Backenson,B., Zink,S., Ciota,A., Kramer,L.",J. Craig Venter Institute,USA,8/2/16,NA,Orthoflavivirus nilense,10787,complete,"USA: Suffolk Co., NY",USA,NY,Cyanocitta cristata,NA,7/30/08,Lineage_1
KX547366,West Nile virus,GenBank,set:KX547366,"Shabman,R., Das,S.R., Halpin,R.A., Shilts,M., Fedorova,N., Puri,V., Amedeo,P., Shrivastava,S., Maffei,J., Dupuis,A., Jones,S., Backenson,B., Zink,S., Ciota,A., Kramer,L.",J. Craig Venter Institute,USA,8/2/16,NA,Orthoflavivirus nilense,10787,complete,"USA: Bronx Co., NY",USA,NY,Haemorhous mexicanus,NA,8/10/05,Lineage_1
KX547367,West Nile virus,GenBank,set:KX547367,"Shabman,R., Das,S.R., Halpin,R.A., Shilts,M., Fedorova,N., Puri,V., Amedeo,P., Shrivastava,S., Maffei,J., Dupuis,A., Jones,S., Backenson,B., Zink,S., Ciota,A., Kramer,L.",J. Craig Venter Institute,USA,8/2/16,NA,Orthoflavivirus nilense,10788,complete,"USA: Richmond Co., NY",USA,NY,Passer domesticus,NA,7/21/06,Lineage_1
KX547368,West Nile virus,GenBank,set:KX547368,"Shabman,R., Das,S.R., Halpin,R.A., Shilts,M., Fedorova,N., Puri,V., Amedeo,P., Shrivastava,S., Maffei,J., Dupuis,A., Jones,S., Backenson,B., Zink,S., Ciota,A., Kramer,L.",J. Craig Venter Institute,USA,8/2/16,NA,Orthoflavivirus nilense,10787,complete,"USA: Rockland Co., NY",USA,NY,Culex,NA,8/28/09,Lineage_1
KX547369,West Nile virus,GenBank,set:KX547369,"Shabman,R., Das,S.R., Halpin,R.A., Shilts,M., Fedorova,N., Puri,V., Amedeo,P., Shrivastava,S., Maffei,J., Dupuis,A., Jones,S., Backenson,B., Zink,S., Ciota,A., Kramer,L.",J. Craig Venter Institute,USA,8/2/16,NA,Orthoflavivirus nilense,10787,complete,"USA: Westchester Co., NY",USA,NY,Culex,NA,8/25/11,Lineage_1
KX547370,West Nile virus,GenBank,set:KX547370,"Shabman,R., Das,S.R., Halpin,R.A., Shilts,M., Fedorova,N., Puri,V., Amedeo,P., Shrivastava,S., Maffei,J., Dupuis,A., Jones,S., Backenson,B., Zink,S., Ciota,A., Kramer,L.",J. Craig Venter Institute,USA,8/2/16,NA,Orthoflavivirus nilense,10787,complete,"USA: Dutchess Co., NY",USA,NY,Culex,NA,8/30/05,Lineage_1
KX547371,West Nile virus,GenBank,set:KX547371,"Shabman,R., Das,S.R., Halpin,R.A., Shilts,M., Fedorova,N., Puri,V., Amedeo,P., Shrivastava,S., Maffei,J., Dupuis,A., Jones,S., Backenson,B., Zink,S., Ciota,A., Kramer,L.",J. Craig Venter Institute,USA,8/2/16,NA,Orthoflavivirus nilense,10787,complete,"USA: Jefferson Co., NY",USA,NY,Corvus brachyrhynchos,NA,9/20/07,Lineage_1
KX547372,West Nile virus,GenBank,set:KX547372,"Shabman,R., Das,S.R., Halpin,R.A., Shilts,M., Fedorova,N., Puri,V., Amedeo,P., Shrivastava,S., Maffei,J., Dupuis,A., Jones,S., Backenson,B., Zink,S., Ciota,A., Kramer,L.",J. Craig Venter Institute,USA,8/2/16,NA,Orthoflavivirus nilense,10787,complete,"USA: Suffolk Co., NY",USA,NY,Corvus brachyrhynchos,NA,8/13/09,Lineage_1
KX547373,West Nile virus,GenBank,set:KX547373,"Shabman,R., Das,S.R., Halpin,R.A., Shilts,M., Fedorova,N., Puri,V., Amedeo,P., Shrivastava,S., Maffei,J., Dupuis,A., Jones,S., Backenson,B., Zink,S., Ciota,A., Kramer,L.",J. Craig Venter Institute,USA,8/2/16,NA,Orthoflavivirus nilense,10787,complete,"USA: Niagara Co., NY",USA,NY,Corvus brachyrhynchos,NA,9/30/09,Lineage_1
KX547374,West Nile virus,GenBank,set:KX547374,"Shabman,R., Das,S.R., Halpin,R.A., Shilts,M., Fedorova,N., Puri,V., Amedeo,P., Shrivastava,S., Maffei,J., Dupuis,A., Jones,S., Backenson,B., Zink,S., Ciota,A., Kramer,L.",J. Craig Venter Institute,USA,8/2/16,NA,Orthoflavivirus nilense,10787,complete,"USA: Orange Co., NY",USA,NY,Culex,NA,8/23/02,Lineage_1
KX547375,West Nile virus,GenBank,set:KX547375,"Shabman,R., Das,S.R., Halpin,R.A., Shilts,M., Fedorova,N., Puri,V., Amedeo,P., Shrivastava,S., Maffei,J., Dupuis,A., Jones,S., Backenson,B., Zink,S., Ciota,A., Kramer,L.",J. Craig Venter Institute,USA,8/2/16,NA,Orthoflavivirus nilense,10787,complete,"USA: Oswego Co., NY",USA,NY,Culiseta,NA,9/8/11,Lineage_1
KX547376,West Nile virus,GenBank,set:KX547376,"Shabman,R., Das,S.R., Halpin,R.A., Shilts,M., Fedorova,N., Puri,V., Amedeo,P., Shrivastava,S., Maffei,J., Dupuis,A., Jones,S., Backenson,B., Zink,S., Ciota,A., Kramer,L.",J. Craig Venter Institute,USA,8/2/16,NA,Orthoflavivirus nilense,10787,complete,"USA: Erie Co., NY",USA,NY,Culex,NA,9/16/10,Lineage_1
KX547377,West Nile virus,GenBank,set:KX547377,"Shabman,R., Das,S.R., Halpin,R.A., Shilts,M., Fedorova,N., Puri,V., Amedeo,P., Shrivastava,S., Maffei,J., Dupuis,A., Jones,S., Backenson,B., Zink,S., Ciota,A., Kramer,L.",J. Craig Venter Institute,USA,8/2/16,NA,Orthoflavivirus nilense,10787,complete,"USA: Nassau Co., NY",USA,NY,Culex,NA,7/21/05,Lineage_1
KX547378,West Nile virus,GenBank,set:KX547378,"Shabman,R., Das,S.R., Halpin,R.A., Shilts,M., Fedorova,N., Puri,V., Amedeo,P., Shrivastava,S., Maffei,J., Dupuis,A., Jones,S., Backenson,B., Zink,S., Ciota,A., Kramer,L.",J. Craig Venter Institute,USA,8/2/16,NA,Orthoflavivirus nilense,10787,complete,"USA: Suffolk Co., NY",USA,NY,Culex,NA,9/11/02,Lineage_1
KX547379,West Nile virus,GenBank,set:KX547379,"Shabman,R., Das,S.R., Halpin,R.A., Shilts,M., Fedorova,N., Puri,V., Amedeo,P., Shrivastava,S., Maffei,J., Dupuis,A., Jones,S., Backenson,B., Zink,S., Ciota,A., Kramer,L.",J. Craig Venter Institute,USA,8/2/16,NA,Orthoflavivirus nilense,10788,complete,"USA: Suffolk Co., NY",USA,NY,Culex,NA,9/28/04,Lineage_1
KX547380,West Nile virus,GenBank,set:KX547380,"Shabman,R., Das,S.R., Halpin,R.A., Shilts,M., Fedorova,N., Puri,V., Amedeo,P., Shrivastava,S., Maffei,J., Dupuis,A., Jones,S., Backenson,B., Zink,S., Ciota,A., Kramer,L.",J. Craig Venter Institute,USA,8/2/16,NA,Orthoflavivirus nilense,10787,complete,"USA: Erie Co., NY",USA,NY,Culex,NA,7/11/12,Lineage_1
KX547381,West Nile virus,GenBank,set:KX547381,"Shabman,R., Das,S.R., Halpin,R.A., Shilts,M., Fedorova,N., Puri,V., Amedeo,P., Shrivastava,S., Maffei,J., Dupuis,A., Jones,S., Backenson,B., Zink,S., Ciota,A., Kramer,L.",J. Craig Venter Institute,USA,8/2/16,NA,Orthoflavivirus nilense,10787,complete,"USA: Putnam Co., NY",USA,NY,Cyanocitta cristata,NA,10/3/03,Lineage_1
KX547382,West Nile virus,GenBank,set:KX547382,"Shabman,R., Das,S.R., Halpin,R.A., Shilts,M., Fedorova,N., Puri,V., Amedeo,P., Shrivastava,S., Maffei,J., Dupuis,A., Jones,S., Backenson,B., Zink,S., Ciota,A., Kramer,L.",J. Craig Venter Institute,USA,8/2/16,NA,Orthoflavivirus nilense,10787,complete,"USA: Richmond Co., NY",USA,NY,Cyanocitta cristata,NA,8/24/07,Lineage_1
KX547383,West Nile virus,GenBank,set:KX547383,"Shabman,R., Das,S.R., Halpin,R.A., Shilts,M., Fedorova,N., Puri,V., Amedeo,P., Shrivastava,S., Maffei,J., Dupuis,A., Jones,S., Backenson,B., Zink,S., Ciota,A., Kramer,L.",J. Craig Venter Institute,USA,8/2/16,NA,Orthoflavivirus nilense,10787,complete,"USA: Rockland Co., NY",USA,NY,Culex,NA,10/4/02,Lineage_1
KX547384,West Nile virus,GenBank,set:KX547384,"Shabman,R., Das,S.R., Halpin,R.A., Shilts,M., Fedorova,N., Puri,V., Amedeo,P., Shrivastava,S., Maffei,J., Dupuis,A., Jones,S., Backenson,B., Zink,S., Ciota,A., Kramer,L.",J. Craig Venter Institute,USA,8/2/16,NA,Orthoflavivirus nilense,10787,complete,"USA: Richmond Co., NY",USA,NY,Haemorhous mexicanus,NA,8/7/06,Lineage_1
KX547385,West Nile virus,GenBank,set:KX547385,"Shabman,R., Das,S.R., Halpin,R.A., Shilts,M., Fedorova,N., Puri,V., Amedeo,P., Shrivastava,S., Maffei,J., Dupuis,A., Jones,S., Backenson,B., Zink,S., Ciota,A., Kramer,L.",J. Craig Venter Institute,USA,8/2/16,NA,Orthoflavivirus nilense,10787,complete,"USA: Richmond Co., NY",USA,NY,Cyanocitta cristata,NA,7/27/06,Lineage_1
KX547386,West Nile virus,GenBank,set:KX547386,"Shabman,R., Das,S.R., Halpin,R.A., Shilts,M., Fedorova,N., Puri,V., Amedeo,P., Shrivastava,S., Maffei,J., Dupuis,A., Jones,S., Backenson,B., Zink,S., Ciota,A., Kramer,L.",J. Craig Venter Institute,USA,8/2/16,NA,Orthoflavivirus nilense,10787,complete,"USA: Rockland Co., NY",USA,NY,Culex,NA,7/21/00,Lineage_1
KX547387,West Nile virus,GenBank,set:KX547387,"Shabman,R., Das,S.R., Halpin,R.A., Shilts,M., Fedorova,N., Puri,V., Amedeo,P., Shrivastava,S., Maffei,J., Dupuis,A., Jones,S., Backenson,B., Zink,S., Ciota,A., Kramer,L.",J. Craig Venter Institute,USA,8/2/16,NA,Orthoflavivirus nilense,10787,complete,"USA: Chautauqua Co., NY",USA,NY,Aedes sp.,NA,8/22/06,Lineage_1
KX547388,West Nile virus,GenBank,set:KX547388,"Shabman,R., Das,S.R., Halpin,R.A., Shilts,M., Fedorova,N., Puri,V., Amedeo,P., Shrivastava,S., Maffei,J., Dupuis,A., Jones,S., Backenson,B., Zink,S., Ciota,A., Kramer,L.",J. Craig Venter Institute,USA,8/2/16,NA,Orthoflavivirus nilense,10786,complete,"USA: Suffolk Co., NY",USA,NY,Culex,NA,8/26/10,Lineage_1
KX547389,West Nile virus,GenBank,set:KX547389,"Shabman,R., Das,S.R., Halpin,R.A., Shilts,M., Fedorova,N., Puri,V., Amedeo,P., Shrivastava,S., Maffei,J., Dupuis,A., Jones,S., Backenson,B., Zink,S., Ciota,A., Kramer,L.",J. Craig Venter Institute,USA,8/2/16,NA,Orthoflavivirus nilense,10787,complete,"USA: Suffolk Co., NY",USA,NY,Culiseta,NA,9/7/12,Lineage_1
KX547391,West Nile virus,GenBank,set:KX547391,"Shabman,R., Das,S.R., Halpin,R.A., Shilts,M., Fedorova,N., Puri,V., Amedeo,P., Shrivastava,S., Maffei,J., Dupuis,A., Jones,S., Backenson,B., Zink,S., Ciota,A., Kramer,L.",J. Craig Venter Institute,USA,8/2/16,NA,Orthoflavivirus nilense,10787,complete,"USA: Erie Co., NY",USA,NY,Culex,NA,8/25/10,Lineage_1
KX547392,West Nile virus,GenBank,set:KX547392,"Shabman,R., Das,S.R., Halpin,R.A., Shilts,M., Fedorova,N., Puri,V., Amedeo,P., Shrivastava,S., Maffei,J., Dupuis,A., Jones,S., Backenson,B., Zink,S., Ciota,A., Kramer,L.",J. Craig Venter Institute,USA,8/2/16,NA,Orthoflavivirus nilense,10787,complete,"USA: Erie Co., NY",USA,NY,Culex,NA,8/8/07,Lineage_1
KX547393,West Nile virus,GenBank,set:KX547393,"Shabman,R., Das,S.R., Halpin,R.A., Shilts,M., Fedorova,N., Puri,V., Amedeo,P., Shrivastava,S., Maffei,J., Dupuis,A., Jones,S., Backenson,B., Zink,S., Ciota,A., Kramer,L.",J. Craig Venter Institute,USA,8/2/16,NA,Orthoflavivirus nilense,10787,complete,"USA: Suffolk Co., NY",USA,NY,Culex,NA,8/6/02,Lineage_1
KX547394,West Nile virus,GenBank,set:KX547394,"Shabman,R., Das,S.R., Halpin,R.A., Shilts,M., Fedorova,N., Puri,V., Amedeo,P., Shrivastava,S., Maffei,J., Dupuis,A., Jones,S., Backenson,B., Zink,S., Ciota,A., Kramer,L.",J. Craig Venter Institute,USA,8/2/16,NA,Orthoflavivirus nilense,10787,complete,"USA: Suffolk Co., NY",USA,NY,Coquillettidia,NA,8/1/06,Lineage_1
KX547395,West Nile virus,GenBank,set:KX547395,"Shabman,R., Das,S.R., Halpin,R.A., Shilts,M., Fedorova,N., Puri,V., Amedeo,P., Shrivastava,S., Maffei,J., Dupuis,A., Jones,S., Backenson,B., Zink,S., Ciota,A., Kramer,L.",J. Craig Venter Institute,USA,8/2/16,NA,Orthoflavivirus nilense,10787,complete,"USA: Suffolk Co., NY",USA,NY,Culex,NA,8/31/00,Lineage_1
KX547396,West Nile virus,GenBank,set:KX547396,"Shabman,R., Das,S.R., Halpin,R.A., Shilts,M., Fedorova,N., Puri,V., Amedeo,P., Shrivastava,S., Maffei,J., Dupuis,A., Jones,S., Backenson,B., Zink,S., Ciota,A., Kramer,L.",J. Craig Venter Institute,USA,8/2/16,NA,Orthoflavivirus nilense,10787,complete,"USA: Rockland Co., NY",USA,NY,Culex,NA,9/16/05,Lineage_1
KX547397,West Nile virus,GenBank,set:KX547397,"Shabman,R., Das,S.R., Halpin,R.A., Shilts,M., Fedorova,N., Puri,V., Amedeo,P., Shrivastava,S., Maffei,J., Dupuis,A., Jones,S., Backenson,B., Zink,S., Ciota,A., Kramer,L.",J. Craig Venter Institute,USA,8/2/16,NA,Orthoflavivirus nilense,10787,complete,"USA: Rensselaer Co., NY",USA,NY,Corvus brachyrhynchos,NA,8/30/05,Lineage_1
KX547398,West Nile virus,GenBank,set:KX547398,"Shabman,R., Das,S.R., Halpin,R.A., Shilts,M., Fedorova,N., Puri,V., Amedeo,P., Shrivastava,S., Maffei,J., Dupuis,A., Jones,S., Backenson,B., Zink,S., Ciota,A., Kramer,L.",J. Craig Venter Institute,USA,8/2/16,NA,Orthoflavivirus nilense,10787,complete,"USA: Madison Co., NY",USA,NY,Corvus brachyrhynchos,NA,8/23/02,Lineage_1
KX547399,West Nile virus,GenBank,set:KX547399,"Shabman,R., Das,S.R., Halpin,R.A., Shilts,M., Fedorova,N., Puri,V., Amedeo,P., Shrivastava,S., Maffei,J., Dupuis,A., Jones,S., Backenson,B., Zink,S., Ciota,A., Kramer,L.",J. Craig Venter Institute,USA,8/2/16,NA,Orthoflavivirus nilense,10787,complete,"USA: Suffolk Co., NY",USA,NY,Culex,NA,9/6/07,Lineage_1
KX547400,West Nile virus,GenBank,set:KX547400,"Shabman,R., Das,S.R., Halpin,R.A., Shilts,M., Fedorova,N., Puri,V., Amedeo,P., Shrivastava,S., Maffei,J., Dupuis,A., Jones,S., Backenson,B., Zink,S., Ciota,A., Kramer,L.",J. Craig Venter Institute,USA,8/2/16,NA,Orthoflavivirus nilense,10787,complete,"USA: Queens Co., NY",USA,NY,Passer domesticus,NA,8/30/06,Lineage_1
KX547401,West Nile virus,GenBank,set:KX547401,"Shabman,R., Das,S.R., Halpin,R.A., Shilts,M., Fedorova,N., Puri,V., Amedeo,P., Shrivastava,S., Maffei,J., Dupuis,A., Jones,S., Backenson,B., Zink,S., Ciota,A., Kramer,L.",J. Craig Venter Institute,USA,8/2/16,NA,Orthoflavivirus nilense,10787,complete,"USA: Suffolk Co., NY",USA,NY,Culex,NA,9/16/08,Lineage_1
KX547402,West Nile virus,GenBank,set:KX547402,"Shabman,R., Das,S.R., Halpin,R.A., Shilts,M., Fedorova,N., Puri,V., Amedeo,P., Shrivastava,S., Maffei,J., Dupuis,A., Jones,S., Backenson,B., Zink,S., Ciota,A., Kramer,L.",J. Craig Venter Institute,USA,8/2/16,NA,Orthoflavivirus nilense,10787,complete,"USA: Onondaga Co., NY",USA,NY,Culex,NA,9/18/02,Lineage_1
KX547403,West Nile virus,GenBank,set:KX547403,"Shabman,R., Das,S.R., Halpin,R.A., Shilts,M., Fedorova,N., Puri,V., Amedeo,P., Shrivastava,S., Maffei,J., Dupuis,A., Jones,S., Backenson,B., Zink,S., Ciota,A., Kramer,L.",J. Craig Venter Institute,USA,8/2/16,NA,Orthoflavivirus nilense,10787,complete,"USA: Onondaga Co., NY",USA,NY,Corvus brachyrhynchos,NA,5/20/04,Lineage_1
KX547404,West Nile virus,GenBank,set:KX547404,"Shabman,R., Das,S.R., Halpin,R.A., Shilts,M., Fedorova,N., Puri,V., Amedeo,P., Shrivastava,S., Maffei,J., Dupuis,A., Jones,S., Backenson,B., Zink,S., Ciota,A., Kramer,L.",J. Craig Venter Institute,USA,8/2/16,NA,Orthoflavivirus nilense,10787,complete,"USA: Albany Co., NY",USA,NY,Corvus brachyrhynchos,NA,8/18/08,Lineage_1
KX547405,West Nile virus,GenBank,set:KX547405,"Shabman,R., Das,S.R., Halpin,R.A., Shilts,M., Fedorova,N., Puri,V., Amedeo,P., Shrivastava,S., Maffei,J., Dupuis,A., Jones,S., Backenson,B., Zink,S., Ciota,A., Kramer,L.",J. Craig Venter Institute,USA,8/2/16,NA,Orthoflavivirus nilense,10787,complete,"USA: Tompkins Co., NY",USA,NY,Corvus brachyrhynchos,NA,8/9/03,Lineage_1
KX547406,West Nile virus,GenBank,set:KX547406,"Shabman,R., Das,S.R., Halpin,R.A., Shilts,M., Fedorova,N., Puri,V., Amedeo,P., Shrivastava,S., Maffei,J., Dupuis,A., Jones,S., Backenson,B., Zink,S., Ciota,A., Kramer,L.",J. Craig Venter Institute,USA,8/2/16,NA,Orthoflavivirus nilense,10787,complete,"USA: Nassau Co., NY",USA,NY,Culex,NA,9/25/09,Lineage_1
KX547407,West Nile virus,GenBank,set:KX547407,"Shabman,R., Das,S.R., Halpin,R.A., Shilts,M., Fedorova,N., Puri,V., Amedeo,P., Shrivastava,S., Maffei,J., Dupuis,A., Jones,S., Backenson,B., Zink,S., Ciota,A., Kramer,L.",J. Craig Venter Institute,USA,8/2/16,NA,Orthoflavivirus nilense,10787,complete,"USA: Suffolk Co., NY",USA,NY,Cyanocitta cristata,NA,8/27/09,Lineage_1
KX547408,West Nile virus,GenBank,set:KX547408,"Shabman,R., Das,S.R., Halpin,R.A., Shilts,M., Fedorova,N., Puri,V., Amedeo,P., Shrivastava,S., Maffei,J., Dupuis,A., Jones,S., Backenson,B., Zink,S., Ciota,A., Kramer,L.",J. Craig Venter Institute,USA,8/2/16,NA,Orthoflavivirus nilense,10787,complete,"USA: Erie Co., NY",USA,NY,Culex,NA,9/13/04,Lineage_1
KX547409,West Nile virus,GenBank,set:KX547409,"Shabman,R., Das,S.R., Halpin,R.A., Shilts,M., Fedorova,N., Puri,V., Amedeo,P., Shrivastava,S., Maffei,J., Dupuis,A., Jones,S., Backenson,B., Zink,S., Ciota,A., Kramer,L.",J. Craig Venter Institute,USA,8/2/16,NA,Orthoflavivirus nilense,10787,complete,"USA: Putnam Co., NY",USA,NY,Corvus brachyrhynchos,NA,9/10/03,Lineage_1
KX547410,West Nile virus,GenBank,set:KX547410,"Shabman,R., Das,S.R., Halpin,R.A., Shilts,M., Fedorova,N., Puri,V., Amedeo,P., Shrivastava,S., Maffei,J., Dupuis,A., Jones,S., Backenson,B., Zink,S., Ciota,A., Kramer,L.",J. Craig Venter Institute,USA,8/2/16,NA,Orthoflavivirus nilense,10787,complete,"USA: Oswego Co., NY",USA,NY,Culiseta,NA,7/30/12,Lineage_1
KX547411,West Nile virus,GenBank,set:KX547411,"Shabman,R., Das,S.R., Halpin,R.A., Shilts,M., Fedorova,N., Puri,V., Amedeo,P., Shrivastava,S., Maffei,J., Dupuis,A., Jones,S., Backenson,B., Zink,S., Ciota,A., Kramer,L.",J. Craig Venter Institute,USA,8/2/16,NA,Orthoflavivirus nilense,10787,complete,"USA: Rockland Co., NY",USA,NY,Culex,NA,7/10/03,Lineage_1
KX547413,West Nile virus,GenBank,set:KX547413,"Shabman,R., Das,S.R., Halpin,R.A., Shilts,M., Fedorova,N., Puri,V., Amedeo,P., Shrivastava,S., Maffei,J., Dupuis,A., Jones,S., Backenson,B., Zink,S., Ciota,A., Kramer,L.",J. Craig Venter Institute,USA,8/2/16,NA,Orthoflavivirus nilense,10787,complete,"USA: Otsego Co., NY",USA,NY,Corvus brachyrhynchos,NA,8/2/05,Lineage_1
KX547414,West Nile virus,GenBank,set:KX547414,"Shabman,R., Das,S.R., Halpin,R.A., Shilts,M., Fedorova,N., Puri,V., Amedeo,P., Shrivastava,S., Maffei,J., Dupuis,A., Jones,S., Backenson,B., Zink,S., Ciota,A., Kramer,L.",J. Craig Venter Institute,USA,8/2/16,NA,Orthoflavivirus nilense,10787,complete,"USA: Onondaga Co., NY",USA,NY,Culiseta,NA,9/10/02,Lineage_1
KX547415,West Nile virus,GenBank,set:KX547415,"Shabman,R., Das,S.R., Halpin,R.A., Shilts,M., Fedorova,N., Puri,V., Amedeo,P., Shrivastava,S., Maffei,J., Dupuis,A., Jones,S., Backenson,B., Zink,S., Ciota,A., Kramer,L.",J. Craig Venter Institute,USA,8/2/16,NA,Orthoflavivirus nilense,10787,complete,"USA: Monroe Co., NY",USA,NY,Corvus brachyrhynchos,NA,7/28/04,Lineage_1
KX547416,West Nile virus,GenBank,set:KX547416,"Shabman,R., Das,S.R., Halpin,R.A., Shilts,M., Fedorova,N., Puri,V., Amedeo,P., Shrivastava,S., Maffei,J., Dupuis,A., Jones,S., Backenson,B., Zink,S., Ciota,A., Kramer,L.",J. Craig Venter Institute,USA,8/2/16,NA,Orthoflavivirus nilense,10787,complete,"USA: Onondaga Co., NY",USA,NY,Coquillettidia,NA,8/4/11,Lineage_1
KX547417,West Nile virus,GenBank,set:KX547417,"Shabman,R., Das,S.R., Halpin,R.A., Shilts,M., Fedorova,N., Puri,V., Amedeo,P., Shrivastava,S., Maffei,J., Dupuis,A., Jones,S., Backenson,B., Zink,S., Ciota,A., Kramer,L.",J. Craig Venter Institute,USA,8/2/16,NA,Orthoflavivirus nilense,10787,complete,"USA: Rockland Co., NY",USA,NY,Culex,NA,7/22/11,Lineage_1
KX547418,West Nile virus,GenBank,set:KX547418,"Shabman,R., Das,S.R., Halpin,R.A., Shilts,M., Fedorova,N., Puri,V., Amedeo,P., Shrivastava,S., Maffei,J., Dupuis,A., Jones,S., Backenson,B., Zink,S., Ciota,A., Kramer,L.",J. Craig Venter Institute,USA,8/2/16,NA,Orthoflavivirus nilense,10786,complete,"USA: St. Lawrence Co., NY",USA,NY,Aedes sp.,NA,8/16/12,Lineage_1
KX547419,West Nile virus,GenBank,set:KX547419,"Shabman,R., Das,S.R., Halpin,R.A., Shilts,M., Fedorova,N., Puri,V., Amedeo,P., Shrivastava,S., Maffei,J., Dupuis,A., Jones,S., Backenson,B., Zink,S., Ciota,A., Kramer,L.",J. Craig Venter Institute,USA,8/2/16,NA,Orthoflavivirus nilense,10787,complete,"USA: Dutchess Co., NY",USA,NY,Corvus brachyrhynchos,NA,8/23/07,Lineage_1
KX547420,West Nile virus,GenBank,set:KX547420,"Shabman,R., Das,S.R., Halpin,R.A., Shilts,M., Fedorova,N., Puri,V., Amedeo,P., Shrivastava,S., Maffei,J., Dupuis,A., Jones,S., Backenson,B., Zink,S., Ciota,A., Kramer,L.",J. Craig Venter Institute,USA,8/2/16,NA,Orthoflavivirus nilense,10787,complete,"USA: Suffolk Co., NY",USA,NY,Cyanocitta cristata,NA,7/28/06,Lineage_1
KX547421,West Nile virus,GenBank,set:KX547421,"Shabman,R., Das,S.R., Halpin,R.A., Shilts,M., Fedorova,N., Puri,V., Amedeo,P., Shrivastava,S., Maffei,J., Dupuis,A., Jones,S., Backenson,B., Zink,S., Ciota,A., Kramer,L.",J. Craig Venter Institute,USA,8/2/16,NA,Orthoflavivirus nilense,10787,complete,"USA: Steuben Co., NY",USA,NY,Corvus brachyrhynchos,NA,8/15/02,Lineage_1
KX547422,West Nile virus,GenBank,set:KX547422,"Shabman,R., Das,S.R., Halpin,R.A., Shilts,M., Fedorova,N., Puri,V., Amedeo,P., Shrivastava,S., Maffei,J., Dupuis,A., Jones,S., Backenson,B., Zink,S., Ciota,A., Kramer,L.",J. Craig Venter Institute,USA,8/2/16,NA,Orthoflavivirus nilense,10787,complete,"USA: Queens Co., NY",USA,NY,Cyanocitta cristata,NA,10/3/03,Lineage_1
KX547423,West Nile virus,GenBank,set:KX547423,"Shabman,R., Das,S.R., Halpin,R.A., Shilts,M., Fedorova,N., Puri,V., Amedeo,P., Shrivastava,S., Maffei,J., Dupuis,A., Jones,S., Backenson,B., Zink,S., Ciota,A., Kramer,L.",J. Craig Venter Institute,USA,8/2/16,NA,Orthoflavivirus nilense,10787,complete,"USA: Richmond Co., NY",USA,NY,Quiscalus quiscula,NA,7/16/04,Lineage_1
KX547424,West Nile virus,GenBank,set:KX547424,"Shabman,R., Das,S.R., Halpin,R.A., Shilts,M., Fedorova,N., Puri,V., Amedeo,P., Shrivastava,S., Maffei,J., Dupuis,A., Jones,S., Backenson,B., Zink,S., Ciota,A., Kramer,L.",J. Craig Venter Institute,USA,8/2/16,NA,Orthoflavivirus nilense,10787,complete,"USA: Onondaga Co., NY",USA,NY,Corvus brachyrhynchos,NA,7/10/07,Lineage_1
KX547425,West Nile virus,GenBank,set:KX547425,"Shabman,R., Das,S.R., Halpin,R.A., Shilts,M., Fedorova,N., Puri,V., Amedeo,P., Shrivastava,S., Maffei,J., Dupuis,A., Jones,S., Backenson,B., Zink,S., Ciota,A., Kramer,L.",J. Craig Venter Institute,USA,8/2/16,NA,Orthoflavivirus nilense,10787,complete,"USA: Suffolk Co., NY",USA,NY,Cyanocitta cristata,NA,9/9/09,Lineage_1
KX547426,West Nile virus,GenBank,set:KX547426,"Shabman,R., Das,S.R., Halpin,R.A., Shilts,M., Fedorova,N., Puri,V., Amedeo,P., Shrivastava,S., Maffei,J., Dupuis,A., Jones,S., Backenson,B., Zink,S., Ciota,A., Kramer,L.",J. Craig Venter Institute,USA,8/2/16,NA,Orthoflavivirus nilense,10787,complete,"USA: Onondaga Co., NY",USA,NY,Culex,NA,8/8/07,Lineage_1
KX547427,West Nile virus,GenBank,set:KX547427,"Shabman,R., Das,S.R., Halpin,R.A., Shilts,M., Fedorova,N., Puri,V., Amedeo,P., Shrivastava,S., Maffei,J., Dupuis,A., Jones,S., Backenson,B., Zink,S., Ciota,A., Kramer,L.",J. Craig Venter Institute,USA,8/2/16,NA,Orthoflavivirus nilense,10787,complete,"USA: Chautauqua Co., NY",USA,NY,Cyanocitta cristata,NA,6/22/04,Lineage_1
KX547428,West Nile virus,GenBank,set:KX547428,"Shabman,R., Das,S.R., Halpin,R.A., Shilts,M., Fedorova,N., Puri,V., Amedeo,P., Shrivastava,S., Maffei,J., Dupuis,A., Jones,S., Backenson,B., Zink,S., Ciota,A., Kramer,L.",J. Craig Venter Institute,USA,8/2/16,NA,Orthoflavivirus nilense,10787,complete,"USA: Onondaga Co., NY",USA,NY,Culiseta,NA,9/26/02,Lineage_1
KX547429,West Nile virus,GenBank,set:KX547429,"Shabman,R., Das,S.R., Halpin,R.A., Shilts,M., Fedorova,N., Puri,V., Amedeo,P., Shrivastava,S., Maffei,J., Dupuis,A., Jones,S., Backenson,B., Zink,S., Ciota,A., Kramer,L.",J. Craig Venter Institute,USA,8/2/16,NA,Orthoflavivirus nilense,10787,complete,"USA: Westchester Co., NY",USA,NY,Anopheles sp.,NA,8/15/02,Lineage_1
KX547430,West Nile virus,GenBank,set:KX547430,"Shabman,R., Das,S.R., Halpin,R.A., Shilts,M., Fedorova,N., Puri,V., Amedeo,P., Shrivastava,S., Maffei,J., Dupuis,A., Jones,S., Backenson,B., Zink,S., Ciota,A., Kramer,L.",J. Craig Venter Institute,USA,8/2/16,NA,Orthoflavivirus nilense,10787,complete,"USA: Onondaga Co., NY",USA,NY,Culiseta,NA,8/18/09,Lineage_1
KX547431,West Nile virus,GenBank,set:KX547431,"Shabman,R., Das,S.R., Halpin,R.A., Shilts,M., Fedorova,N., Puri,V., Amedeo,P., Shrivastava,S., Maffei,J., Dupuis,A., Jones,S., Backenson,B., Zink,S., Ciota,A., Kramer,L.",J. Craig Venter Institute,USA,8/2/16,NA,Orthoflavivirus nilense,10787,complete,"USA: Niagara Co., NY",USA,NY,Culex,NA,8/17/06,Lineage_1
KX547432,West Nile virus,GenBank,set:KX547432,"Shabman,R., Das,S.R., Halpin,R.A., Shilts,M., Fedorova,N., Puri,V., Amedeo,P., Shrivastava,S., Maffei,J., Dupuis,A., Jones,S., Backenson,B., Zink,S., Ciota,A., Kramer,L.",J. Craig Venter Institute,USA,8/2/16,NA,Orthoflavivirus nilense,10787,complete,"USA: Suffolk Co., NY",USA,NY,Coquillettidia,NA,8/10/06,Lineage_1
KX547434,West Nile virus,GenBank,set:KX547434,"Shabman,R., Das,S.R., Halpin,R.A., Shilts,M., Fedorova,N., Puri,V., Amedeo,P., Shrivastava,S., Maffei,J., Dupuis,A., Jones,S., Backenson,B., Zink,S., Ciota,A., Kramer,L.",J. Craig Venter Institute,USA,8/2/16,NA,Orthoflavivirus nilense,10787,complete,"USA: Rockland Co., NY",USA,NY,Culex,NA,9/11/09,Lineage_1
KX547435,West Nile virus,GenBank,set:KX547435,"Shabman,R., Das,S.R., Halpin,R.A., Shilts,M., Fedorova,N., Puri,V., Amedeo,P., Shrivastava,S., Maffei,J., Dupuis,A., Jones,S., Backenson,B., Zink,S., Ciota,A., Kramer,L.",J. Craig Venter Institute,USA,8/2/16,NA,Orthoflavivirus nilense,10787,complete,"USA: Kings Co., NY",USA,NY,Corvus brachyrhynchos,NA,8/18/06,Lineage_1
KX547436,West Nile virus,GenBank,set:KX547436,"Shabman,R., Das,S.R., Halpin,R.A., Shilts,M., Fedorova,N., Puri,V., Amedeo,P., Shrivastava,S., Maffei,J., Dupuis,A., Jones,S., Backenson,B., Zink,S., Ciota,A., Kramer,L.",J. Craig Venter Institute,USA,8/2/16,NA,Orthoflavivirus nilense,10787,complete,"USA: Erie Co., NY",USA,NY,Culex,NA,9/8/08,Lineage_1
KX547437,West Nile virus,GenBank,set:KX547437,"Shabman,R., Das,S.R., Halpin,R.A., Shilts,M., Fedorova,N., Puri,V., Amedeo,P., Shrivastava,S., Maffei,J., Dupuis,A., Jones,S., Backenson,B., Zink,S., Ciota,A., Kramer,L.",J. Craig Venter Institute,USA,8/2/16,NA,Orthoflavivirus nilense,10787,complete,"USA: Suffolk Co., NY",USA,NY,Culex,NA,7/29/03,Lineage_1
KX547438,West Nile virus,GenBank,set:KX547438,"Shabman,R., Das,S.R., Halpin,R.A., Shilts,M., Fedorova,N., Puri,V., Amedeo,P., Shrivastava,S., Maffei,J., Dupuis,A., Jones,S., Backenson,B., Zink,S., Ciota,A., Kramer,L.",J. Craig Venter Institute,USA,8/2/16,NA,Orthoflavivirus nilense,10787,complete,"USA: Onondaga Co., NY",USA,NY,Culex,NA,8/10/11,Lineage_1
KX547439,West Nile virus,GenBank,set:KX547439,"Shabman,R., Das,S.R., Halpin,R.A., Shilts,M., Fedorova,N., Puri,V., Amedeo,P., Shrivastava,S., Maffei,J., Dupuis,A., Jones,S., Backenson,B., Zink,S., Ciota,A., Kramer,L.",J. Craig Venter Institute,USA,8/2/16,NA,Orthoflavivirus nilense,10787,complete,"USA: Niagara Co., NY",USA,NY,Corvus brachyrhynchos,NA,8/14/03,Lineage_1
KX547440,West Nile virus,GenBank,set:KX547440,"Shabman,R., Das,S.R., Halpin,R.A., Shilts,M., Fedorova,N., Puri,V., Amedeo,P., Shrivastava,S., Maffei,J., Dupuis,A., Jones,S., Backenson,B., Zink,S., Ciota,A., Kramer,L.",J. Craig Venter Institute,USA,8/2/16,NA,Orthoflavivirus nilense,10787,complete,"USA: Suffolk Co., NY",USA,NY,Corvus brachyrhynchos,NA,8/19/08,Lineage_1
KX547441,West Nile virus,GenBank,set:KX547441,"Shabman,R., Das,S.R., Halpin,R.A., Shilts,M., Fedorova,N., Puri,V., Amedeo,P., Shrivastava,S., Maffei,J., Dupuis,A., Jones,S., Backenson,B., Zink,S., Ciota,A., Kramer,L.",J. Craig Venter Institute,USA,8/2/16,NA,Orthoflavivirus nilense,10583,complete,"USA: Suffolk Co., NY",USA,NY,Passer domesticus,NA,8/16/05,Lineage_1
KX547442,West Nile virus,GenBank,set:KX547442,"Shabman,R., Das,S.R., Halpin,R.A., Shilts,M., Fedorova,N., Puri,V., Amedeo,P., Shrivastava,S., Maffei,J., Dupuis,A., Jones,S., Backenson,B., Zink,S., Ciota,A., Kramer,L.",J. Craig Venter Institute,USA,8/2/16,NA,Orthoflavivirus nilense,10787,complete,"USA: Westchester Co., NY",USA,NY,Culex,NA,8/31/10,Lineage_1
KX547443,West Nile virus,GenBank,set:KX547443,"Shabman,R., Das,S.R., Halpin,R.A., Shilts,M., Fedorova,N., Puri,V., Amedeo,P., Shrivastava,S., Maffei,J., Dupuis,A., Jones,S., Backenson,B., Zink,S., Ciota,A., Kramer,L.",J. Craig Venter Institute,USA,8/2/16,NA,Orthoflavivirus nilense,10786,complete,"USA: Nassau Co., NY",USA,NY,Aedes sp.,NA,8/17/12,Lineage_1
KX547444,West Nile virus,GenBank,set:KX547444,"Shabman,R., Das,S.R., Halpin,R.A., Shilts,M., Fedorova,N., Puri,V., Amedeo,P., Shrivastava,S., Maffei,J., Dupuis,A., Jones,S., Backenson,B., Zink,S., Ciota,A., Kramer,L.",J. Craig Venter Institute,USA,8/2/16,NA,Orthoflavivirus nilense,10787,complete,"USA: Niagara Co., NY",USA,NY,Culex,NA,8/6/02,Lineage_1
KX547445,West Nile virus,GenBank,set:KX547445,"Shabman,R., Das,S.R., Halpin,R.A., Shilts,M., Fedorova,N., Puri,V., Amedeo,P., Shrivastava,S., Maffei,J., Dupuis,A., Jones,S., Backenson,B., Zink,S., Ciota,A., Kramer,L.",J. Craig Venter Institute,USA,8/2/16,NA,Orthoflavivirus nilense,10786,complete,"USA: Suffolk Co., NY",USA,NY,Culex,NA,9/17/14,Lineage_1
KX547446,West Nile virus,GenBank,set:KX547446,"Shabman,R., Das,S.R., Halpin,R.A., Shilts,M., Fedorova,N., Puri,V., Amedeo,P., Shrivastava,S., Maffei,J., Dupuis,A., Jones,S., Backenson,B., Zink,S., Ciota,A., Kramer,L.",J. Craig Venter Institute,USA,8/2/16,NA,Orthoflavivirus nilense,10787,complete,"USA: Wyoming Co., NY",USA,NY,Corvus brachyrhynchos,NA,6/7/04,Lineage_1
KX547447,West Nile virus,GenBank,set:KX547447,"Shabman,R., Das,S.R., Halpin,R.A., Shilts,M., Fedorova,N., Puri,V., Amedeo,P., Shrivastava,S., Maffei,J., Dupuis,A., Jones,S., Backenson,B., Zink,S., Ciota,A., Kramer,L.",J. Craig Venter Institute,USA,8/2/16,NA,Orthoflavivirus nilense,10787,complete,"USA: Suffolk Co., NY",USA,NY,Corvus brachyrhynchos,NA,8/8/07,Lineage_1
KX547448,West Nile virus,GenBank,set:KX547448,"Shabman,R., Das,S.R., Halpin,R.A., Shilts,M., Fedorova,N., Puri,V., Amedeo,P., Shrivastava,S., Maffei,J., Dupuis,A., Jones,S., Backenson,B., Zink,S., Ciota,A., Kramer,L.",J. Craig Venter Institute,USA,8/2/16,NA,Orthoflavivirus nilense,10787,complete,"USA: Cayuga Co., NY",USA,NY,Corvus brachyrhynchos,NA,8/29/02,Lineage_1
KX547449,West Nile virus,GenBank,set:KX547449,"Shabman,R., Das,S.R., Halpin,R.A., Shilts,M., Fedorova,N., Puri,V., Amedeo,P., Shrivastava,S., Maffei,J., Dupuis,A., Jones,S., Backenson,B., Zink,S., Ciota,A., Kramer,L.",J. Craig Venter Institute,USA,8/2/16,NA,Orthoflavivirus nilense,10787,complete,"USA: Suffolk Co., NY",USA,NY,Culex,NA,7/6/11,Lineage_1
KX547450,West Nile virus,GenBank,set:KX547450,"Shabman,R., Das,S.R., Halpin,R.A., Shilts,M., Fedorova,N., Puri,V., Amedeo,P., Shrivastava,S., Maffei,J., Dupuis,A., Jones,S., Backenson,B., Zink,S., Ciota,A., Kramer,L.",J. Craig Venter Institute,USA,8/2/16,NA,Orthoflavivirus nilense,10787,complete,"USA: Onondaga Co., NY",USA,NY,Culiseta,NA,8/5/15,Lineage_1
KX547451,West Nile virus,GenBank,set:KX547451,"Shabman,R., Das,S.R., Halpin,R.A., Shilts,M., Fedorova,N., Puri,V., Amedeo,P., Shrivastava,S., Maffei,J., Dupuis,A., Jones,S., Backenson,B., Zink,S., Ciota,A., Kramer,L.",J. Craig Venter Institute,USA,8/2/16,NA,Orthoflavivirus nilense,10787,complete,"USA: Monroe Co., NY",USA,NY,Corvus brachyrhynchos,NA,8/22/06,Lineage_1
KX547452,West Nile virus,GenBank,set:KX547452,"Shabman,R., Das,S.R., Halpin,R.A., Shilts,M., Fedorova,N., Puri,V., Amedeo,P., Shrivastava,S., Maffei,J., Dupuis,A., Jones,S., Backenson,B., Zink,S., Ciota,A., Kramer,L.",J. Craig Venter Institute,USA,8/2/16,NA,Orthoflavivirus nilense,10787,complete,"USA: Nassau Co., NY",USA,NY,Corvus brachyrhynchos,NA,8/14/07,Lineage_1
KX547453,West Nile virus,GenBank,set:KX547453,"Shabman,R., Das,S.R., Halpin,R.A., Shilts,M., Fedorova,N., Puri,V., Amedeo,P., Shrivastava,S., Maffei,J., Dupuis,A., Jones,S., Backenson,B., Zink,S., Ciota,A., Kramer,L.",J. Craig Venter Institute,USA,8/2/16,NA,Orthoflavivirus nilense,10787,complete,"USA: Suffolk Co., NY",USA,NY,Turdus migratorius,NA,7/29/08,Lineage_1
KX547455,West Nile virus,GenBank,set:KX547455,"Shabman,R., Das,S.R., Halpin,R.A., Shilts,M., Fedorova,N., Puri,V., Amedeo,P., Shrivastava,S., Maffei,J., Dupuis,A., Jones,S., Backenson,B., Zink,S., Ciota,A., Kramer,L.",J. Craig Venter Institute,USA,8/2/16,NA,Orthoflavivirus nilense,10787,complete,"USA: Nassau Co., NY",USA,NY,Culex,NA,8/13/03,Lineage_1
KX547456,West Nile virus,GenBank,set:KX547456,"Shabman,R., Das,S.R., Halpin,R.A., Shilts,M., Fedorova,N., Puri,V., Amedeo,P., Shrivastava,S., Maffei,J., Dupuis,A., Jones,S., Backenson,B., Zink,S., Ciota,A., Kramer,L.",J. Craig Venter Institute,USA,8/2/16,NA,Orthoflavivirus nilense,10785,complete,"USA: Chautauqua Co., NY",USA,NY,Culex,NA,7/31/12,Lineage_1
KX547458,West Nile virus,GenBank,set:KX547458,"Shabman,R., Das,S.R., Halpin,R.A., Shilts,M., Fedorova,N., Puri,V., Amedeo,P., Shrivastava,S., Maffei,J., Dupuis,A., Jones,S., Backenson,B., Zink,S., Ciota,A., Kramer,L.",J. Craig Venter Institute,USA,8/2/16,NA,Orthoflavivirus nilense,10787,complete,"USA: Suffolk Co., NY",USA,NY,Cyanocitta cristata,NA,9/22/03,Lineage_1
KX547459,West Nile virus,GenBank,set:KX547459,"Shabman,R., Das,S.R., Halpin,R.A., Shilts,M., Fedorova,N., Puri,V., Amedeo,P., Shrivastava,S., Maffei,J., Dupuis,A., Jones,S., Backenson,B., Zink,S., Ciota,A., Kramer,L.",J. Craig Venter Institute,USA,8/2/16,NA,Orthoflavivirus nilense,10787,complete,"USA: Wyoming Co., NY",USA,NY,Corvus brachyrhynchos,NA,9/26/02,Lineage_1
KX547460,West Nile virus,GenBank,set:KX547460,"Shabman,R., Das,S.R., Halpin,R.A., Shilts,M., Fedorova,N., Puri,V., Amedeo,P., Shrivastava,S., Maffei,J., Dupuis,A., Jones,S., Backenson,B., Zink,S., Ciota,A., Kramer,L.",J. Craig Venter Institute,USA,8/2/16,NA,Orthoflavivirus nilense,10787,complete,"USA: Madison Co., NY",USA,NY,Aedes sp.,NA,8/6/13,Lineage_1
KX547461,West Nile virus,GenBank,set:KX547461,"Shabman,R., Das,S.R., Halpin,R.A., Shilts,M., Fedorova,N., Puri,V., Amedeo,P., Shrivastava,S., Maffei,J., Dupuis,A., Jones,S., Backenson,B., Zink,S., Ciota,A., Kramer,L.",J. Craig Venter Institute,USA,8/2/16,NA,Orthoflavivirus nilense,10787,complete,"USA: Suffolk Co., NY",USA,NY,Cardinalis cardinalis,NA,8/8/05,Lineage_1
KX547462,West Nile virus,GenBank,set:KX547462,"Shabman,R., Das,S.R., Halpin,R.A., Shilts,M., Fedorova,N., Puri,V., Amedeo,P., Shrivastava,S., Maffei,J., Dupuis,A., Jones,S., Backenson,B., Zink,S., Ciota,A., Kramer,L.",J. Craig Venter Institute,USA,8/2/16,NA,Orthoflavivirus nilense,10787,complete,"USA: Jefferson Co., NY",USA,NY,Corvus brachyrhynchos,NA,6/29/04,Lineage_1
KX547463,West Nile virus,GenBank,set:KX547463,"Shabman,R., Das,S.R., Halpin,R.A., Shilts,M., Fedorova,N., Puri,V., Amedeo,P., Shrivastava,S., Maffei,J., Dupuis,A., Jones,S., Backenson,B., Zink,S., Ciota,A., Kramer,L.",J. Craig Venter Institute,USA,8/2/16,NA,Orthoflavivirus nilense,10787,complete,"USA: Suffolk Co., NY",USA,NY,Culex,NA,8/25/09,Lineage_1
KX547464,West Nile virus,GenBank,set:KX547464,"Shabman,R., Das,S.R., Halpin,R.A., Shilts,M., Fedorova,N., Puri,V., Amedeo,P., Shrivastava,S., Maffei,J., Dupuis,A., Jones,S., Backenson,B., Zink,S., Ciota,A., Kramer,L.",J. Craig Venter Institute,USA,8/2/16,NA,Orthoflavivirus nilense,10787,complete,"USA: Weschester Co., NY",USA,NY,Culex,NA,9/16/09,Lineage_1
KX547465,West Nile virus,GenBank,set:KX547465,"Shabman,R., Das,S.R., Halpin,R.A., Shilts,M., Fedorova,N., Puri,V., Amedeo,P., Shrivastava,S., Maffei,J., Dupuis,A., Jones,S., Backenson,B., Zink,S., Ciota,A., Kramer,L.",J. Craig Venter Institute,USA,8/2/16,NA,Orthoflavivirus nilense,10787,complete,"USA: Westchester Co., NY",USA,NY,Culex,NA,7/31/13,Lineage_1
KX547467,West Nile virus,GenBank,set:KX547467,"Shabman,R., Das,S.R., Halpin,R.A., Shilts,M., Fedorova,N., Puri,V., Amedeo,P., Shrivastava,S., Maffei,J., Dupuis,A., Jones,S., Backenson,B., Zink,S., Ciota,A., Kramer,L.",J. Craig Venter Institute,USA,8/2/16,NA,Orthoflavivirus nilense,10787,complete,"USA: Onondaga Co., NY",USA,NY,Culiseta,NA,9/12/13,Lineage_1
KX547468,West Nile virus,GenBank,set:KX547468,"Shabman,R., Das,S.R., Halpin,R.A., Shilts,M., Fedorova,N., Puri,V., Amedeo,P., Shrivastava,S., Maffei,J., Dupuis,A., Jones,S., Backenson,B., Zink,S., Ciota,A., Kramer,L.",J. Craig Venter Institute,USA,8/2/16,NA,Orthoflavivirus nilense,10787,complete,"USA: Columbia Co., NY",USA,NY,Culex,NA,8/11/03,Lineage_1
KX547469,West Nile virus,GenBank,set:KX547469,"Shabman,R., Das,S.R., Halpin,R.A., Shilts,M., Fedorova,N., Puri,V., Amedeo,P., Shrivastava,S., Maffei,J., Dupuis,A., Jones,S., Backenson,B., Zink,S., Ciota,A., Kramer,L.",J. Craig Venter Institute,USA,8/2/16,NA,Orthoflavivirus nilense,10787,complete,"USA: Schenectady Co., NY",USA,NY,Sciurus carolinensis,NA,9/19/02,Lineage_1
KX547470,West Nile virus,GenBank,set:KX547470,"Shabman,R., Das,S.R., Halpin,R.A., Shilts,M., Fedorova,N., Puri,V., Amedeo,P., Shrivastava,S., Maffei,J., Dupuis,A., Jones,S., Backenson,B., Zink,S., Ciota,A., Kramer,L.",J. Craig Venter Institute,USA,8/2/16,NA,Orthoflavivirus nilense,10787,complete,"USA: Erie Co., NY",USA,NY,Corvus brachyrhynchos,NA,8/9/07,Lineage_1
KX547471,West Nile virus,GenBank,set:KX547471,"Shabman,R., Das,S.R., Halpin,R.A., Shilts,M., Fedorova,N., Puri,V., Amedeo,P., Shrivastava,S., Maffei,J., Dupuis,A., Jones,S., Backenson,B., Zink,S., Ciota,A., Kramer,L.",J. Craig Venter Institute,USA,8/2/16,NA,Orthoflavivirus nilense,10787,complete,"USA: Erie Co., NY",USA,NY,Aedes sp.,NA,9/21/05,Lineage_1
KX547472,West Nile virus,GenBank,set:KX547472,"Shabman,R., Das,S.R., Halpin,R.A., Shilts,M., Fedorova,N., Puri,V., Amedeo,P., Shrivastava,S., Maffei,J., Dupuis,A., Jones,S., Backenson,B., Zink,S., Ciota,A., Kramer,L.",J. Craig Venter Institute,USA,8/2/16,NA,Orthoflavivirus nilense,10787,complete,"USA: Livingston Co., NY",USA,NY,Cyanocitta cristata,NA,8/31/06,Lineage_1
KX547473,West Nile virus,GenBank,set:KX547473,"Shabman,R., Das,S.R., Halpin,R.A., Shilts,M., Fedorova,N., Puri,V., Amedeo,P., Shrivastava,S., Maffei,J., Dupuis,A., Jones,S., Backenson,B., Zink,S., Ciota,A., Kramer,L.",J. Craig Venter Institute,USA,8/2/16,NA,Orthoflavivirus nilense,10787,complete,"USA: Erie Co., NY",USA,NY,Culex,NA,7/17/13,Lineage_1
KX547474,West Nile virus,GenBank,set:KX547474,"Shabman,R., Das,S.R., Halpin,R.A., Shilts,M., Fedorova,N., Puri,V., Amedeo,P., Shrivastava,S., Maffei,J., Dupuis,A., Jones,S., Backenson,B., Zink,S., Ciota,A., Kramer,L.",J. Craig Venter Institute,USA,8/2/16,NA,Orthoflavivirus nilense,10787,complete,"USA: Albany Co., NY",USA,NY,Sciurus carolinensis,NA,10/11/02,Lineage_1
KX547475,West Nile virus,GenBank,set:KX547475,"Shabman,R., Das,S.R., Halpin,R.A., Shilts,M., Fedorova,N., Puri,V., Amedeo,P., Shrivastava,S., Maffei,J., Dupuis,A., Jones,S., Backenson,B., Zink,S., Ciota,A., Kramer,L.",J. Craig Venter Institute,USA,8/2/16,NA,Orthoflavivirus nilense,10787,complete,"USA: Orleans Co., NY",USA,NY,Corvus brachyrhynchos,NA,8/6/06,Lineage_1
KX547476,West Nile virus,GenBank,set:KX547476,"Shabman,R., Das,S.R., Halpin,R.A., Shilts,M., Fedorova,N., Puri,V., Amedeo,P., Shrivastava,S., Maffei,J., Dupuis,A., Jones,S., Backenson,B., Zink,S., Ciota,A., Kramer,L.",J. Craig Venter Institute,USA,8/2/16,NA,Orthoflavivirus nilense,10787,complete,"USA: Suffolk Co., NY",USA,NY,Cyanocitta cristata,NA,8/7/08,Lineage_1
KX547477,West Nile virus,GenBank,set:KX547477,"Shabman,R., Das,S.R., Halpin,R.A., Shilts,M., Fedorova,N., Puri,V., Amedeo,P., Shrivastava,S., Maffei,J., Dupuis,A., Jones,S., Backenson,B., Zink,S., Ciota,A., Kramer,L.",J. Craig Venter Institute,USA,8/2/16,NA,Orthoflavivirus nilense,10787,complete,"USA: Monroe Co., NY",USA,NY,Culex,NA,8/10/04,Lineage_1
KX547478,West Nile virus,GenBank,set:KX547478,"Shabman,R., Das,S.R., Halpin,R.A., Shilts,M., Fedorova,N., Puri,V., Amedeo,P., Shrivastava,S., Maffei,J., Dupuis,A., Jones,S., Backenson,B., Zink,S., Ciota,A., Kramer,L.",J. Craig Venter Institute,USA,8/2/16,NA,Orthoflavivirus nilense,10787,complete,"USA: Rockland Co., NY",USA,NY,Culex,NA,9/8/01,Lineage_1
KX547479,West Nile virus,GenBank,set:KX547479,"Shabman,R., Das,S.R., Halpin,R.A., Shilts,M., Fedorova,N., Puri,V., Amedeo,P., Shrivastava,S., Maffei,J., Dupuis,A., Jones,S., Backenson,B., Zink,S., Ciota,A., Kramer,L.",J. Craig Venter Institute,USA,8/2/16,NA,Orthoflavivirus nilense,10787,complete,"USA: Suffolk Co., NY",USA,NY,Aedes sp.,NA,9/7/05,Lineage_1
KX547480,West Nile virus,GenBank,set:KX547480,"Shabman,R., Das,S.R., Halpin,R.A., Shilts,M., Fedorova,N., Puri,V., Amedeo,P., Shrivastava,S., Maffei,J., Dupuis,A., Jones,S., Backenson,B., Zink,S., Ciota,A., Kramer,L.",J. Craig Venter Institute,USA,8/2/16,NA,Orthoflavivirus nilense,10787,complete,"USA: Columbia Co., NY",USA,NY,Culex,NA,9/22/03,Lineage_1
KX547481,West Nile virus,GenBank,set:KX547481,"Shabman,R., Das,S.R., Halpin,R.A., Shilts,M., Fedorova,N., Puri,V., Amedeo,P., Shrivastava,S., Maffei,J., Dupuis,A., Jones,S., Backenson,B., Zink,S., Ciota,A., Kramer,L.",J. Craig Venter Institute,USA,8/2/16,NA,Orthoflavivirus nilense,10787,complete,"USA: Nassau Co., NY",USA,NY,Cyanocitta cristata,NA,9/1/05,Lineage_1
KX547482,West Nile virus,GenBank,set:KX547482,"Shabman,R., Das,S.R., Halpin,R.A., Shilts,M., Fedorova,N., Puri,V., Amedeo,P., Shrivastava,S., Maffei,J., Dupuis,A., Jones,S., Backenson,B., Zink,S., Ciota,A., Kramer,L.",J. Craig Venter Institute,USA,8/2/16,NA,Orthoflavivirus nilense,10787,complete,"USA: Oswego Co., NY",USA,NY,Culiseta,NA,8/7/13,Lineage_1
KX547483,West Nile virus,GenBank,set:KX547483,"Shabman,R., Das,S.R., Halpin,R.A., Shilts,M., Fedorova,N., Puri,V., Amedeo,P., Shrivastava,S., Maffei,J., Dupuis,A., Jones,S., Backenson,B., Zink,S., Ciota,A., Kramer,L.",J. Craig Venter Institute,USA,8/2/16,NA,Orthoflavivirus nilense,10787,complete,"USA: Nassau Co., NY",USA,NY,Culex,NA,7/3/14,Lineage_1
KX547484,West Nile virus,GenBank,set:KX547484,"Shabman,R., Das,S.R., Halpin,R.A., Shilts,M., Fedorova,N., Puri,V., Amedeo,P., Shrivastava,S., Maffei,J., Dupuis,A., Jones,S., Backenson,B., Zink,S., Ciota,A., Kramer,L.",J. Craig Venter Institute,USA,8/2/16,NA,Orthoflavivirus nilense,10787,complete,"USA: Genesee Co., NY",USA,NY,Corvus ossifragus,NA,10/1/02,Lineage_1
KX547485,West Nile virus,GenBank,set:KX547485,"Shabman,R., Das,S.R., Halpin,R.A., Shilts,M., Fedorova,N., Puri,V., Amedeo,P., Shrivastava,S., Maffei,J., Dupuis,A., Jones,S., Backenson,B., Zink,S., Ciota,A., Kramer,L.",J. Craig Venter Institute,USA,8/2/16,NA,Orthoflavivirus nilense,10787,complete,"USA: Rockland Co., NY",USA,NY,Culex,NA,6/13/14,Lineage_1
KX547486,West Nile virus,GenBank,set:KX547486,"Shabman,R., Das,S.R., Halpin,R.A., Shilts,M., Fedorova,N., Puri,V., Amedeo,P., Shrivastava,S., Maffei,J., Dupuis,A., Jones,S., Backenson,B., Zink,S., Ciota,A., Kramer,L.",J. Craig Venter Institute,USA,8/2/16,NA,Orthoflavivirus nilense,10787,complete,"USA: Erie Co., NY",USA,NY,Culex,NA,9/13/05,Lineage_1
KX547487,West Nile virus,GenBank,set:KX547487,"Shabman,R., Das,S.R., Halpin,R.A., Shilts,M., Fedorova,N., Puri,V., Amedeo,P., Shrivastava,S., Maffei,J., Dupuis,A., Jones,S., Backenson,B., Zink,S., Ciota,A., Kramer,L.",J. Craig Venter Institute,USA,8/2/16,NA,Orthoflavivirus nilense,10787,complete,"USA: New York Co., NY",USA,NY,Corvus brachyrhynchos,NA,10/4/04,Lineage_1
KX547488,West Nile virus,GenBank,set:KX547488,"Shabman,R., Das,S.R., Halpin,R.A., Shilts,M., Fedorova,N., Puri,V., Amedeo,P., Shrivastava,S., Maffei,J., Dupuis,A., Jones,S., Backenson,B., Zink,S., Ciota,A., Kramer,L.",J. Craig Venter Institute,USA,8/2/16,NA,Orthoflavivirus nilense,10787,complete,"USA: Suffolk Co., NY",USA,NY,Culex,NA,9/15/11,Lineage_1
KX547489,West Nile virus,GenBank,set:KX547489,"Shabman,R., Das,S.R., Halpin,R.A., Shilts,M., Fedorova,N., Puri,V., Amedeo,P., Shrivastava,S., Maffei,J., Dupuis,A., Jones,S., Backenson,B., Zink,S., Ciota,A., Kramer,L.",J. Craig Venter Institute,USA,8/2/16,NA,Orthoflavivirus nilense,10787,complete,"USA: Richmond Co., NY",USA,NY,Corvus brachyrhynchos,NA,7/29/04,Lineage_1
KX547490,West Nile virus,GenBank,set:KX547490,"Shabman,R., Das,S.R., Halpin,R.A., Shilts,M., Fedorova,N., Puri,V., Amedeo,P., Shrivastava,S., Maffei,J., Dupuis,A., Jones,S., Backenson,B., Zink,S., Ciota,A., Kramer,L.",J. Craig Venter Institute,USA,8/2/16,NA,Orthoflavivirus nilense,10787,complete,"USA: Chemung Co., NY",USA,NY,Corvus brachyrhynchos,NA,9/6/02,Lineage_1
KX547491,West Nile virus,GenBank,set:KX547491,"Shabman,R., Das,S.R., Halpin,R.A., Shilts,M., Fedorova,N., Puri,V., Amedeo,P., Shrivastava,S., Maffei,J., Dupuis,A., Jones,S., Backenson,B., Zink,S., Ciota,A., Kramer,L.",J. Craig Venter Institute,USA,8/2/16,NA,Orthoflavivirus nilense,10787,complete,"USA: Queens Co., NY",USA,NY,Corvus brachyrhynchos,NA,9/4/07,Lineage_1
KX547492,West Nile virus,GenBank,set:KX547492,"Shabman,R., Das,S.R., Halpin,R.A., Shilts,M., Fedorova,N., Puri,V., Amedeo,P., Shrivastava,S., Maffei,J., Dupuis,A., Jones,S., Backenson,B., Zink,S., Ciota,A., Kramer,L.",J. Craig Venter Institute,USA,8/2/16,NA,Orthoflavivirus nilense,10787,complete,"USA: Westchester Co., NY",USA,NY,Culex,NA,9/26/02,Lineage_1
KX547493,West Nile virus,GenBank,set:KX547493,"Shabman,R., Das,S.R., Halpin,R.A., Shilts,M., Fedorova,N., Puri,V., Amedeo,P., Shrivastava,S., Maffei,J., Dupuis,A., Jones,S., Backenson,B., Zink,S., Ciota,A., Kramer,L.",J. Craig Venter Institute,USA,8/2/16,NA,Orthoflavivirus nilense,10787,complete,"USA: Orange Co., NY",USA,NY,Corvus brachyrhynchos,NA,9/19/04,Lineage_1
KX547494,West Nile virus,GenBank,set:KX547494,"Shabman,R., Das,S.R., Halpin,R.A., Shilts,M., Fedorova,N., Puri,V., Amedeo,P., Shrivastava,S., Maffei,J., Dupuis,A., Jones,S., Backenson,B., Zink,S., Ciota,A., Kramer,L.",J. Craig Venter Institute,USA,8/2/16,NA,Orthoflavivirus nilense,10784,complete,"USA: Schenectady Co., NY",USA,NY,Corvus brachyrhynchos,NA,9/12/10,Lineage_1
KX547495,West Nile virus,GenBank,set:KX547495,"Shabman,R., Das,S.R., Halpin,R.A., Shilts,M., Fedorova,N., Puri,V., Amedeo,P., Shrivastava,S., Maffei,J., Dupuis,A., Jones,S., Backenson,B., Zink,S., Ciota,A., Kramer,L.",J. Craig Venter Institute,USA,8/2/16,NA,Orthoflavivirus nilense,10787,complete,"USA: Westchester Co., NY",USA,NY,Culex,NA,7/21/11,Lineage_1
KX547496,West Nile virus,GenBank,set:KX547496,"Shabman,R., Das,S.R., Halpin,R.A., Shilts,M., Fedorova,N., Puri,V., Amedeo,P., Shrivastava,S., Maffei,J., Dupuis,A., Jones,S., Backenson,B., Zink,S., Ciota,A., Kramer,L.",J. Craig Venter Institute,USA,8/2/16,NA,Orthoflavivirus nilense,10787,complete,"USA: Niagara Co., NY",USA,NY,Corvus brachyrhynchos,NA,7/25/07,Lineage_1
KX547497,West Nile virus,GenBank,set:KX547497,"Shabman,R., Das,S.R., Halpin,R.A., Shilts,M., Fedorova,N., Puri,V., Amedeo,P., Shrivastava,S., Maffei,J., Dupuis,A., Jones,S., Backenson,B., Zink,S., Ciota,A., Kramer,L.",J. Craig Venter Institute,USA,8/2/16,NA,Orthoflavivirus nilense,10786,complete,"USA: Onondaga Co., NY",USA,NY,Culex,NA,8/1/12,Lineage_1
KX547498,West Nile virus,GenBank,set:KX547498,"Shabman,R., Das,S.R., Halpin,R.A., Shilts,M., Fedorova,N., Puri,V., Amedeo,P., Shrivastava,S., Maffei,J., Dupuis,A., Jones,S., Backenson,B., Zink,S., Ciota,A., Kramer,L.",J. Craig Venter Institute,USA,8/2/16,NA,Orthoflavivirus nilense,10787,complete,"USA: Erie Co., NY",USA,NY,Corvus brachyrhynchos,NA,9/9/09,Lineage_1
KX547499,West Nile virus,GenBank,set:KX547499,"Shabman,R., Das,S.R., Halpin,R.A., Shilts,M., Fedorova,N., Puri,V., Amedeo,P., Shrivastava,S., Maffei,J., Dupuis,A., Jones,S., Backenson,B., Zink,S., Ciota,A., Kramer,L.",J. Craig Venter Institute,USA,8/2/16,NA,Orthoflavivirus nilense,10787,complete,"USA: Herkimer Co., NY",USA,NY,Corvus brachyrhynchos,NA,7/14/04,Lineage_1
KX547500,West Nile virus,GenBank,set:KX547500,"Shabman,R., Das,S.R., Halpin,R.A., Shilts,M., Fedorova,N., Puri,V., Amedeo,P., Shrivastava,S., Maffei,J., Dupuis,A., Jones,S., Backenson,B., Zink,S., Ciota,A., Kramer,L.",J. Craig Venter Institute,USA,8/2/16,NA,Orthoflavivirus nilense,10787,complete,"USA: Dutchess Co., NY",USA,NY,Corvus brachyrhynchos,NA,8/23/07,Lineage_1
KX547501,West Nile virus,GenBank,set:KX547501,"Shabman,R., Das,S.R., Halpin,R.A., Shilts,M., Fedorova,N., Puri,V., Amedeo,P., Shrivastava,S., Maffei,J., Dupuis,A., Jones,S., Backenson,B., Zink,S., Ciota,A., Kramer,L.",J. Craig Venter Institute,USA,8/2/16,NA,Orthoflavivirus nilense,10787,complete,"USA: Queens Co., NY",USA,NY,Corvus brachyrhynchos,NA,9/10/04,Lineage_1
KX547502,West Nile virus,GenBank,set:KX547502,"Shabman,R., Das,S.R., Halpin,R.A., Shilts,M., Fedorova,N., Puri,V., Amedeo,P., Shrivastava,S., Maffei,J., Dupuis,A., Jones,S., Backenson,B., Zink,S., Ciota,A., Kramer,L.",J. Craig Venter Institute,USA,8/2/16,NA,Orthoflavivirus nilense,10787,complete,"USA: Suffolk Co., NY",USA,NY,Culex,NA,9/13/06,Lineage_1
KX547503,West Nile virus,GenBank,set:KX547503,"Shabman,R., Das,S.R., Halpin,R.A., Shilts,M., Fedorova,N., Puri,V., Amedeo,P., Shrivastava,S., Maffei,J., Dupuis,A., Jones,S., Backenson,B., Zink,S., Ciota,A., Kramer,L.",J. Craig Venter Institute,USA,8/2/16,NA,Orthoflavivirus nilense,10787,complete,"USA: Erie Co., NY",USA,NY,Culex,NA,8/14/02,Lineage_1
KX547504,West Nile virus,GenBank,set:KX547504,"Shabman,R., Das,S.R., Halpin,R.A., Shilts,M., Fedorova,N., Puri,V., Amedeo,P., Shrivastava,S., Maffei,J., Dupuis,A., Jones,S., Backenson,B., Zink,S., Ciota,A., Kramer,L.",J. Craig Venter Institute,USA,8/2/16,NA,Orthoflavivirus nilense,10787,complete,"USA: Rockland Co., NY",USA,NY,Culex,NA,9/19/08,Lineage_1
KX547505,West Nile virus,GenBank,set:KX547505,"Shabman,R., Das,S.R., Halpin,R.A., Shilts,M., Fedorova,N., Puri,V., Amedeo,P., Shrivastava,S., Maffei,J., Dupuis,A., Jones,S., Backenson,B., Zink,S., Ciota,A., Kramer,L.",J. Craig Venter Institute,USA,8/2/16,NA,Orthoflavivirus nilense,10787,complete,"USA: Warren Co., NY",USA,NY,Culex,NA,9/26/02,Lineage_1
KX547506,West Nile virus,GenBank,set:KX547506,"Shabman,R., Das,S.R., Halpin,R.A., Shilts,M., Fedorova,N., Puri,V., Amedeo,P., Shrivastava,S., Maffei,J., Dupuis,A., Jones,S., Backenson,B., Zink,S., Ciota,A., Kramer,L.",J. Craig Venter Institute,USA,8/2/16,NA,Orthoflavivirus nilense,10787,complete,"USA: Lewis Co., NY",USA,NY,Corvus brachyrhynchos,NA,8/21/02,Lineage_1
KX547507,West Nile virus,GenBank,set:KX547507,"Shabman,R., Das,S.R., Halpin,R.A., Shilts,M., Fedorova,N., Puri,V., Amedeo,P., Shrivastava,S., Maffei,J., Dupuis,A., Jones,S., Backenson,B., Zink,S., Ciota,A., Kramer,L.",J. Craig Venter Institute,USA,8/2/16,NA,Orthoflavivirus nilense,10787,complete,"USA: Onondaga Co., NY",USA,NY,Coquillettidia,NA,8/11/11,Lineage_1
KX547509,West Nile virus,GenBank,set:KX547509,"Shabman,R., Das,S.R., Halpin,R.A., Shilts,M., Fedorova,N., Puri,V., Amedeo,P., Shrivastava,S., Maffei,J., Dupuis,A., Jones,S., Backenson,B., Zink,S., Ciota,A., Kramer,L.",J. Craig Venter Institute,USA,8/2/16,NA,Orthoflavivirus nilense,10787,complete,"USA: Westchester Co., NY",USA,NY,Culex,NA,8/13/02,Lineage_1
KX547510,West Nile virus,GenBank,set:KX547510,"Shabman,R., Das,S.R., Halpin,R.A., Shilts,M., Fedorova,N., Puri,V., Amedeo,P., Shrivastava,S., Maffei,J., Dupuis,A., Jones,S., Backenson,B., Zink,S., Ciota,A., Kramer,L.",J. Craig Venter Institute,USA,8/2/16,NA,Orthoflavivirus nilense,10787,complete,"USA: Nassau Co., NY",USA,NY,Culex,NA,9/14/07,Lineage_1
KX547511,West Nile virus,GenBank,set:KX547511,"Shabman,R., Das,S.R., Halpin,R.A., Shilts,M., Fedorova,N., Puri,V., Amedeo,P., Shrivastava,S., Maffei,J., Dupuis,A., Jones,S., Backenson,B., Zink,S., Ciota,A., Kramer,L.",J. Craig Venter Institute,USA,8/2/16,NA,Orthoflavivirus nilense,10787,complete,"USA: Erie Co., NY",USA,NY,Accipiter gentilis,NA,8/21/06,Lineage_1
KX547512,West Nile virus,GenBank,set:KX547512,"Shabman,R., Das,S.R., Halpin,R.A., Shilts,M., Fedorova,N., Puri,V., Amedeo,P., Shrivastava,S., Maffei,J., Dupuis,A., Jones,S., Backenson,B., Zink,S., Ciota,A., Kramer,L.",J. Craig Venter Institute,USA,8/2/16,NA,Orthoflavivirus nilense,10787,complete,"USA: Chautauqua Co., NY",USA,NY,Corvus brachyrhynchos,NA,8/22/05,Lineage_1
KX547513,West Nile virus,GenBank,set:KX547513,"Shabman,R., Das,S.R., Halpin,R.A., Shilts,M., Fedorova,N., Puri,V., Amedeo,P., Shrivastava,S., Maffei,J., Dupuis,A., Jones,S., Backenson,B., Zink,S., Ciota,A., Kramer,L.",J. Craig Venter Institute,USA,8/2/16,NA,Orthoflavivirus nilense,10787,complete,"USA: Suffolk Co., NY",USA,NY,Culex,NA,9/14/05,Lineage_1
KX547514,West Nile virus,GenBank,set:KX547514,"Shabman,R., Das,S.R., Halpin,R.A., Shilts,M., Fedorova,N., Puri,V., Amedeo,P., Shrivastava,S., Maffei,J., Dupuis,A., Jones,S., Backenson,B., Zink,S., Ciota,A., Kramer,L.",J. Craig Venter Institute,USA,8/2/16,NA,Orthoflavivirus nilense,10787,complete,"USA: Oswego Co., NY",USA,NY,Culiseta,NA,9/12/13,Lineage_1
KX547515,West Nile virus,GenBank,set:KX547515,"Shabman,R., Das,S.R., Halpin,R.A., Shilts,M., Fedorova,N., Puri,V., Amedeo,P., Shrivastava,S., Maffei,J., Dupuis,A., Jones,S., Backenson,B., Zink,S., Ciota,A., Kramer,L.",J. Craig Venter Institute,USA,8/2/16,NA,Orthoflavivirus nilense,10787,complete,"USA: Schenectady Co., NY",USA,NY,Corvus brachyrhynchos,NA,9/2/09,Lineage_1
KX547517,West Nile virus,GenBank,set:KX547517,"Shabman,R., Das,S.R., Halpin,R.A., Shilts,M., Fedorova,N., Puri,V., Amedeo,P., Shrivastava,S., Maffei,J., Dupuis,A., Jones,S., Backenson,B., Zink,S., Ciota,A., Kramer,L.",J. Craig Venter Institute,USA,8/2/16,NA,Orthoflavivirus nilense,10784,complete,"USA: Ulster Co., NY",USA,NY,Corvus brachyrhynchos,NA,9/4/09,Lineage_1
KX547518,West Nile virus,GenBank,set:KX547518,"Shabman,R., Das,S.R., Halpin,R.A., Shilts,M., Fedorova,N., Puri,V., Amedeo,P., Shrivastava,S., Maffei,J., Dupuis,A., Jones,S., Backenson,B., Zink,S., Ciota,A., Kramer,L.",J. Craig Venter Institute,USA,8/2/16,NA,Orthoflavivirus nilense,10784,complete,"USA: Columbia Co., NY",USA,NY,Corvus brachyrhynchos,NA,8/31/09,Lineage_1
KX547519,West Nile virus,GenBank,set:KX547519,"Shabman,R., Das,S.R., Halpin,R.A., Shilts,M., Fedorova,N., Puri,V., Amedeo,P., Shrivastava,S., Maffei,J., Dupuis,A., Jones,S., Backenson,B., Zink,S., Ciota,A., Kramer,L.",J. Craig Venter Institute,USA,8/2/16,NA,Orthoflavivirus nilense,10787,complete,"USA: Westchester Co., NY",USA,NY,Culex,NA,9/1/00,Lineage_1
KX547520,West Nile virus,GenBank,set:KX547520,"Shabman,R., Das,S.R., Halpin,R.A., Shilts,M., Fedorova,N., Puri,V., Amedeo,P., Shrivastava,S., Maffei,J., Dupuis,A., Jones,S., Backenson,B., Zink,S., Ciota,A., Kramer,L.",J. Craig Venter Institute,USA,8/2/16,NA,Orthoflavivirus nilense,10787,complete,"USA: Westchester Co., NY",USA,NY,Culex,NA,9/11/12,Lineage_1
KX547521,West Nile virus,GenBank,set:KX547521,"Shabman,R., Das,S.R., Halpin,R.A., Shilts,M., Fedorova,N., Puri,V., Amedeo,P., Shrivastava,S., Maffei,J., Dupuis,A., Jones,S., Backenson,B., Zink,S., Ciota,A., Kramer,L.",J. Craig Venter Institute,USA,8/2/16,NA,Orthoflavivirus nilense,10787,complete,"USA: Schuyler Co., NY",USA,NY,Corvus brachyrhynchos,NA,8/18/05,Lineage_1
KX547522,West Nile virus,GenBank,set:KX547522,"Shabman,R., Das,S.R., Halpin,R.A., Shilts,M., Fedorova,N., Puri,V., Amedeo,P., Shrivastava,S., Maffei,J., Dupuis,A., Jones,S., Backenson,B., Zink,S., Ciota,A., Kramer,L.",J. Craig Venter Institute,USA,8/2/16,NA,Orthoflavivirus nilense,10787,complete,"USA: Nassau Co., NY",USA,NY,Corvus ossifragus,NA,8/10/09,Lineage_1
KX547523,West Nile virus,GenBank,set:KX547523,"Shabman,R., Das,S.R., Halpin,R.A., Shilts,M., Fedorova,N., Puri,V., Amedeo,P., Shrivastava,S., Maffei,J., Dupuis,A., Jones,S., Backenson,B., Zink,S., Ciota,A., Kramer,L.",J. Craig Venter Institute,USA,8/2/16,NA,Orthoflavivirus nilense,10787,complete,"USA: Albany Co., NY",USA,NY,Corvus brachyrhynchos,NA,7/16/05,Lineage_1
KX547524,West Nile virus,GenBank,set:KX547524,"Shabman,R., Das,S.R., Halpin,R.A., Shilts,M., Fedorova,N., Puri,V., Amedeo,P., Shrivastava,S., Maffei,J., Dupuis,A., Jones,S., Backenson,B., Zink,S., Ciota,A., Kramer,L.",J. Craig Venter Institute,USA,8/2/16,NA,Orthoflavivirus nilense,10787,complete,"USA: Westchester Co., NY",USA,NY,Culex,NA,8/21/13,Lineage_1
KX547525,West Nile virus,GenBank,set:KX547525,"Shabman,R., Das,S.R., Halpin,R.A., Shilts,M., Fedorova,N., Puri,V., Amedeo,P., Shrivastava,S., Maffei,J., Dupuis,A., Jones,S., Backenson,B., Zink,S., Ciota,A., Kramer,L.",J. Craig Venter Institute,USA,8/2/16,NA,Orthoflavivirus nilense,10787,complete,"USA: Montgomery Co., NY",USA,NY,Corvus brachyrhynchos,NA,9/2/02,Lineage_1
KX547526,West Nile virus,GenBank,set:KX547526,"Shabman,R., Das,S.R., Halpin,R.A., Shilts,M., Fedorova,N., Puri,V., Amedeo,P., Shrivastava,S., Maffei,J., Dupuis,A., Jones,S., Backenson,B., Zink,S., Ciota,A., Kramer,L.",J. Craig Venter Institute,USA,8/2/16,NA,Orthoflavivirus nilense,10787,complete,"USA: Nassau Co., NY",USA,NY,Culex,NA,9/5/03,Lineage_1
KX547527,West Nile virus,GenBank,set:KX547527,"Shabman,R., Das,S.R., Halpin,R.A., Shilts,M., Fedorova,N., Puri,V., Amedeo,P., Shrivastava,S., Maffei,J., Dupuis,A., Jones,S., Backenson,B., Zink,S., Ciota,A., Kramer,L.",J. Craig Venter Institute,USA,8/2/16,NA,Orthoflavivirus nilense,10787,complete,"USA: Schenectady Co., NY",USA,NY,Equus caballus,NA,10/3/02,Lineage_1
KX547528,West Nile virus,GenBank,set:KX547528,"Shabman,R., Das,S.R., Halpin,R.A., Shilts,M., Fedorova,N., Puri,V., Amedeo,P., Shrivastava,S., Maffei,J., Dupuis,A., Jones,S., Backenson,B., Zink,S., Ciota,A., Kramer,L.",J. Craig Venter Institute,USA,8/2/16,NA,Orthoflavivirus nilense,10787,complete,"USA: Queens Co., NY",USA,NY,Cyanocitta cristata,NA,8/24/07,Lineage_1
KX547529,West Nile virus,GenBank,set:KX547529,"Shabman,R., Das,S.R., Halpin,R.A., Shilts,M., Fedorova,N., Puri,V., Amedeo,P., Shrivastava,S., Maffei,J., Dupuis,A., Jones,S., Backenson,B., Zink,S., Ciota,A., Kramer,L.",J. Craig Venter Institute,USA,8/2/16,NA,Orthoflavivirus nilense,10787,complete,"USA: Onondaga Co., NY",USA,NY,Culex,NA,8/24/11,Lineage_1
KX547530,West Nile virus,GenBank,set:KX547530,"Shabman,R., Das,S.R., Halpin,R.A., Shilts,M., Fedorova,N., Puri,V., Amedeo,P., Shrivastava,S., Maffei,J., Dupuis,A., Jones,S., Backenson,B., Zink,S., Ciota,A., Kramer,L.",J. Craig Venter Institute,USA,8/2/16,NA,Orthoflavivirus nilense,10787,complete,"USA: Dutchess Co., NY",USA,NY,Passer domesticus,NA,9/30/05,Lineage_1
KX547531,West Nile virus,GenBank,set:KX547531,"Shabman,R., Das,S.R., Halpin,R.A., Shilts,M., Fedorova,N., Puri,V., Amedeo,P., Shrivastava,S., Maffei,J., Dupuis,A., Jones,S., Backenson,B., Zink,S., Ciota,A., Kramer,L.",J. Craig Venter Institute,USA,8/2/16,NA,Orthoflavivirus nilense,10787,complete,"USA: Erie Co., NY",USA,NY,Culex,NA,8/13/03,Lineage_1
KX547532,West Nile virus,GenBank,set:KX547532,"Shabman,R., Das,S.R., Halpin,R.A., Shilts,M., Fedorova,N., Puri,V., Amedeo,P., Shrivastava,S., Maffei,J., Dupuis,A., Jones,S., Backenson,B., Zink,S., Ciota,A., Kramer,L.",J. Craig Venter Institute,USA,8/2/16,NA,Orthoflavivirus nilense,10787,complete,"USA: Suffolk Co., NY",USA,NY,Cyanocitta cristata,NA,8/1/05,Lineage_1
KX547533,West Nile virus,GenBank,set:KX547533,"Shabman,R., Das,S.R., Halpin,R.A., Shilts,M., Fedorova,N., Puri,V., Amedeo,P., Shrivastava,S., Maffei,J., Dupuis,A., Jones,S., Backenson,B., Zink,S., Ciota,A., Kramer,L.",J. Craig Venter Institute,USA,8/2/16,NA,Orthoflavivirus nilense,10787,complete,"USA: Cattaraugus Co., NY",USA,NY,Corvus brachyrhynchos,NA,5/20/04,Lineage_1
KX547535,West Nile virus,GenBank,set:KX547535,"Shabman,R., Das,S.R., Halpin,R.A., Shilts,M., Fedorova,N., Puri,V., Amedeo,P., Shrivastava,S., Maffei,J., Dupuis,A., Jones,S., Backenson,B., Zink,S., Ciota,A., Kramer,L.",J. Craig Venter Institute,USA,8/2/16,NA,Orthoflavivirus nilense,10787,complete,"USA: Schenectady Co., NY",USA,NY,Cyanocitta cristata,NA,9/6/07,Lineage_1
KX547536,West Nile virus,GenBank,set:KX547536,"Shabman,R., Das,S.R., Halpin,R.A., Shilts,M., Fedorova,N., Puri,V., Amedeo,P., Shrivastava,S., Maffei,J., Dupuis,A., Jones,S., Backenson,B., Zink,S., Ciota,A., Kramer,L.",J. Craig Venter Institute,USA,8/2/16,NA,Orthoflavivirus nilense,10787,complete,"USA: Chautauqua Co., NY",USA,NY,Corvus brachyrhynchos,NA,6/1/04,Lineage_1
KX547537,West Nile virus,GenBank,set:KX547537,"Shabman,R., Das,S.R., Halpin,R.A., Shilts,M., Fedorova,N., Puri,V., Amedeo,P., Shrivastava,S., Maffei,J., Dupuis,A., Jones,S., Backenson,B., Zink,S., Ciota,A., Kramer,L.",J. Craig Venter Institute,USA,8/2/16,NA,Orthoflavivirus nilense,10787,complete,"USA: Suffolk Co., NY",USA,NY,Culex,NA,9/27/11,Lineage_1
KX547538,West Nile virus,GenBank,set:KX547538,"Shabman,R., Das,S.R., Halpin,R.A., Shilts,M., Fedorova,N., Puri,V., Amedeo,P., Shrivastava,S., Maffei,J., Dupuis,A., Jones,S., Backenson,B., Zink,S., Ciota,A., Kramer,L.",J. Craig Venter Institute,USA,8/2/16,NA,Orthoflavivirus nilense,10787,complete,"USA: Nassau Co., NY",USA,NY,Culex,NA,8/15/01,Lineage_1
KX547540,West Nile virus,GenBank,set:KX547540,"Shabman,R., Das,S.R., Halpin,R.A., Shilts,M., Fedorova,N., Puri,V., Amedeo,P., Shrivastava,S., Maffei,J., Dupuis,A., Jones,S., Backenson,B., Zink,S., Ciota,A., Kramer,L.",J. Craig Venter Institute,USA,8/2/16,NA,Orthoflavivirus nilense,10787,complete,"USA: Onondaga Co., NY",USA,NY,Culiseta,NA,9/27/12,Lineage_1
KX547541,West Nile virus,GenBank,set:KX547541,"Shabman,R., Das,S.R., Halpin,R.A., Shilts,M., Fedorova,N., Puri,V., Amedeo,P., Shrivastava,S., Maffei,J., Dupuis,A., Jones,S., Backenson,B., Zink,S., Ciota,A., Kramer,L.",J. Craig Venter Institute,USA,8/2/16,NA,Orthoflavivirus nilense,10787,complete,"USA: Nassau Co., NY",USA,NY,Culex,NA,8/28/09,Lineage_1
KX547542,West Nile virus,GenBank,set:KX547542,"Shabman,R., Das,S.R., Halpin,R.A., Shilts,M., Fedorova,N., Puri,V., Amedeo,P., Shrivastava,S., Maffei,J., Dupuis,A., Jones,S., Backenson,B., Zink,S., Ciota,A., Kramer,L.",J. Craig Venter Institute,USA,8/2/16,NA,Orthoflavivirus nilense,10787,complete,"USA: Erie Co., NY",USA,NY,Corvus brachyrhynchos,NA,6/7/04,Lineage_1
KX547543,West Nile virus,GenBank,set:KX547543,"Shabman,R., Das,S.R., Halpin,R.A., Shilts,M., Fedorova,N., Puri,V., Amedeo,P., Shrivastava,S., Maffei,J., Dupuis,A., Jones,S., Backenson,B., Zink,S., Ciota,A., Kramer,L.",J. Craig Venter Institute,USA,8/2/16,NA,Orthoflavivirus nilense,10787,complete,"USA: Westchester Co., NY",USA,NY,Culex,NA,9/5/07,Lineage_1
KX547544,West Nile virus,GenBank,set:KX547544,"Shabman,R., Das,S.R., Halpin,R.A., Shilts,M., Fedorova,N., Puri,V., Amedeo,P., Shrivastava,S., Maffei,J., Dupuis,A., Jones,S., Backenson,B., Zink,S., Ciota,A., Kramer,L.",J. Craig Venter Institute,USA,8/2/16,NA,Orthoflavivirus nilense,10787,complete,"USA: Onondaga Co., NY",USA,NY,Accipiter striatus,NA,8/26/09,Lineage_1
KX547545,West Nile virus,GenBank,set:KX547545,"Shabman,R., Das,S.R., Halpin,R.A., Shilts,M., Fedorova,N., Puri,V., Amedeo,P., Shrivastava,S., Maffei,J., Dupuis,A., Jones,S., Backenson,B., Zink,S., Ciota,A., Kramer,L.",J. Craig Venter Institute,USA,8/2/16,NA,Orthoflavivirus nilense,10781,complete,"USA: Monroe Co., NY",USA,NY,Corvus brachyrhynchos,NA,9/28/07,Lineage_1
KX547546,West Nile virus,GenBank,set:KX547546,"Shabman,R., Das,S.R., Halpin,R.A., Shilts,M., Fedorova,N., Puri,V., Amedeo,P., Shrivastava,S., Maffei,J., Dupuis,A., Jones,S., Backenson,B., Zink,S., Ciota,A., Kramer,L.",J. Craig Venter Institute,USA,8/2/16,NA,Orthoflavivirus nilense,10787,complete,"USA: Otsego Co., NY",USA,NY,Corvus brachyrhynchos,NA,9/19/06,Lineage_1
KX547547,West Nile virus,GenBank,set:KX547547,"Shabman,R., Das,S.R., Halpin,R.A., Shilts,M., Fedorova,N., Puri,V., Amedeo,P., Shrivastava,S., Maffei,J., Dupuis,A., Jones,S., Backenson,B., Zink,S., Ciota,A., Kramer,L.",J. Craig Venter Institute,USA,8/2/16,NA,Orthoflavivirus nilense,10787,complete,"USA: Oswego Co., NY",USA,NY,Culiseta,NA,8/23/12,Lineage_1
KX547548,West Nile virus,GenBank,set:KX547548,"Shabman,R., Das,S.R., Halpin,R.A., Shilts,M., Fedorova,N., Puri,V., Amedeo,P., Shrivastava,S., Maffei,J., Dupuis,A., Jones,S., Backenson,B., Zink,S., Ciota,A., Kramer,L.",J. Craig Venter Institute,USA,8/2/16,NA,Orthoflavivirus nilense,10786,complete,"USA: Oswego Co., NY",USA,NY,Culiseta,NA,9/2/14,Lineage_1
KX547550,West Nile virus,GenBank,set:KX547550,"Shabman,R., Das,S.R., Halpin,R.A., Shilts,M., Fedorova,N., Puri,V., Amedeo,P., Shrivastava,S., Maffei,J., Dupuis,A., Jones,S., Backenson,B., Zink,S., Ciota,A., Kramer,L.",J. Craig Venter Institute,USA,8/2/16,NA,Orthoflavivirus nilense,10787,complete,"USA: Onondaga Co., NY",USA,NY,Culiseta,NA,9/4/03,Lineage_1
KX547551,West Nile virus,GenBank,set:KX547551,"Shabman,R., Das,S.R., Halpin,R.A., Shilts,M., Fedorova,N., Puri,V., Amedeo,P., Shrivastava,S., Maffei,J., Dupuis,A., Jones,S., Backenson,B., Zink,S., Ciota,A., Kramer,L.",J. Craig Venter Institute,USA,8/2/16,NA,Orthoflavivirus nilense,10787,complete,"USA: Onondaga Co., NY",USA,NY,Culiseta,NA,10/3/13,Lineage_1
KX547552,West Nile virus,GenBank,set:KX547552,"Shabman,R., Das,S.R., Halpin,R.A., Shilts,M., Fedorova,N., Puri,V., Amedeo,P., Shrivastava,S., Maffei,J., Dupuis,A., Jones,S., Backenson,B., Zink,S., Ciota,A., Kramer,L.",J. Craig Venter Institute,USA,8/2/16,NA,Orthoflavivirus nilense,10787,complete,"USA: Kings Co., NY",USA,NY,Cyanocitta cristata,NA,9/16/10,Lineage_1
KX547553,West Nile virus,GenBank,set:KX547553,"Shabman,R., Das,S.R., Halpin,R.A., Shilts,M., Fedorova,N., Puri,V., Amedeo,P., Shrivastava,S., Maffei,J., Dupuis,A., Jones,S., Backenson,B., Zink,S., Ciota,A., Kramer,L.",J. Craig Venter Institute,USA,8/2/16,NA,Orthoflavivirus nilense,10787,complete,"USA: Jefferson Co., NY",USA,NY,Cyanocitta cristata,NA,9/16/06,Lineage_1
KX547554,West Nile virus,GenBank,set:KX547554,"Shabman,R., Das,S.R., Halpin,R.A., Shilts,M., Fedorova,N., Puri,V., Amedeo,P., Shrivastava,S., Maffei,J., Dupuis,A., Jones,S., Backenson,B., Zink,S., Ciota,A., Kramer,L.",J. Craig Venter Institute,USA,8/2/16,NA,Orthoflavivirus nilense,10787,complete,"USA: Bronx Co., NY",USA,NY,Turdus migratorius,NA,9/12/02,Lineage_1
KX547555,West Nile virus,GenBank,set:KX547555,"Shabman,R., Das,S.R., Halpin,R.A., Shilts,M., Fedorova,N., Puri,V., Amedeo,P., Shrivastava,S., Maffei,J., Dupuis,A., Jones,S., Backenson,B., Zink,S., Ciota,A., Kramer,L.",J. Craig Venter Institute,USA,8/2/16,NA,Orthoflavivirus nilense,10787,complete,"USA: Orange Co., NY",USA,NY,Culex,NA,7/17/12,Lineage_1
KX547556,West Nile virus,GenBank,set:KX547556,"Shabman,R., Das,S.R., Halpin,R.A., Shilts,M., Fedorova,N., Puri,V., Amedeo,P., Shrivastava,S., Maffei,J., Dupuis,A., Jones,S., Backenson,B., Zink,S., Ciota,A., Kramer,L.",J. Craig Venter Institute,USA,8/2/16,NA,Orthoflavivirus nilense,10787,complete,"USA: Oswego Co., NY",USA,NY,Culiseta,NA,9/6/12,Lineage_1
KX547557,West Nile virus,GenBank,set:KX547557,"Shabman,R., Das,S.R., Halpin,R.A., Shilts,M., Fedorova,N., Puri,V., Amedeo,P., Shrivastava,S., Maffei,J., Dupuis,A., Jones,S., Backenson,B., Zink,S., Ciota,A., Kramer,L.",J. Craig Venter Institute,USA,8/2/16,NA,Orthoflavivirus nilense,10787,complete,"USA: Suffolk Co., NY",USA,NY,Cyanocitta cristata,NA,9/22/09,Lineage_1
KX547558,West Nile virus,GenBank,set:KX547558,"Shabman,R., Das,S.R., Halpin,R.A., Shilts,M., Fedorova,N., Puri,V., Amedeo,P., Shrivastava,S., Maffei,J., Dupuis,A., Jones,S., Backenson,B., Zink,S., Ciota,A., Kramer,L.",J. Craig Venter Institute,USA,8/2/16,NA,Orthoflavivirus nilense,10787,complete,"USA: Nassau Co., NY",USA,NY,Culex,NA,9/4/08,Lineage_1
KX547559,West Nile virus,GenBank,set:KX547559,"Shabman,R., Das,S.R., Halpin,R.A., Shilts,M., Fedorova,N., Puri,V., Amedeo,P., Shrivastava,S., Maffei,J., Dupuis,A., Jones,S., Backenson,B., Zink,S., Ciota,A., Kramer,L.",J. Craig Venter Institute,USA,8/2/16,NA,Orthoflavivirus nilense,10786,complete,"USA: Nassau Co., NY",USA,NY,Culex,NA,9/11/12,Lineage_1
KX547560,West Nile virus,GenBank,set:KX547560,"Shabman,R., Das,S.R., Halpin,R.A., Shilts,M., Fedorova,N., Puri,V., Amedeo,P., Shrivastava,S., Maffei,J., Dupuis,A., Jones,S., Backenson,B., Zink,S., Ciota,A., Kramer,L.",J. Craig Venter Institute,USA,8/2/16,NA,Orthoflavivirus nilense,10787,complete,"USA: Suffolk Co., NY",USA,NY,Spinus tristis,NA,9/17/05,Lineage_1
KX547561,West Nile virus,GenBank,set:KX547561,"Shabman,R., Das,S.R., Halpin,R.A., Shilts,M., Fedorova,N., Puri,V., Amedeo,P., Shrivastava,S., Maffei,J., Dupuis,A., Jones,S., Backenson,B., Zink,S., Ciota,A., Kramer,L.",J. Craig Venter Institute,USA,8/2/16,NA,Orthoflavivirus nilense,10781,complete,"USA: Suffolk Co., NY",USA,NY,Corvus brachyrhynchos,NA,9/1/09,Lineage_1
KX547562,West Nile virus,GenBank,set:KX547562,"Shabman,R., Das,S.R., Halpin,R.A., Shilts,M., Fedorova,N., Puri,V., Amedeo,P., Shrivastava,S., Maffei,J., Dupuis,A., Jones,S., Backenson,B., Zink,S., Ciota,A., Kramer,L.",J. Craig Venter Institute,USA,8/2/16,NA,Orthoflavivirus nilense,10787,complete,"USA: Erie Co., NY",USA,NY,Culex,NA,7/27/10,Lineage_1
KX547564,West Nile virus,GenBank,set:KX547564,"Shabman,R., Das,S.R., Halpin,R.A., Shilts,M., Fedorova,N., Puri,V., Amedeo,P., Shrivastava,S., Maffei,J., Dupuis,A., Jones,S., Backenson,B., Zink,S., Ciota,A., Kramer,L.",J. Craig Venter Institute,USA,8/2/16,NA,Orthoflavivirus nilense,10787,complete,"USA: Suffolk Co., NY",USA,NY,Corvus brachyrhynchos,NA,8/19/02,Lineage_1
KX547565,West Nile virus,GenBank,set:KX547565,"Shabman,R., Das,S.R., Halpin,R.A., Shilts,M., Fedorova,N., Puri,V., Amedeo,P., Shrivastava,S., Maffei,J., Dupuis,A., Jones,S., Backenson,B., Zink,S., Ciota,A., Kramer,L.",J. Craig Venter Institute,USA,8/2/16,NA,Orthoflavivirus nilense,10787,complete,"USA: Onondaga Co., NY",USA,NY,Culiseta,NA,9/24/13,Lineage_1
KX547566,West Nile virus,GenBank,set:KX547566,"Shabman,R., Das,S.R., Halpin,R.A., Shilts,M., Fedorova,N., Puri,V., Amedeo,P., Shrivastava,S., Maffei,J., Dupuis,A., Jones,S., Backenson,B., Zink,S., Ciota,A., Kramer,L.",J. Craig Venter Institute,USA,8/2/16,NA,Orthoflavivirus nilense,10787,complete,"USA: Onondaga Co., NY",USA,NY,Culex,NA,7/24/02,Lineage_1
KX547567,West Nile virus,GenBank,set:KX547567,"Shabman,R., Das,S.R., Halpin,R.A., Shilts,M., Fedorova,N., Puri,V., Amedeo,P., Shrivastava,S., Maffei,J., Dupuis,A., Jones,S., Backenson,B., Zink,S., Ciota,A., Kramer,L.",J. Craig Venter Institute,USA,8/2/16,NA,Orthoflavivirus nilense,10787,complete,"USA: Cortland Co., NY",USA,NY,Corvus brachyrhynchos,NA,8/26/06,Lineage_1
KX547568,West Nile virus,GenBank,set:KX547568,"Shabman,R., Das,S.R., Halpin,R.A., Shilts,M., Fedorova,N., Puri,V., Amedeo,P., Shrivastava,S., Maffei,J., Dupuis,A., Jones,S., Backenson,B., Zink,S., Ciota,A., Kramer,L.",J. Craig Venter Institute,USA,8/2/16,NA,Orthoflavivirus nilense,10787,complete,"USA: Albany Co., NY",USA,NY,Corvus brachyrhynchos,NA,8/20/10,Lineage_1
KX547569,West Nile virus,GenBank,set:KX547569,"Shabman,R., Das,S.R., Halpin,R.A., Shilts,M., Fedorova,N., Puri,V., Amedeo,P., Shrivastava,S., Maffei,J., Dupuis,A., Jones,S., Backenson,B., Zink,S., Ciota,A., Kramer,L.",J. Craig Venter Institute,USA,8/2/16,NA,Orthoflavivirus nilense,10787,complete,"USA: Chautauqua Co., NY",USA,NY,Corvus brachyrhynchos,NA,8/9/06,Lineage_1
KX547570,West Nile virus,GenBank,set:KX547570,"Shabman,R., Das,S.R., Halpin,R.A., Shilts,M., Fedorova,N., Puri,V., Amedeo,P., Shrivastava,S., Maffei,J., Dupuis,A., Jones,S., Backenson,B., Zink,S., Ciota,A., Kramer,L.",J. Craig Venter Institute,USA,8/2/16,NA,Orthoflavivirus nilense,10787,complete,"USA: Rockland Co., NY",USA,NY,Cyanocitta cristata,NA,9/2/05,Lineage_1
KX547573,West Nile virus,GenBank,set:KX547573,"Shabman,R., Das,S.R., Halpin,R.A., Shilts,M., Fedorova,N., Puri,V., Amedeo,P., Shrivastava,S., Maffei,J., Dupuis,A., Jones,S., Backenson,B., Zink,S., Ciota,A., Kramer,L.",J. Craig Venter Institute,USA,8/2/16,NA,Orthoflavivirus nilense,10787,complete,"USA: Niagara Co., NY",USA,NY,Culex,NA,8/4/03,Lineage_1
KX547574,West Nile virus,GenBank,set:KX547574,"Shabman,R., Das,S.R., Halpin,R.A., Shilts,M., Fedorova,N., Puri,V., Amedeo,P., Shrivastava,S., Maffei,J., Dupuis,A., Jones,S., Backenson,B., Zink,S., Ciota,A., Kramer,L.",J. Craig Venter Institute,USA,8/2/16,NA,Orthoflavivirus nilense,10787,complete,"USA: Suffolk Co., NY",USA,NY,Culex,NA,7/10/12,Lineage_1
KX547576,West Nile virus,GenBank,set:KX547576,"Shabman,R., Das,S.R., Halpin,R.A., Shilts,M., Fedorova,N., Puri,V., Amedeo,P., Shrivastava,S., Maffei,J., Dupuis,A., Jones,S., Backenson,B., Zink,S., Ciota,A., Kramer,L.",J. Craig Venter Institute,USA,8/2/16,NA,Orthoflavivirus nilense,10787,complete,"USA: Onondaga Co., NY",USA,NY,Culiseta,NA,10/7/11,Lineage_1
KX547577,West Nile virus,GenBank,set:KX547577,"Shabman,R., Das,S.R., Halpin,R.A., Shilts,M., Fedorova,N., Puri,V., Amedeo,P., Shrivastava,S., Maffei,J., Dupuis,A., Jones,S., Backenson,B., Zink,S., Ciota,A., Kramer,L.",J. Craig Venter Institute,USA,8/2/16,NA,Orthoflavivirus nilense,10787,complete,"USA: Herkimer Co., NY",USA,NY,Corvus brachyrhynchos,NA,7/14/04,Lineage_1
KX547578,West Nile virus,GenBank,set:KX547578,"Shabman,R., Das,S.R., Halpin,R.A., Shilts,M., Fedorova,N., Puri,V., Amedeo,P., Shrivastava,S., Maffei,J., Dupuis,A., Jones,S., Backenson,B., Zink,S., Ciota,A., Kramer,L.",J. Craig Venter Institute,USA,8/2/16,NA,Orthoflavivirus nilense,10787,complete,"USA: Queens Co., NY",USA,NY,Cyanocitta cristata,NA,10/18/05,Lineage_1
KX547579,West Nile virus,GenBank,set:KX547579,"Shabman,R., Das,S.R., Halpin,R.A., Shilts,M., Fedorova,N., Puri,V., Amedeo,P., Shrivastava,S., Maffei,J., Dupuis,A., Jones,S., Backenson,B., Zink,S., Ciota,A., Kramer,L.",J. Craig Venter Institute,USA,8/2/16,NA,Orthoflavivirus nilense,10787,complete,"USA: Nassau Co., NY",USA,NY,Aedes sp.,NA,7/20/12,Lineage_1
KX547580,West Nile virus,GenBank,set:KX547580,"Shabman,R., Das,S.R., Halpin,R.A., Shilts,M., Fedorova,N., Puri,V., Amedeo,P., Shrivastava,S., Maffei,J., Dupuis,A., Jones,S., Backenson,B., Zink,S., Ciota,A., Kramer,L.",J. Craig Venter Institute,USA,8/2/16,NA,Orthoflavivirus nilense,10787,complete,"USA: Niagara Co., NY",USA,NY,Corvus brachyrhynchos,NA,8/13/08,Lineage_1
KX547581,West Nile virus,GenBank,set:KX547581,"Shabman,R., Das,S.R., Halpin,R.A., Shilts,M., Fedorova,N., Puri,V., Amedeo,P., Shrivastava,S., Maffei,J., Dupuis,A., Jones,S., Backenson,B., Zink,S., Ciota,A., Kramer,L.",J. Craig Venter Institute,USA,8/2/16,NA,Orthoflavivirus nilense,10787,complete,"USA: Putnam Co., NY",USA,NY,Culex,NA,7/29/03,Lineage_1
KX547582,West Nile virus,GenBank,set:KX547582,"Shabman,R., Das,S.R., Halpin,R.A., Shilts,M., Fedorova,N., Puri,V., Amedeo,P., Shrivastava,S., Maffei,J., Dupuis,A., Jones,S., Backenson,B., Zink,S., Ciota,A., Kramer,L.",J. Craig Venter Institute,USA,8/2/16,NA,Orthoflavivirus nilense,10787,complete,"USA: Rockland Co., NY",USA,NY,Culex,NA,7/2/10,Lineage_1
KX547583,West Nile virus,GenBank,set:KX547583,"Shabman,R., Das,S.R., Halpin,R.A., Shilts,M., Fedorova,N., Puri,V., Amedeo,P., Shrivastava,S., Maffei,J., Dupuis,A., Jones,S., Backenson,B., Zink,S., Ciota,A., Kramer,L.",J. Craig Venter Institute,USA,8/2/16,NA,Orthoflavivirus nilense,10787,complete,"USA: Suffolk Co., NY",USA,NY,Corvus brachyrhynchos,NA,6/4/04,Lineage_1
KX547584,West Nile virus,GenBank,set:KX547584,"Shabman,R., Das,S.R., Halpin,R.A., Shilts,M., Fedorova,N., Puri,V., Amedeo,P., Shrivastava,S., Maffei,J., Dupuis,A., Jones,S., Backenson,B., Zink,S., Ciota,A., Kramer,L.",J. Craig Venter Institute,USA,8/2/16,NA,Orthoflavivirus nilense,10787,complete,"USA: Chemung Co., NY",USA,NY,Corvus brachyrhynchos,NA,9/6/02,Lineage_1
KX547585,West Nile virus,GenBank,set:KX547585,"Shabman,R., Das,S.R., Halpin,R.A., Shilts,M., Fedorova,N., Puri,V., Amedeo,P., Shrivastava,S., Maffei,J., Dupuis,A., Jones,S., Backenson,B., Zink,S., Ciota,A., Kramer,L.",J. Craig Venter Institute,USA,8/2/16,NA,Orthoflavivirus nilense,10787,complete,"USA: Albany Co., NY",USA,NY,Corvus brachyrhynchos,NA,9/2/09,Lineage_1
KX547586,West Nile virus,GenBank,set:KX547586,"Shabman,R., Das,S.R., Halpin,R.A., Shilts,M., Fedorova,N., Puri,V., Amedeo,P., Shrivastava,S., Maffei,J., Dupuis,A., Jones,S., Backenson,B., Zink,S., Ciota,A., Kramer,L.",J. Craig Venter Institute,USA,8/2/16,NA,Orthoflavivirus nilense,10787,complete,"USA: Dutchess Co., NY",USA,NY,Culex,NA,9/19/02,Lineage_1
KX547587,West Nile virus,GenBank,set:KX547587,"Shabman,R., Das,S.R., Halpin,R.A., Shilts,M., Fedorova,N., Puri,V., Amedeo,P., Shrivastava,S., Maffei,J., Dupuis,A., Jones,S., Backenson,B., Zink,S., Ciota,A., Kramer,L.",J. Craig Venter Institute,USA,8/2/16,NA,Orthoflavivirus nilense,10787,complete,"USA: Suffolk Co., NY",USA,NY,Turdus migratorius,NA,8/3/06,Lineage_1
KX547588,West Nile virus,GenBank,set:KX547588,"Shabman,R., Das,S.R., Halpin,R.A., Shilts,M., Fedorova,N., Puri,V., Amedeo,P., Shrivastava,S., Maffei,J., Dupuis,A., Jones,S., Backenson,B., Zink,S., Ciota,A., Kramer,L.",J. Craig Venter Institute,USA,8/2/16,NA,Orthoflavivirus nilense,10787,complete,"USA: Kings Co., NY",USA,NY,Turdus migratorius,NA,8/27/04,Lineage_1
KX547589,West Nile virus,GenBank,set:KX547589,"Shabman,R., Das,S.R., Halpin,R.A., Shilts,M., Fedorova,N., Puri,V., Amedeo,P., Shrivastava,S., Maffei,J., Dupuis,A., Jones,S., Backenson,B., Zink,S., Ciota,A., Kramer,L.",J. Craig Venter Institute,USA,8/2/16,NA,Orthoflavivirus nilense,10787,complete,"USA: Queens Co., NY",USA,NY,Cyanocitta cristata,NA,8/24/07,Lineage_1
KX547590,West Nile virus,GenBank,set:KX547590,"Shabman,R., Das,S.R., Halpin,R.A., Shilts,M., Fedorova,N., Puri,V., Amedeo,P., Shrivastava,S., Maffei,J., Dupuis,A., Jones,S., Backenson,B., Zink,S., Ciota,A., Kramer,L.",J. Craig Venter Institute,USA,8/2/16,NA,Orthoflavivirus nilense,10787,complete,"USA: Queens Co., NY",USA,NY,Haemorhous mexicanus,NA,9/9/04,Lineage_1
KX547591,West Nile virus,GenBank,set:KX547591,"Shabman,R., Das,S.R., Halpin,R.A., Shilts,M., Fedorova,N., Puri,V., Amedeo,P., Shrivastava,S., Maffei,J., Dupuis,A., Jones,S., Backenson,B., Zink,S., Ciota,A., Kramer,L.",J. Craig Venter Institute,USA,8/2/16,NA,Orthoflavivirus nilense,10787,complete,"USA: Rockland Co., NY",USA,NY,Cyanocitta cristata,NA,9/2/04,Lineage_1
KX547592,West Nile virus,GenBank,set:KX547592,"Shabman,R., Das,S.R., Halpin,R.A., Shilts,M., Fedorova,N., Puri,V., Amedeo,P., Shrivastava,S., Maffei,J., Dupuis,A., Jones,S., Backenson,B., Zink,S., Ciota,A., Kramer,L.",J. Craig Venter Institute,USA,8/2/16,NA,Orthoflavivirus nilense,10787,complete,"USA: Albany Co., NY",USA,NY,Culex,NA,8/22/03,Lineage_1
KX547593,West Nile virus,GenBank,set:KX547593,"Shabman,R., Das,S.R., Halpin,R.A., Shilts,M., Fedorova,N., Puri,V., Amedeo,P., Shrivastava,S., Maffei,J., Dupuis,A., Jones,S., Backenson,B., Zink,S., Ciota,A., Kramer,L.",J. Craig Venter Institute,USA,8/2/16,NA,Orthoflavivirus nilense,10787,complete,"USA: Washington Co., NY",USA,NY,Cyanocitta cristata,NA,9/28/03,Lineage_1
KX547594,West Nile virus,GenBank,set:KX547594,"Shabman,R., Das,S.R., Halpin,R.A., Shilts,M., Fedorova,N., Puri,V., Amedeo,P., Shrivastava,S., Maffei,J., Dupuis,A., Jones,S., Backenson,B., Zink,S., Ciota,A., Kramer,L.",J. Craig Venter Institute,USA,8/2/16,NA,Orthoflavivirus nilense,10787,complete,"USA: Westchester Co., NY",USA,NY,Aedes sp.,NA,7/31/13,Lineage_1
KX547596,West Nile virus,GenBank,set:KX547596,"Shabman,R., Das,S.R., Halpin,R.A., Shilts,M., Fedorova,N., Puri,V., Amedeo,P., Shrivastava,S., Maffei,J., Dupuis,A., Jones,S., Backenson,B., Zink,S., Ciota,A., Kramer,L.",J. Craig Venter Institute,USA,8/2/16,NA,Orthoflavivirus nilense,10787,complete,"USA: Suffolk Co., NY",USA,NY,Quiscalus quiscula,NA,8/11/05,Lineage_1
KX547597,West Nile virus,GenBank,set:KX547597,"Shabman,R., Das,S.R., Halpin,R.A., Shilts,M., Fedorova,N., Puri,V., Amedeo,P., Shrivastava,S., Maffei,J., Dupuis,A., Jones,S., Backenson,B., Zink,S., Ciota,A., Kramer,L.",J. Craig Venter Institute,USA,8/2/16,NA,Orthoflavivirus nilense,10787,complete,"USA: Richmond Co., NY",USA,NY,Cyanocitta cristata,NA,9/14/04,Lineage_1
KX547598,West Nile virus,GenBank,set:KX547598,"Shabman,R., Das,S.R., Halpin,R.A., Shilts,M., Fedorova,N., Puri,V., Amedeo,P., Shrivastava,S., Maffei,J., Dupuis,A., Jones,S., Backenson,B., Zink,S., Ciota,A., Kramer,L.",J. Craig Venter Institute,USA,8/2/16,NA,Orthoflavivirus nilense,10787,complete,"USA: Dutchess Co., NY",USA,NY,Corvus brachyrhynchos,NA,9/3/09,Lineage_1
KX547599,West Nile virus,GenBank,set:KX547599,"Shabman,R., Das,S.R., Halpin,R.A., Shilts,M., Fedorova,N., Puri,V., Amedeo,P., Shrivastava,S., Maffei,J., Dupuis,A., Jones,S., Backenson,B., Zink,S., Ciota,A., Kramer,L.",J. Craig Venter Institute,USA,8/2/16,NA,Orthoflavivirus nilense,10787,complete,"USA: Westchester Co., NY",USA,NY,Culex,NA,9/29/05,Lineage_1
KX547600,West Nile virus,GenBank,set:KX547600,"Shabman,R., Das,S.R., Halpin,R.A., Shilts,M., Fedorova,N., Puri,V., Amedeo,P., Shrivastava,S., Maffei,J., Dupuis,A., Jones,S., Backenson,B., Zink,S., Ciota,A., Kramer,L.",J. Craig Venter Institute,USA,8/2/16,NA,Orthoflavivirus nilense,10787,complete,"USA: Rensselaer Co., NY",USA,NY,Corvus brachyrhynchos,NA,9/13/10,Lineage_1
KX547601,West Nile virus,GenBank,set:KX547601,"Shabman,R., Das,S.R., Halpin,R.A., Shilts,M., Fedorova,N., Puri,V., Amedeo,P., Shrivastava,S., Maffei,J., Dupuis,A., Jones,S., Backenson,B., Zink,S., Ciota,A., Kramer,L.",J. Craig Venter Institute,USA,8/2/16,NA,Orthoflavivirus nilense,10787,complete,"USA: Nassau Co., NY",USA,NY,Aedes sp.,NA,8/9/10,Lineage_1
KX547602,West Nile virus,GenBank,set:KX547602,"Shabman,R., Das,S.R., Halpin,R.A., Shilts,M., Fedorova,N., Puri,V., Amedeo,P., Shrivastava,S., Maffei,J., Dupuis,A., Jones,S., Backenson,B., Zink,S., Ciota,A., Kramer,L.",J. Craig Venter Institute,USA,8/2/16,NA,Orthoflavivirus nilense,10787,complete,"USA: Westchester Co., NY",USA,NY,Culex,NA,9/1/00,Lineage_1
KX547603,West Nile virus,GenBank,set:KX547603,"Shabman,R., Das,S.R., Halpin,R.A., Shilts,M., Fedorova,N., Puri,V., Amedeo,P., Shrivastava,S., Maffei,J., Dupuis,A., Jones,S., Backenson,B., Zink,S., Ciota,A., Kramer,L.",J. Craig Venter Institute,USA,8/2/16,NA,Orthoflavivirus nilense,10787,complete,"USA: Saratoga Co., NY",USA,NY,Corvus brachyrhynchos,NA,9/20/02,Lineage_1
KX547604,West Nile virus,GenBank,set:KX547604,"Shabman,R., Das,S.R., Halpin,R.A., Shilts,M., Fedorova,N., Puri,V., Amedeo,P., Shrivastava,S., Maffei,J., Dupuis,A., Jones,S., Backenson,B., Zink,S., Ciota,A., Kramer,L.",J. Craig Venter Institute,USA,8/2/16,NA,Orthoflavivirus nilense,10787,complete,"USA: Erie Co., NY",USA,NY,Culex,NA,8/28/13,Lineage_1
KX547605,West Nile virus,GenBank,set:KX547605,"Shabman,R., Das,S.R., Halpin,R.A., Shilts,M., Fedorova,N., Puri,V., Amedeo,P., Shrivastava,S., Maffei,J., Dupuis,A., Jones,S., Backenson,B., Zink,S., Ciota,A., Kramer,L.",J. Craig Venter Institute,USA,8/2/16,NA,Orthoflavivirus nilense,10787,complete,"USA: Lewis Co., NY",USA,NY,Corvus brachyrhynchos,NA,7/11/04,Lineage_1
KX547606,West Nile virus,GenBank,set:KX547606,"Shabman,R., Das,S.R., Halpin,R.A., Shilts,M., Fedorova,N., Puri,V., Amedeo,P., Shrivastava,S., Maffei,J., Dupuis,A., Jones,S., Backenson,B., Zink,S., Ciota,A., Kramer,L.",J. Craig Venter Institute,USA,8/2/16,NA,Orthoflavivirus nilense,10788,complete,"USA: Rockland Co., NY",USA,NY,Culex,NA,8/1/08,Lineage_1
KX547607,West Nile virus,GenBank,set:KX547607,"Shabman,R., Das,S.R., Halpin,R.A., Shilts,M., Fedorova,N., Puri,V., Amedeo,P., Shrivastava,S., Maffei,J., Dupuis,A., Jones,S., Backenson,B., Zink,S., Ciota,A., Kramer,L.",J. Craig Venter Institute,USA,8/2/16,NA,Orthoflavivirus nilense,10787,complete,"USA: Erie Co., NY",USA,NY,Culex,NA,8/28/06,Lineage_1
KX547608,West Nile virus,GenBank,set:KX547608,"Shabman,R., Das,S.R., Halpin,R.A., Shilts,M., Fedorova,N., Puri,V., Amedeo,P., Shrivastava,S., Maffei,J., Dupuis,A., Jones,S., Backenson,B., Zink,S., Ciota,A., Kramer,L.",J. Craig Venter Institute,USA,8/2/16,NA,Orthoflavivirus nilense,10787,complete,"USA: Erie Co., NY",USA,NY,Culex,NA,8/25/09,Lineage_1
KX547609,West Nile virus,GenBank,set:KX547609,"Shabman,R., Das,S.R., Halpin,R.A., Shilts,M., Fedorova,N., Puri,V., Amedeo,P., Shrivastava,S., Maffei,J., Dupuis,A., Jones,S., Backenson,B., Zink,S., Ciota,A., Kramer,L.",J. Craig Venter Institute,USA,8/2/16,NA,Orthoflavivirus nilense,10787,complete,"USA: Albany Co., NY",USA,NY,Sciurus carolinensis,NA,9/25/03,Lineage_1
KX547610,West Nile virus,GenBank,set:KX547610,"Shabman,R., Das,S.R., Halpin,R.A., Shilts,M., Fedorova,N., Puri,V., Amedeo,P., Shrivastava,S., Maffei,J., Dupuis,A., Jones,S., Backenson,B., Zink,S., Ciota,A., Kramer,L.",J. Craig Venter Institute,USA,8/2/16,NA,Orthoflavivirus nilense,10787,complete,"USA: Monroe Co., NY",USA,NY,Culex,NA,8/10/04,Lineage_1
KX547611,West Nile virus,GenBank,set:KX547611,"Shabman,R., Das,S.R., Halpin,R.A., Shilts,M., Fedorova,N., Puri,V., Amedeo,P., Shrivastava,S., Maffei,J., Dupuis,A., Jones,S., Backenson,B., Zink,S., Ciota,A., Kramer,L.",J. Craig Venter Institute,USA,8/2/16,NA,Orthoflavivirus nilense,10787,complete,"USA: Columbia Co., NY",USA,NY,Corvus brachyrhynchos,NA,8/27/09,Lineage_1
KX547613,West Nile virus,GenBank,set:KX547613,"Shabman,R., Das,S.R., Halpin,R.A., Shilts,M., Fedorova,N., Puri,V., Amedeo,P., Shrivastava,S., Maffei,J., Dupuis,A., Jones,S., Backenson,B., Zink,S., Ciota,A., Kramer,L.",J. Craig Venter Institute,USA,8/2/16,NA,Orthoflavivirus nilense,10787,complete,"USA: Suffolk Co., NY",USA,NY,Culiseta,NA,8/27/03,Lineage_1
KX547614,West Nile virus,GenBank,set:KX547614,"Shabman,R., Das,S.R., Halpin,R.A., Shilts,M., Fedorova,N., Puri,V., Amedeo,P., Shrivastava,S., Maffei,J., Dupuis,A., Jones,S., Backenson,B., Zink,S., Ciota,A., Kramer,L.",J. Craig Venter Institute,USA,8/2/16,NA,Orthoflavivirus nilense,10788,complete,"USA: Erie Co., NY",USA,NY,Culex,NA,7/6/05,Lineage_1
KX547615,West Nile virus,GenBank,set:KX547615,"Shabman,R., Das,S.R., Halpin,R.A., Shilts,M., Fedorova,N., Puri,V., Amedeo,P., Shrivastava,S., Maffei,J., Dupuis,A., Jones,S., Backenson,B., Zink,S., Ciota,A., Kramer,L.",J. Craig Venter Institute,USA,8/2/16,NA,Orthoflavivirus nilense,10787,complete,"USA: Suffolk Co., NY",USA,NY,Corvus brachyrhynchos,NA,7/26/06,Lineage_1
KX547616,West Nile virus,GenBank,set:KX547616,"Shabman,R., Das,S.R., Halpin,R.A., Shilts,M., Fedorova,N., Puri,V., Amedeo,P., Shrivastava,S., Maffei,J., Dupuis,A., Jones,S., Backenson,B., Zink,S., Ciota,A., Kramer,L.",J. Craig Venter Institute,USA,8/2/16,NA,Orthoflavivirus nilense,10787,complete,"USA: Kings Co., NY",USA,NY,Corvus brachyrhynchos,NA,9/20/07,Lineage_1
KX547617,West Nile virus,GenBank,set:KX547617,"Shabman,R., Das,S.R., Halpin,R.A., Shilts,M., Fedorova,N., Puri,V., Amedeo,P., Shrivastava,S., Maffei,J., Dupuis,A., Jones,S., Backenson,B., Zink,S., Ciota,A., Kramer,L.",J. Craig Venter Institute,USA,8/2/16,NA,Orthoflavivirus nilense,10787,complete,"USA: Orange Co., NY",USA,NY,Culex,NA,8/26/03,Lineage_1
KX547619,West Nile virus,GenBank,set:KX547619,"Shabman,R., Das,S.R., Halpin,R.A., Shilts,M., Fedorova,N., Puri,V., Amedeo,P., Shrivastava,S., Maffei,J., Dupuis,A., Jones,S., Backenson,B., Zink,S., Ciota,A., Kramer,L.",J. Craig Venter Institute,USA,8/2/16,NA,Orthoflavivirus nilense,10787,complete,"USA: Onondaga Co., NY",USA,NY,Culiseta,NA,8/15/02,Lineage_1
KX547620,West Nile virus,GenBank,set:KX547620,"Shabman,R., Das,S.R., Halpin,R.A., Shilts,M., Fedorova,N., Puri,V., Amedeo,P., Shrivastava,S., Maffei,J., Dupuis,A., Jones,S., Backenson,B., Zink,S., Ciota,A., Kramer,L.",J. Craig Venter Institute,USA,8/2/16,NA,Orthoflavivirus nilense,10787,complete,"USA: Jefferson Co., NY",USA,NY,Corvus brachyrhynchos,NA,8/29/02,Lineage_1
KX547621,West Nile virus,GenBank,set:KX547621,"Shabman,R., Das,S.R., Halpin,R.A., Shilts,M., Fedorova,N., Puri,V., Amedeo,P., Shrivastava,S., Maffei,J., Dupuis,A., Jones,S., Backenson,B., Zink,S., Ciota,A., Kramer,L.",J. Craig Venter Institute,USA,8/2/16,NA,Orthoflavivirus nilense,10787,complete,"USA: Nassau Co., NY",USA,NY,Cyanocitta cristata,NA,9/29/04,Lineage_1
KU206781,West Nile virus,GenBank,set:KU206781,"Baymakova,M., Trifonova,I., Panayotova,E., Dakova,S., Pacenti,M., Barzon,L., Lavezzo,E., Hristov,Y., Ramshev,K., Plochev,K., Palu,G., Christova,I., Franchin,E.","University of Padua, Department of Molecular Medicine",Italy,7/16/16,NA,Orthoflavivirus nilense,10983,complete,Bulgaria,Bulgaria,NA,Homo sapiens,NA,8/27/15,Lineage_2
KU588135,West Nile virus,GenBank,set:KU588135,"Joseph,S., Wernery,U., Teng,J.L., Wernery,R., Huang,Y., Patteril,N.A., Chan,K.H., Elizabeth,S.K., Fan,R.Y., Lau,S.K., Kinne,J., Woo,P.C., Teng,J.L.L., Patteril,N.A.G., Chan,K.-H., Fan,R.Y.Y., Lau,S.K.P., Woo,P.C.Y.","The University of Hong Kong, Department of Microbiology",Hong Kong,3/16/16,camel,Orthoflavivirus nilense,10485,complete,United Arab Emirates,United Arab Emirates,NA,Camelus dromedarius,NA,2015,Lineage_1
KP780837,West Nile virus,GenBank,set:KP780837,"Bakonyi,T., Gajdon,G.K., Schwing,R., Vogl,W., Habich,A.C., Thaller,D., Weissenbock,H., Rudolf,I., Hubalek,Z., Nowotny,N.","Institute of Virology, University of Veterinary Medicine, Viral Zoonoses, Emerging and Vector-Borne Infections Group",Austria,3/1/16,Sepperl,Orthoflavivirus nilense,10963,complete,Austria,Austria,NA,Nestor notabilis,NA,8/29/08,Lineage_2
KP780838,West Nile virus,GenBank,set:KP780838,"Bakonyi,T., Gajdon,G.K., Schwing,R., Vogl,W., Habich,A.C., Thaller,D., Weissenbock,H., Rudolf,I., Hubalek,Z., Nowotny,N.","Institute of Virology, University of Veterinary Medicine, Viral Zoonoses, Emerging and Vector-Borne Infections Group",Austria,3/1/16,Mismo,Orthoflavivirus nilense,10963,complete,Austria,Austria,NA,Nestor notabilis,NA,9/16/09,Lineage_2
KP780839,West Nile virus,GenBank,set:KP780839,"Bakonyi,T., Gajdon,G.K., Schwing,R., Vogl,W., Habich,A.C., Thaller,D., Weissenbock,H., Rudolf,I., Hubalek,Z., Nowotny,N.","Institute of Virology, University of Veterinary Medicine, Viral Zoonoses, Emerging and Vector-Borne Infections Group",Austria,3/1/16,Berliner,Orthoflavivirus nilense,10963,complete,Austria,Austria,NA,Nestor notabilis,NA,3/14/11,Lineage_2
KP780840,West Nile virus,GenBank,set:KP780840,"Bakonyi,T., Gajdon,G.K., Schwing,R., Vogl,W., Habich,A.C., Thaller,D., Weissenbock,H., Rudolf,I., Hubalek,Z., Nowotny,N.","Institute of Virology, University of Veterinary Medicine, Viral Zoonoses, Emerging and Vector-Borne Infections Group",Austria,3/1/16,Tammy,Orthoflavivirus nilense,10963,complete,Austria,Austria,NA,Nestor notabilis,NA,8/21/14,Lineage_2
KT359349,West Nile virus,GenBank,set:KT359349,"Nagy,A., Ban,E., Nagy,O., Ferenczi,E., Farkas,A., Banyai,K., Farkas,S., Takacs,M.","National Center for Epidemiology, Division of Virology",Hungary,3/1/16,NA,Orthoflavivirus nilense,10966,complete,Hungary,Hungary,NA,Homo sapiens,urine,2014,Lineage_2
KT934796,Kunjin virus,GenBank,set:KT934796,"Prow,N.A., Edmonds,J.H., Williams,D.T., Setoh,Y.X., Bielefeldt-Ohmann,H., Suen,W.W., Hobson-Peters,J., van den Hurk,A.F., Pyke,A.T., Hall-Mendelin,S., Northill,J.A., Johansen,C.A., Warrilow,D., Wang,J., Kirkland,P.D., Russell,R.C., Doggett,S., Brault,A.C., Andrade,C.C., Khromykh,A.A., Hall,R.A.","QIMR Berghofer Medical Research Institute, Inflammation Biology Group",Australia,1/1/16,Boort,Orthoflavivirus nilense,10302,complete,Australia: Victoria,Australia,NA,Equus caballus,spinal cord,1984,Lineage_1
KT934797,Kunjin virus,GenBank,set:KT934797,"Prow,N.A., Edmonds,J.H., Williams,D.T., Setoh,Y.X., Bielefeldt-Ohmann,H., Suen,W.W., Hobson-Peters,J., van den Hurk,A.F., Pyke,A.T., Hall-Mendelin,S., Northill,J.A., Johansen,C.A., Warrilow,D., Wang,J., Kirkland,P.D., Russell,R.C., Doggett,S., Brault,A.C., Andrade,C.C., Khromykh,A.A., Hall,R.A.","QIMR Berghofer Medical Research Institute, Inflammation Biology Group",Australia,1/1/16,Hu6774,Orthoflavivirus nilense,10302,complete,Australia: New South Wales,Australia,NA,Homo sapiens,NA,1991,Lineage_1
KT934798,Kunjin virus,GenBank,set:KT934798,"Prow,N.A., Edmonds,J.H., Williams,D.T., Setoh,Y.X., Bielefeldt-Ohmann,H., Suen,W.W., Hobson-Peters,J., van den Hurk,A.F., Pyke,A.T., Hall-Mendelin,S., Northill,J.A., Johansen,C.A., Warrilow,D., Wang,J., Kirkland,P.D., Russell,R.C., Doggett,S., Brault,A.C., Andrade,C.C., Khromykh,A.A., Hall,R.A.","QIMR Berghofer Medical Research Institute, Inflammation Biology Group",Australia,1/1/16,GU0631,Orthoflavivirus nilense,10302,complete,"Australia: Gulf of Carpentaria, Queensland",Australia,NA,Culex annulirostris,NA,2000,Lineage_1
KT934799,Kunjin virus,GenBank,set:KT934799,"Prow,N.A., Edmonds,J.H., Williams,D.T., Setoh,Y.X., Bielefeldt-Ohmann,H., Suen,W.W., Hobson-Peters,J., van den Hurk,A.F., Pyke,A.T., Hall-Mendelin,S., Northill,J.A., Johansen,C.A., Warrilow,D., Wang,J., Kirkland,P.D., Russell,R.C., Doggett,S., Brault,A.C., Andrade,C.C., Khromykh,A.A., Hall,R.A.","QIMR Berghofer Medical Research Institute, Inflammation Biology Group",Australia,1/1/16,GU1009,Orthoflavivirus nilense,10302,complete,"Australia: Gulf of Carpentaria, Queensland",Australia,NA,Culex annulirostris,NA,2000,Lineage_1
KT934800,Kunjin virus,GenBank,set:KT934800,"Prow,N.A., Edmonds,J.H., Williams,D.T., Setoh,Y.X., Bielefeldt-Ohmann,H., Suen,W.W., Hobson-Peters,J., van den Hurk,A.F., Pyke,A.T., Hall-Mendelin,S., Northill,J.A., Johansen,C.A., Warrilow,D., Wang,J., Kirkland,P.D., Russell,R.C., Doggett,S., Brault,A.C., Andrade,C.C., Khromykh,A.A., Hall,R.A.","QIMR Berghofer Medical Research Institute, Inflammation Biology Group",Australia,1/1/16,P9974,Orthoflavivirus nilense,10302,complete,"Australia: Pilbara Region, Western Australia",Australia,NA,Culex annulirostris,NA,2009,Lineage_1
KT934801,Kunjin virus,GenBank,set:KT934801,"Prow,N.A., Edmonds,J.H., Williams,D.T., Setoh,Y.X., Bielefeldt-Ohmann,H., Suen,W.W., Hobson-Peters,J., van den Hurk,A.F., Pyke,A.T., Hall-Mendelin,S., Northill,J.A., Johansen,C.A., Warrilow,D., Wang,J., Kirkland,P.D., Russell,R.C., Doggett,S., Brault,A.C., Andrade,C.C., Khromykh,A.A., Hall,R.A.","QIMR Berghofer Medical Research Institute, Inflammation Biology Group",Australia,1/1/16,K74015,Orthoflavivirus nilense,10302,complete,"Australia: Kimberley Region, Western Australia",Australia,NA,Culex annulirostris,NA,2011,Lineage_1
KT934802,Kunjin virus,GenBank,set:KT934802,"Prow,N.A., Edmonds,J.H., Williams,D.T., Setoh,Y.X., Bielefeldt-Ohmann,H., Suen,W.W., Hobson-Peters,J., van den Hurk,A.F., Pyke,A.T., Hall-Mendelin,S., Northill,J.A., Johansen,C.A., Warrilow,D., Wang,J., Kirkland,P.D., Russell,R.C., Doggett,S., Brault,A.C., Andrade,C.C., Khromykh,A.A., Hall,R.A.","QIMR Berghofer Medical Research Institute, Inflammation Biology Group",Australia,1/1/16,K68967,Orthoflavivirus nilense,10302,complete,"Australia: Kimberley Region, Western Australia",Australia,NA,Culex annulirostris,NA,2009,Lineage_1
KT934803,Kunjin virus,GenBank,set:KT934803,"Prow,N.A., Edmonds,J.H., Williams,D.T., Setoh,Y.X., Bielefeldt-Ohmann,H., Suen,W.W., Hobson-Peters,J., van den Hurk,A.F., Pyke,A.T., Hall-Mendelin,S., Northill,J.A., Johansen,C.A., Warrilow,D., Wang,J., Kirkland,P.D., Russell,R.C., Doggett,S., Brault,A.C., Andrade,C.C., Khromykh,A.A., Hall,R.A.","QIMR Berghofer Medical Research Institute, Inflammation Biology Group",Australia,1/1/16,SA2011,Orthoflavivirus nilense,10302,complete,"Australia: Hallett, South Australia",Australia,NA,Equus caballus,brain,2011,Lineage_1
KT934804,Kunjin virus,GenBank,set:KT934804,"Prow,N.A., Edmonds,J.H., Williams,D.T., Setoh,Y.X., Bielefeldt-Ohmann,H., Suen,W.W., Hobson-Peters,J., van den Hurk,A.F., Pyke,A.T., Hall-Mendelin,S., Northill,J.A., Johansen,C.A., Warrilow,D., Wang,J., Kirkland,P.D., Russell,R.C., Doggett,S., Brault,A.C., Andrade,C.C., Khromykh,A.A., Hall,R.A.","QIMR Berghofer Medical Research Institute, Inflammation Biology Group",Australia,1/1/16,NSW2012,Orthoflavivirus nilense,10302,complete,Australia: New South Wales,Australia,NA,Culex annulirostris,NA,2012,Lineage_1
KR868734,West Nile virus,GenBank,set:KR868734,"Grubaugh,N.D., Ebel,G.D.","Colorado State University, Microbiology, Immunology and Pathology",USA,10/31/15,FtC-3699,Orthoflavivirus nilense,11029,complete,"USA: Fort Collins, CO",USA,CO,Culex tarsalis,pooled insects,8/22/12,Lineage_1
KT163243,West Nile virus,GenBank,set:KT163243,"Pavitrakar,D.V., Ayachit,V.M., Mundhra,S., Bondre,V.P.","National Institute of Virology, Microbial Containment Complex, Encephalitis Group",India,9/29/15,68856-ICDC-4,Orthoflavivirus nilense,11029,complete,India,India,NA,NA,NA,1/1/15,Lineage_1
KT207791,West Nile virus,GenBank,set:KT207791,"Ravagnan,S., Montarsi,F., Cazzin,S., Porcellato,E., Russo,F., Palei,M., Monne,I., Savini,G., Marangon,S., Barzon,L., Capelli,G.","Istituto Zooprofilattico Sperimentale delle Venezie, Parasitology department",Italy,8/24/15,792/14,Orthoflavivirus nilense,10983,complete,Italy,Italy,NA,Culicidae,NA,7/15/14,Lineage_2
KT207792,West Nile virus,GenBank,set:KT207792,"Ravagnan,S., Montarsi,F., Cazzin,S., Porcellato,E., Russo,F., Palei,M., Monne,I., Savini,G., Marangon,S., Barzon,L., Capelli,G.","Istituto Zooprofilattico Sperimentale delle Venezie, Parasitology department",Italy,8/24/15,1270/14,Orthoflavivirus nilense,10995,complete,Italy,Italy,NA,Culicidae,NA,8/18/14,Lineage_2
KP789953,West Nile virus,GenBank,set:KP789953,"Barzon,L., Papa,A., Lavezzo,E., Franchin,E., Pacenti,M., Sinigaglia,A., Masi,G., Squarzon,L., Toppo,S., Nowotny,N., Rovida,F., Ulbert,S., Baldanti,F., Percivalle,E., Palu,G.","University of Padua, Department of Molecular Medicine",Italy,7/1/15,NA,Orthoflavivirus nilense,10994,complete,Italy,Italy,NA,Homo sapiens,NA,2014,Lineage_2
KP789954,West Nile virus,GenBank,set:KP789954,"Barzon,L., Papa,A., Lavezzo,E., Franchin,E., Pacenti,M., Sinigaglia,A., Masi,G., Squarzon,L., Toppo,S., Nowotny,N., Rovida,F., Ulbert,S., Baldanti,F., Percivalle,E., Palu,G.","University of Padua, Department of Molecular Medicine",Italy,7/1/15,NA,Orthoflavivirus nilense,11000,complete,Italy,Italy,NA,Homo sapiens,NA,2014,Lineage_2
KP789955,West Nile virus,GenBank,set:KP789955,"Barzon,L., Papa,A., Lavezzo,E., Franchin,E., Pacenti,M., Sinigaglia,A., Masi,G., Squarzon,L., Toppo,S., Nowotny,N., Rovida,F., Ulbert,S., Baldanti,F., Percivalle,E., Palu,G.","University of Padua, Department of Molecular Medicine",Italy,7/1/15,NA,Orthoflavivirus nilense,10995,complete,Italy,Italy,NA,Homo sapiens,urine,2014,Lineage_2
KP789956,West Nile virus,GenBank,set:KP789956,"Barzon,L., Papa,A., Lavezzo,E., Franchin,E., Pacenti,M., Sinigaglia,A., Masi,G., Squarzon,L., Toppo,S., Nowotny,N., Rovida,F., Ulbert,S., Baldanti,F., Percivalle,E., Palu,G.","University of Padua, Department of Molecular Medicine",Italy,7/1/15,NA,Orthoflavivirus nilense,10938,complete,Italy,Italy,NA,Homo sapiens,urine,2014,Lineage_2
KP789957,West Nile virus,GenBank,set:KP789957,"Barzon,L., Papa,A., Lavezzo,E., Franchin,E., Pacenti,M., Sinigaglia,A., Masi,G., Squarzon,L., Toppo,S., Nowotny,N., Rovida,F., Ulbert,S., Baldanti,F., Percivalle,E., Palu,G.","University of Padua, Department of Molecular Medicine",Italy,7/1/15,NA,Orthoflavivirus nilense,10999,complete,Italy,Italy,NA,Homo sapiens,NA,2014,Lineage_2
KP789958,West Nile virus,GenBank,set:KP789958,"Barzon,L., Papa,A., Lavezzo,E., Franchin,E., Pacenti,M., Sinigaglia,A., Masi,G., Squarzon,L., Toppo,S., Nowotny,N., Rovida,F., Ulbert,S., Baldanti,F., Percivalle,E., Palu,G.","University of Padua, Department of Molecular Medicine",Italy,7/1/15,NA,Orthoflavivirus nilense,11000,complete,Italy,Italy,NA,Homo sapiens,NA,2014,Lineage_2
KP789959,West Nile virus,GenBank,set:KP789959,"Barzon,L., Papa,A., Lavezzo,E., Franchin,E., Pacenti,M., Sinigaglia,A., Masi,G., Squarzon,L., Toppo,S., Nowotny,N., Rovida,F., Ulbert,S., Baldanti,F., Percivalle,E., Palu,G.","University of Padua, Department of Molecular Medicine",Italy,7/1/15,NA,Orthoflavivirus nilense,10947,complete,Italy,Italy,NA,Homo sapiens,NA,2014,Lineage_2
KP789960,West Nile virus,GenBank,set:KP789960,"Barzon,L., Papa,A., Lavezzo,E., Franchin,E., Pacenti,M., Sinigaglia,A., Masi,G., Squarzon,L., Toppo,S., Nowotny,N., Rovida,F., Ulbert,S., Baldanti,F., Percivalle,E., Palu,G.","University of Padua, Department of Molecular Medicine",Italy,7/1/15,NA,Orthoflavivirus nilense,10949,complete,Italy,Italy,NA,Homo sapiens,urine,2013,Lineage_2
KJ883343,West Nile virus,GenBank,set:KJ883343,"Papa,A., Barzon,L., Pacenti,M., Franchin,E., Lavezzo,E., Squarzon,L., Toppo,S., Martello,T., Cattai,M., Cusinato,R., Papadopoulou,E., Gavana,E., Palu,G.","University of Padua, Department of Molecular Medicine",Italy,5/29/15,NA,Orthoflavivirus nilense,11002,complete,Greece,Greece,NA,Homo sapiens,urine,2013,Lineage_2
KJ883344,West Nile virus,GenBank,set:KJ883344,"Papa,A., Barzon,L., Pacenti,M., Franchin,E., Lavezzo,E., Squarzon,L., Toppo,S., Martello,T., Cattai,M., Cusinato,R., Papadopoulou,E., Gavana,E., Palu,G.","University of Padua, Department of Molecular Medicine",Italy,5/29/15,NA,Orthoflavivirus nilense,11003,complete,Greece,Greece,NA,Homo sapiens,urine,2013,Lineage_2
KJ883345,West Nile virus,GenBank,set:KJ883345,"Papa,A., Barzon,L., Pacenti,M., Franchin,E., Lavezzo,E., Squarzon,L., Toppo,S., Martello,T., Cattai,M., Cusinato,R., Papadopoulou,E., Gavana,E., Palu,G.","University of Padua, Department of Molecular Medicine",Italy,5/29/15,NA,Orthoflavivirus nilense,11008,complete,Greece,Greece,NA,Homo sapiens,urine,2013,Lineage_2
KJ883346,West Nile virus,GenBank,set:KJ883346,"Papa,A., Barzon,L., Pacenti,M., Franchin,E., Lavezzo,E., Squarzon,L., Toppo,S., Martello,T., Cattai,M., Cusinato,R., Papadopoulou,E., Gavana,E., Palu,G.","University of Padua, Department of Molecular Medicine",Italy,5/29/15,NA,Orthoflavivirus nilense,11000,complete,Greece,Greece,NA,Homo sapiens,urine,2013,Lineage_2
KJ883348,West Nile virus,GenBank,set:KJ883348,"Papa,A., Barzon,L., Pacenti,M., Franchin,E., Lavezzo,E., Squarzon,L., Toppo,S., Martello,T., Cattai,M., Cusinato,R., Papadopoulou,E., Gavana,E., Palu,G.","University of Padua, Department of Molecular Medicine",Italy,5/29/15,NA,Orthoflavivirus nilense,11002,complete,Greece,Greece,NA,Homo sapiens,urine,2013,Lineage_2
KJ883349,West Nile virus,GenBank,set:KJ883349,"Papa,A., Barzon,L., Pacenti,M., Franchin,E., Lavezzo,E., Squarzon,L., Toppo,S., Martello,T., Cattai,M., Cusinato,R., Papadopoulou,E., Gavana,E., Palu,G.","University of Padua, Department of Molecular Medicine",Italy,5/29/15,NA,Orthoflavivirus nilense,10967,complete,Greece,Greece,NA,Homo sapiens,urine,2013,Lineage_2
KP109691,West Nile virus,GenBank,set:KP109691,"Kolodziejek,J., Seidel,B., Jungbauer,C., Dimmel,K., Kolodziejek,M., Rudolf,I., Hubalek,Z., Allerberger,F., Nowotny,N.","University of Veterinary Medicine Vienna, Viral Zoonoses, Emerging and Vector-Borne Infections Group, Institute of Virology",Austria,5/20/15,NA,Orthoflavivirus nilense,10988,complete,Austria,Austria,NA,Homo sapiens,NA,2014,Lineage_2
KP109692,West Nile virus,GenBank,set:KP109692,"Kolodziejek,J., Seidel,B., Jungbauer,C., Dimmel,K., Kolodziejek,M., Rudolf,I., Hubalek,Z., Allerberger,F., Nowotny,N.","University of Veterinary Medicine Vienna, Viral Zoonoses, Emerging and Vector-Borne Infections Group, Institute of Virology",Austria,5/20/15,NA,Orthoflavivirus nilense,10988,complete,Austria,Austria,NA,Culex pipiens,NA,2014,Lineage_2
KJ786934,West Nile virus,GenBank,set:KJ786934,"Duggal,N.K., Bosco-Lauth,A., Bowen,R.A., Wheeleer,S.S., Reisen,W.K., Felix,T.A., Swetnam,D.M., Barrett,A.D.T., Brault,A.C.","University of Texas Medical Branch, Department of Pathology",USA,5/1/15,NY2001-6263,Orthoflavivirus nilense,11026,complete,USA: New York,USA,NY,Homo sapiens,NA,2001,Lineage_1
KJ958922,West Nile virus,GenBank,set:KJ958922,"Ergunay,K., Bakonyi,T., Nowotny,N., Ozkul,A.","Ankara University, Faculty of Veterinary Medicine, Department of Virology",Turkey,2/17/15,HRS_8211TR,Orthoflavivirus nilense,11026,complete,Turkey,Turkey,NA,Equus caballus,blood,2011,Lineage_1
KJ786935,West Nile virus,GenBank,set:KJ786935,"Duggal,N.K., Bosco-Lauth,A., Bowen,R.A., Wheeler,S.S., Reisen,W.K., Felix,T.A., Mann,B.R., Romo,H., Swetnam,D.M., Barrett,A.D., Brault,A.C., Barrett,A.D.T.","University of Texas Medical Branch, Department of Pathology",USA,11/24/14,TX8779,Orthoflavivirus nilense,11028,complete,"USA: Houston, Harris Co., TX",USA,TX,Mimus polyglottos,NA,8/22/12,Lineage_1
KJ786936,West Nile virus,GenBank,set:KJ786936,"Duggal,N.K., Bosco-Lauth,A., Bowen,R.A., Wheeler,S.S., Reisen,W.K., Felix,T.A., Mann,B.R., Romo,H., Swetnam,D.M., Barrett,A.D., Brault,A.C., Barrett,A.D.T.","University of Texas Medical Branch, Department of Pathology",USA,11/24/14,TX8759,Orthoflavivirus nilense,10981,complete,"USA: Kathy, Harris Co., TX",USA,TX,Cyanocitta cristata,NA,8/17/12,Lineage_1
KM659876,West Nile virus,GenBank,set:KM659876,"Jungbauer,C., Hourfar,M.K., Stiasny,K., Aberle,S.W., Cadar,D., Schmidt-Chanasit,J., Mayr,W.R., Hourfar,K.","Bernhard Nocht Institute for Tropical Medicine, Arbovirology",Germany,11/18/14,NA,Orthoflavivirus nilense,11028,complete,Austria,Austria,NA,Homo sapiens,blood,2014,Lineage_2
KM083619,West Nile virus,GenBank,set:KM083619,"Grinev,A., Anez,G., Rios,M.",CBER/FDA,USA,9/18/14,NY99P2,Orthoflavivirus nilense,11029,complete,USA,USA,NA,Phoenicopterus roseus,NA,1999,Lineage_1
JX442279,West Nile virus,GenBank,set:JX442279,"Lu,Z., Fu,S.H., Cao,L., Tang,C.J., Zhang,S., Li,Z.X., Tusong,M., Yao,X.H., Zhang,H.L., Wang,P.Y., Wumaier,M., Yuan,X.Y., Li,M.H., Zhu,C.Z., Fu,L.P., Liang,G.D., Fu,S., Liang,G.","Institute for Viral Diseases Control and Prevention, Viral Encephalitis",China,9/16/14,NA,Orthoflavivirus nilense,11029,complete,China,China,NA,Culex pipiens pipiens,NA,2011,Lineage_1
KM203860,West Nile virus,GenBank,set:KM203860,"Rudolf,I., Bakonyi,T., Sebesta,O., Mendel,J., Pesko,J., Betasova,L., Blazejova,H., Venclikova,K., Strakova,P., Nowotny,N., Hubalek,Z.","Institute of Virology, University of Veterinary Medicine Vienna, Viral Zoonoses, Emerging and Vector-Borne Infections Group",Austria,8/16/14,NA,Orthoflavivirus nilense,11018,complete,"Czech Republic: South Moravia, Novy fishpond at Mikulov",Czech Republic,NA,Culex modestus,NA,8/8/13,Lineage_2
KM203861,West Nile virus,GenBank,set:KM203861,"Rudolf,I., Bakonyi,T., Sebesta,O., Mendel,J., Pesko,J., Betasova,L., Blazejova,H., Venclikova,K., Strakova,P., Nowotny,N., Hubalek,Z.","Institute of Virology, University of Veterinary Medicine Vienna, Viral Zoonoses, Emerging and Vector-Borne Infections Group",Austria,8/16/14,NA,Orthoflavivirus nilense,11018,complete,"Czech Republic: South Moravia, Nesyt fishpond at Mikulov",Czech Republic,NA,Culex modestus,NA,8/8/13,Lineage_2
KM203862,West Nile virus,GenBank,set:KM203862,"Rudolf,I., Bakonyi,T., Sebesta,O., Mendel,J., Pesko,J., Betasova,L., Blazejova,H., Venclikova,K., Strakova,P., Nowotny,N., Hubalek,Z.","Institute of Virology, University of Veterinary Medicine Vienna, Viral Zoonoses, Emerging and Vector-Borne Infections Group",Austria,8/16/14,NA,Orthoflavivirus nilense,11018,complete,"Czech Republic: South Moravia, Mlynsky fishpond at Lednice",Czech Republic,NA,Culex modestus,NA,8/8/13,Lineage_2
KM203863,West Nile virus,GenBank,set:KM203863,"Rudolf,I., Bakonyi,T., Sebesta,O., Mendel,J., Pesko,J., Betasova,L., Blazejova,H., Venclikova,K., Strakova,P., Nowotny,N., Hubalek,Z.","Institute of Virology, University of Veterinary Medicine Vienna, Viral Zoonoses, Emerging and Vector-Borne Infections Group",Austria,8/16/14,NA,Orthoflavivirus nilense,11018,complete,"Czech Republic: South Moravia, Mlynsky fishpond at Lednice",Czech Republic,NA,Culex modestus,NA,8/8/13,Lineage_2
KJ501096,West Nile virus,GenBank,set:KJ501096,"Newman,R.M., Zody,M.C., Reisen,W., Ebel,G., Brault,A., Duggal,N., Poon,T.W., Charlebois,P., Weiner,B., Yang,X., Piper,M.E., Fitzgerald,M., McCowan,C., Young,S., Gargeya,S., Levin,J., Malboeuf,C., Qu,J., Ireland,A., Chapman,S.B., Murphy,C., Wortman,J., Nusbaum,C., Birren,B.",Broad Institute of MIT & Harvard,USA,6/30/14,WNV-1/US/BID-V7383/2011,Orthoflavivirus nilense,11028,complete,USA,USA,NA,Culex tarsalis,pooled insects,2011,Lineage_1
KJ501098,West Nile virus,GenBank,set:KJ501098,"Newman,R.M., Zody,M.C., Reisen,W., Ebel,G., Brault,A., Duggal,N., Poon,T.W., Charlebois,P., Weiner,B., Yang,X., Piper,M.E., Fitzgerald,M., McCowan,C., Young,S., Gargeya,S., Levin,J., Malboeuf,C., Qu,J., Ireland,A., Chapman,S.B., Murphy,C., Wortman,J., Nusbaum,C., Birren,B.",Broad Institute of MIT & Harvard,USA,6/30/14,WNV-1/US/BID-V7386/2011,Orthoflavivirus nilense,11025,complete,USA,USA,NA,Culex pipiens,pooled insects,2011,Lineage_1
KJ501099,West Nile virus,GenBank,set:KJ501099,"Newman,R.M., Zody,M.C., Reisen,W., Ebel,G., Brault,A., Duggal,N., Poon,T.W., Charlebois,P., Weiner,B., Yang,X., Piper,M.E., Fitzgerald,M., McCowan,C., Young,S., Gargeya,S., Levin,J., Malboeuf,C., Qu,J., Ireland,A., Chapman,S.B., Murphy,C., Wortman,J., Nusbaum,C., Birren,B.",Broad Institute of MIT & Harvard,USA,6/30/14,WNV-1/US/BID-V7387/2009,Orthoflavivirus nilense,11028,complete,USA,USA,NA,Culex tarsalis,pooled insects,2009,Lineage_1
KJ501100,West Nile virus,GenBank,set:KJ501100,"Newman,R.M., Zody,M.C., Reisen,W., Ebel,G., Brault,A., Duggal,N., Poon,T.W., Charlebois,P., Weiner,B., Yang,X., Piper,M.E., Fitzgerald,M., McCowan,C., Young,S., Gargeya,S., Levin,J., Malboeuf,C., Qu,J., Ireland,A., Chapman,S.B., Murphy,C., Wortman,J., Nusbaum,C., Birren,B.",Broad Institute of MIT & Harvard,USA,6/30/14,WNV-1/US/BID-V7388/2009,Orthoflavivirus nilense,11028,complete,USA,USA,NA,Culex tarsalis,pooled insects,2009,Lineage_1
KJ501101,West Nile virus,GenBank,set:KJ501101,"Newman,R.M., Zody,M.C., Reisen,W., Ebel,G., Brault,A., Duggal,N., Poon,T.W., Charlebois,P., Weiner,B., Yang,X., Piper,M.E., Fitzgerald,M., McCowan,C., Young,S., Gargeya,S., Levin,J., Malboeuf,C., Qu,J., Ireland,A., Chapman,S.B., Murphy,C., Wortman,J., Nusbaum,C., Birren,B.",Broad Institute of MIT & Harvard,USA,6/30/14,WNV-1/US/BID-V7389/2009,Orthoflavivirus nilense,11002,complete,USA,USA,NA,Culex pipiens,pooled insects,2009,Lineage_1
KJ501102,West Nile virus,GenBank,set:KJ501102,"Newman,R.M., Zody,M.C., Reisen,W., Ebel,G., Brault,A., Duggal,N., Poon,T.W., Charlebois,P., Weiner,B., Yang,X., Piper,M.E., Fitzgerald,M., McCowan,C., Young,S., Gargeya,S., Levin,J., Malboeuf,C., Qu,J., Ireland,A., Chapman,S.B., Murphy,C., Wortman,J., Nusbaum,C., Birren,B.",Broad Institute of MIT & Harvard,USA,6/30/14,WNV-1/US/BID-V7390/2009,Orthoflavivirus nilense,10960,complete,USA,USA,NA,Culex tarsalis,pooled insects,2009,Lineage_1
KJ501103,West Nile virus,GenBank,set:KJ501103,"Newman,R.M., Zody,M.C., Reisen,W., Ebel,G., Brault,A., Duggal,N., Poon,T.W., Charlebois,P., Weiner,B., Yang,X., Piper,M.E., Fitzgerald,M., McCowan,C., Young,S., Gargeya,S., Levin,J., Malboeuf,C., Qu,J., Ireland,A., Chapman,S.B., Murphy,C., Wortman,J., Nusbaum,C., Birren,B.",Broad Institute of MIT & Harvard,USA,6/30/14,WNV-1/US/BID-V7391/2003,Orthoflavivirus nilense,11030,complete,USA,USA,NA,Culex tarsalis,pooled insects,2003,Lineage_1
KJ501104,West Nile virus,GenBank,set:KJ501104,"Newman,R.M., Zody,M.C., Reisen,W., Ebel,G., Brault,A., Duggal,N., Poon,T.W., Charlebois,P., Weiner,B., Yang,X., Piper,M.E., Fitzgerald,M., McCowan,C., Young,S., Gargeya,S., Levin,J., Malboeuf,C., Qu,J., Ireland,A., Chapman,S.B., Murphy,C., Wortman,J., Nusbaum,C., Birren,B.",Broad Institute of MIT & Harvard,USA,6/30/14,WNV-1/US/BID-V7392/2003,Orthoflavivirus nilense,10987,complete,USA,USA,NA,Culex tarsalis,pooled insects,2003,Lineage_1
KJ501105,West Nile virus,GenBank,set:KJ501105,"Newman,R.M., Zody,M.C., Reisen,W., Ebel,G., Brault,A., Duggal,N., Poon,T.W., Charlebois,P., Weiner,B., Yang,X., Piper,M.E., Fitzgerald,M., McCowan,C., Young,S., Gargeya,S., Levin,J., Malboeuf,C., Qu,J., Ireland,A., Chapman,S.B., Murphy,C., Wortman,J., Nusbaum,C., Birren,B.",Broad Institute of MIT & Harvard,USA,6/30/14,WNV-1/US/BID-V7393/2003,Orthoflavivirus nilense,10891,complete,USA,USA,NA,Culex tarsalis,pooled insects,2003,Lineage_1
KJ501106,West Nile virus,GenBank,set:KJ501106,"Newman,R.M., Zody,M.C., Reisen,W., Ebel,G., Brault,A., Duggal,N., Poon,T.W., Charlebois,P., Weiner,B., Yang,X., Piper,M.E., Fitzgerald,M., McCowan,C., Young,S., Gargeya,S., Levin,J., Malboeuf,C., Qu,J., Ireland,A., Chapman,S.B., Murphy,C., Wortman,J., Nusbaum,C., Birren,B.",Broad Institute of MIT & Harvard,USA,6/30/14,WNV-1/US/BID-V7394/2008,Orthoflavivirus nilense,10994,complete,USA,USA,NA,Culex tarsalis,pooled insects,2008,Lineage_1
KJ501107,West Nile virus,GenBank,set:KJ501107,"Newman,R.M., Zody,M.C., Reisen,W., Ebel,G., Brault,A., Duggal,N., Poon,T.W., Charlebois,P., Weiner,B., Yang,X., Piper,M.E., Fitzgerald,M., McCowan,C., Young,S., Gargeya,S., Levin,J., Malboeuf,C., Qu,J., Ireland,A., Chapman,S.B., Murphy,C., Wortman,J., Nusbaum,C., Birren,B.",Broad Institute of MIT & Harvard,USA,6/30/14,WNV-1/US/BID-V7395/2003,Orthoflavivirus nilense,11033,complete,USA,USA,NA,Culex tarsalis,pooled insects,2003,Lineage_1
KJ501108,West Nile virus,GenBank,set:KJ501108,"Newman,R.M., Zody,M.C., Reisen,W., Ebel,G., Brault,A., Duggal,N., Poon,T.W., Charlebois,P., Weiner,B., Yang,X., Piper,M.E., Fitzgerald,M., McCowan,C., Young,S., Gargeya,S., Levin,J., Malboeuf,C., Qu,J., Ireland,A., Chapman,S.B., Murphy,C., Wortman,J., Nusbaum,C., Birren,B.",Broad Institute of MIT & Harvard,USA,6/30/14,WNV-1/US/BID-V7396/2007,Orthoflavivirus nilense,10946,complete,USA,USA,NA,Culex tarsalis,pooled insects,2007,Lineage_1
KJ501109,West Nile virus,GenBank,set:KJ501109,"Newman,R.M., Zody,M.C., Reisen,W., Ebel,G., Brault,A., Duggal,N., Poon,T.W., Charlebois,P., Weiner,B., Yang,X., Piper,M.E., Fitzgerald,M., McCowan,C., Young,S., Gargeya,S., Levin,J., Malboeuf,C., Qu,J., Ireland,A., Chapman,S.B., Murphy,C., Wortman,J., Nusbaum,C., Birren,B.",Broad Institute of MIT & Harvard,USA,6/30/14,WNV-1/US/BID-V7397/2008,Orthoflavivirus nilense,11031,complete,USA,USA,NA,Culex tarsalis,pooled insects,2008,Lineage_1
KJ501110,West Nile virus,GenBank,set:KJ501110,"Newman,R.M., Zody,M.C., Reisen,W., Ebel,G., Brault,A., Duggal,N., Poon,T.W., Charlebois,P., Weiner,B., Yang,X., Piper,M.E., Fitzgerald,M., McCowan,C., Young,S., Gargeya,S., Levin,J., Malboeuf,C., Qu,J., Ireland,A., Chapman,S.B., Murphy,C., Wortman,J., Nusbaum,C., Birren,B.",Broad Institute of MIT & Harvard,USA,6/30/14,WNV-1/US/BID-V7398/2009,Orthoflavivirus nilense,11033,complete,USA,USA,NA,Culex tarsalis,pooled insects,2009,Lineage_1
KJ501111,West Nile virus,GenBank,set:KJ501111,"Newman,R.M., Zody,M.C., Reisen,W., Ebel,G., Brault,A., Duggal,N., Poon,T.W., Charlebois,P., Weiner,B., Yang,X., Piper,M.E., Fitzgerald,M., McCowan,C., Young,S., Gargeya,S., Levin,J., Malboeuf,C., Qu,J., Ireland,A., Chapman,S.B., Murphy,C., Wortman,J., Nusbaum,C., Birren,B.",Broad Institute of MIT & Harvard,USA,6/30/14,WNV-1/US/BID-V7399/2009,Orthoflavivirus nilense,10966,complete,USA,USA,NA,Culex tarsalis,pooled insects,2009,Lineage_1
KJ501112,West Nile virus,GenBank,set:KJ501112,"Newman,R.M., Zody,M.C., Reisen,W., Ebel,G., Brault,A., Duggal,N., Poon,T.W., Charlebois,P., Weiner,B., Yang,X., Piper,M.E., Fitzgerald,M., McCowan,C., Young,S., Gargeya,S., Levin,J., Malboeuf,C., Qu,J., Ireland,A., Chapman,S.B., Murphy,C., Wortman,J., Nusbaum,C., Birren,B.",Broad Institute of MIT & Harvard,USA,6/30/14,WNV-1/US/BID-V7400/2007,Orthoflavivirus nilense,10467,complete,USA,USA,NA,Culex tarsalis,pooled insects,2007,Lineage_1
KJ501113,West Nile virus,GenBank,set:KJ501113,"Newman,R.M., Zody,M.C., Reisen,W., Ebel,G., Brault,A., Duggal,N., Poon,T.W., Charlebois,P., Weiner,B., Yang,X., Piper,M.E., Fitzgerald,M., McCowan,C., Young,S., Gargeya,S., Levin,J., Malboeuf,C., Qu,J., Ireland,A., Chapman,S.B., Murphy,C., Wortman,J., Nusbaum,C., Birren,B.",Broad Institute of MIT & Harvard,USA,6/30/14,WNV-1/US/BID-V7401/2008,Orthoflavivirus nilense,10912,complete,USA,USA,NA,Culex tarsalis,pooled insects,2008,Lineage_1
KJ501114,West Nile virus,GenBank,set:KJ501114,"Newman,R.M., Zody,M.C., Reisen,W., Ebel,G., Brault,A., Duggal,N., Poon,T.W., Charlebois,P., Weiner,B., Yang,X., Piper,M.E., Fitzgerald,M., McCowan,C., Young,S., Gargeya,S., Levin,J., Malboeuf,C., Qu,J., Ireland,A., Chapman,S.B., Murphy,C., Wortman,J., Nusbaum,C., Birren,B.",Broad Institute of MIT & Harvard,USA,6/30/14,WNV-1/US/BID-V7402/2007,Orthoflavivirus nilense,11033,complete,USA,USA,NA,Culex tarsalis,pooled insects,2007,Lineage_1
KJ501115,West Nile virus,GenBank,set:KJ501115,"Newman,R.M., Zody,M.C., Reisen,W., Ebel,G., Brault,A., Duggal,N., Poon,T.W., Charlebois,P., Weiner,B., Yang,X., Piper,M.E., Fitzgerald,M., McCowan,C., Young,S., Gargeya,S., Levin,J., Malboeuf,C., Qu,J., Ireland,A., Chapman,S.B., Murphy,C., Wortman,J., Nusbaum,C., Birren,B.",Broad Institute of MIT & Harvard,USA,6/30/14,WNV-1/US/BID-V7403/2005,Orthoflavivirus nilense,10988,complete,USA,USA,NA,Culex tarsalis,pooled insects,2005,Lineage_1
KJ501116,West Nile virus,GenBank,set:KJ501116,"Newman,R.M., Zody,M.C., Reisen,W., Ebel,G., Brault,A., Duggal,N., Poon,T.W., Charlebois,P., Weiner,B., Yang,X., Piper,M.E., Fitzgerald,M., McCowan,C., Young,S., Gargeya,S., Levin,J., Malboeuf,C., Qu,J., Ireland,A., Chapman,S.B., Murphy,C., Wortman,J., Nusbaum,C., Birren,B.",Broad Institute of MIT & Harvard,USA,6/30/14,WNV-1/US/BID-V7404/2008,Orthoflavivirus nilense,11005,complete,USA,USA,NA,Culex quinquefasciatus,pooled insects,2008,Lineage_1
KJ501119,West Nile virus,GenBank,set:KJ501119,"Newman,R.M., Zody,M.C., Reisen,W., Ebel,G., Brault,A., Duggal,N., Poon,T.W., Charlebois,P., Weiner,B., Yang,X., Piper,M.E., Fitzgerald,M., McCowan,C., Young,S., Gargeya,S., Levin,J., Malboeuf,C., Qu,J., Ireland,A., Chapman,S.B., Murphy,C., Wortman,J., Nusbaum,C., Birren,B.",Broad Institute of MIT & Harvard,USA,6/30/14,WNV-1/US/BID-V7407/2005,Orthoflavivirus nilense,11027,complete,USA,USA,NA,Culex tarsalis,pooled insects,2005,Lineage_1
KJ501123,West Nile virus,GenBank,set:KJ501123,"Newman,R.M., Zody,M.C., Reisen,W., Ebel,G., Brault,A., Duggal,N., Poon,T.W., Charlebois,P., Weiner,B., Yang,X., Piper,M.E., Fitzgerald,M., McCowan,C., Young,S., Gargeya,S., Levin,J., Malboeuf,C., Qu,J., Ireland,A., Chapman,S.B., Murphy,C., Wortman,J., Nusbaum,C., Birren,B.",Broad Institute of MIT & Harvard,USA,6/30/14,WNV-1/US/BID-V7411/2004,Orthoflavivirus nilense,11028,complete,USA,USA,NA,Culex tarsalis,pooled insects,2004,Lineage_1
KJ501125,West Nile virus,GenBank,set:KJ501125,"Newman,R.M., Zody,M.C., Reisen,W., Ebel,G., Brault,A., Duggal,N., Poon,T.W., Charlebois,P., Weiner,B., Yang,X., Piper,M.E., Fitzgerald,M., McCowan,C., Young,S., Gargeya,S., Levin,J., Malboeuf,C., Qu,J., Ireland,A., Chapman,S.B., Murphy,C., Wortman,J., Nusbaum,C., Birren,B.",Broad Institute of MIT & Harvard,USA,6/30/14,WNV-1/US/BID-V7414/2004,Orthoflavivirus nilense,11026,complete,USA,USA,NA,Culex tarsalis,pooled insects,2004,Lineage_1
KJ501126,West Nile virus,GenBank,set:KJ501126,"Newman,R.M., Zody,M.C., Reisen,W., Ebel,G., Brault,A., Duggal,N., Poon,T.W., Charlebois,P., Weiner,B., Yang,X., Piper,M.E., Fitzgerald,M., McCowan,C., Young,S., Gargeya,S., Levin,J., Malboeuf,C., Qu,J., Ireland,A., Chapman,S.B., Murphy,C., Wortman,J., Nusbaum,C., Birren,B.",Broad Institute of MIT & Harvard,USA,6/30/14,WNV-1/US/BID-V7415/2007,Orthoflavivirus nilense,10989,complete,USA,USA,NA,Culicidae,pooled insects,2007,Lineage_1
KJ501127,West Nile virus,GenBank,set:KJ501127,"Newman,R.M., Zody,M.C., Reisen,W., Ebel,G., Brault,A., Duggal,N., Poon,T.W., Charlebois,P., Weiner,B., Yang,X., Piper,M.E., Fitzgerald,M., McCowan,C., Young,S., Gargeya,S., Levin,J., Malboeuf,C., Qu,J., Ireland,A., Chapman,S.B., Murphy,C., Wortman,J., Nusbaum,C., Birren,B.",Broad Institute of MIT & Harvard,USA,6/30/14,WNV-1/US/BID-V7416/2008,Orthoflavivirus nilense,11014,complete,USA,USA,NA,Culicidae,pooled insects,2008,Lineage_1
KJ501128,West Nile virus,GenBank,set:KJ501128,"Newman,R.M., Zody,M.C., Reisen,W., Ebel,G., Brault,A., Duggal,N., Poon,T.W., Charlebois,P., Weiner,B., Yang,X., Piper,M.E., Fitzgerald,M., McCowan,C., Young,S., Gargeya,S., Levin,J., Malboeuf,C., Qu,J., Ireland,A., Chapman,S.B., Murphy,C., Wortman,J., Nusbaum,C., Birren,B.",Broad Institute of MIT & Harvard,USA,6/30/14,WNV-1/US/BID-V7417/2004,Orthoflavivirus nilense,10807,complete,USA,USA,NA,Culex quinquefasciatus,pooled insects,2004,Lineage_1
KJ501129,West Nile virus,GenBank,set:KJ501129,"Newman,R.M., Zody,M.C., Reisen,W., Ebel,G., Brault,A., Duggal,N., Poon,T.W., Charlebois,P., Weiner,B., Yang,X., Piper,M.E., Fitzgerald,M., McCowan,C., Young,S., Gargeya,S., Levin,J., Malboeuf,C., Qu,J., Ireland,A., Chapman,S.B., Murphy,C., Wortman,J., Nusbaum,C., Birren,B.",Broad Institute of MIT & Harvard,USA,6/30/14,WNV-1/US/BID-V7418/2004,Orthoflavivirus nilense,10898,complete,USA,USA,NA,Culex quinquefasciatus,pooled insects,2004,Lineage_1
KJ501130,West Nile virus,GenBank,set:KJ501130,"Newman,R.M., Zody,M.C., Reisen,W., Ebel,G., Brault,A., Duggal,N., Poon,T.W., Charlebois,P., Weiner,B., Yang,X., Piper,M.E., Fitzgerald,M., McCowan,C., Young,S., Gargeya,S., Levin,J., Malboeuf,C., Qu,J., Ireland,A., Chapman,S.B., Murphy,C., Wortman,J., Nusbaum,C., Birren,B.",Broad Institute of MIT & Harvard,USA,6/30/14,WNV-1/US/BID-V7419/2008,Orthoflavivirus nilense,11007,complete,USA,USA,NA,Culex quinquefasciatus,pooled insects,2008,Lineage_1
KJ501131,West Nile virus,GenBank,set:KJ501131,"Newman,R.M., Zody,M.C., Reisen,W., Ebel,G., Brault,A., Duggal,N., Poon,T.W., Charlebois,P., Weiner,B., Yang,X., Piper,M.E., Fitzgerald,M., McCowan,C., Young,S., Gargeya,S., Levin,J., Malboeuf,C., Qu,J., Ireland,A., Chapman,S.B., Murphy,C., Wortman,J., Nusbaum,C., Birren,B.",Broad Institute of MIT & Harvard,USA,6/30/14,WNV-1/US/BID-V7420/2004,Orthoflavivirus nilense,11028,complete,USA,USA,NA,Culex quinquefasciatus,pooled insects,2004,Lineage_1
KJ501132,West Nile virus,GenBank,set:KJ501132,"Newman,R.M., Zody,M.C., Reisen,W., Ebel,G., Brault,A., Duggal,N., Poon,T.W., Charlebois,P., Weiner,B., Yang,X., Piper,M.E., Fitzgerald,M., McCowan,C., Young,S., Gargeya,S., Levin,J., Malboeuf,C., Qu,J., Ireland,A., Chapman,S.B., Murphy,C., Wortman,J., Nusbaum,C., Birren,B.",Broad Institute of MIT & Harvard,USA,6/30/14,WNV-1/US/BID-V7421/2007,Orthoflavivirus nilense,10989,complete,USA,USA,NA,Culex quinquefasciatus,pooled insects,2007,Lineage_1
KJ501133,West Nile virus,GenBank,set:KJ501133,"Newman,R.M., Zody,M.C., Reisen,W., Ebel,G., Brault,A., Duggal,N., Poon,T.W., Charlebois,P., Weiner,B., Yang,X., Piper,M.E., Fitzgerald,M., McCowan,C., Young,S., Gargeya,S., Levin,J., Malboeuf,C., Qu,J., Ireland,A., Chapman,S.B., Murphy,C., Wortman,J., Nusbaum,C., Birren,B.",Broad Institute of MIT & Harvard,USA,6/30/14,WNV-1/US/BID-V7422/2008,Orthoflavivirus nilense,11033,complete,USA,USA,NA,Culex quinquefasciatus,pooled insects,2008,Lineage_1
KJ501134,West Nile virus,GenBank,set:KJ501134,"Newman,R.M., Zody,M.C., Reisen,W., Ebel,G., Brault,A., Duggal,N., Poon,T.W., Charlebois,P., Weiner,B., Yang,X., Piper,M.E., Fitzgerald,M., McCowan,C., Young,S., Gargeya,S., Levin,J., Malboeuf,C., Qu,J., Ireland,A., Chapman,S.B., Murphy,C., Wortman,J., Nusbaum,C., Birren,B.",Broad Institute of MIT & Harvard,USA,6/30/14,WNV-1/US/BID-V7423/2010,Orthoflavivirus nilense,11031,complete,USA,USA,NA,Culex quinquefasciatus,pooled insects,2010,Lineage_1
KJ501135,West Nile virus,GenBank,set:KJ501135,"Newman,R.M., Zody,M.C., Reisen,W., Ebel,G., Brault,A., Duggal,N., Poon,T.W., Charlebois,P., Weiner,B., Yang,X., Piper,M.E., Fitzgerald,M., McCowan,C., Young,S., Gargeya,S., Levin,J., Malboeuf,C., Qu,J., Ireland,A., Chapman,S.B., Murphy,C., Wortman,J., Nusbaum,C., Birren,B.",Broad Institute of MIT & Harvard,USA,6/30/14,WNV-1/US/BID-V7425/2010,Orthoflavivirus nilense,11029,complete,USA,USA,NA,Culex quinquefasciatus,pooled insects,2010,Lineage_1
KJ501136,West Nile virus,GenBank,set:KJ501136,"Newman,R.M., Zody,M.C., Reisen,W., Ebel,G., Brault,A., Duggal,N., Poon,T.W., Charlebois,P., Weiner,B., Yang,X., Piper,M.E., Fitzgerald,M., McCowan,C., Young,S., Gargeya,S., Levin,J., Malboeuf,C., Qu,J., Ireland,A., Chapman,S.B., Murphy,C., Wortman,J., Nusbaum,C., Birren,B.",Broad Institute of MIT & Harvard,USA,6/30/14,WNV-1/US/BID-V7426/2010,Orthoflavivirus nilense,10990,complete,USA,USA,NA,Culex quinquefasciatus,pooled insects,2010,Lineage_1
KJ501137,West Nile virus,GenBank,set:KJ501137,"Newman,R.M., Zody,M.C., Reisen,W., Ebel,G., Brault,A., Duggal,N., Poon,T.W., Charlebois,P., Weiner,B., Yang,X., Piper,M.E., Fitzgerald,M., McCowan,C., Young,S., Gargeya,S., Levin,J., Malboeuf,C., Qu,J., Ireland,A., Chapman,S.B., Murphy,C., Wortman,J., Nusbaum,C., Birren,B.",Broad Institute of MIT & Harvard,USA,6/30/14,WNV-1/US/BID-V7427/2011,Orthoflavivirus nilense,10984,complete,USA,USA,NA,Culex quinquefasciatus,pooled insects,2011,Lineage_1
KJ501138,West Nile virus,GenBank,set:KJ501138,"Newman,R.M., Zody,M.C., Reisen,W., Ebel,G., Brault,A., Duggal,N., Poon,T.W., Charlebois,P., Weiner,B., Yang,X., Piper,M.E., Fitzgerald,M., McCowan,C., Young,S., Gargeya,S., Levin,J., Malboeuf,C., Qu,J., Ireland,A., Chapman,S.B., Murphy,C., Wortman,J., Nusbaum,C., Birren,B.",Broad Institute of MIT & Harvard,USA,6/30/14,WNV-1/US/BID-V7428/2011,Orthoflavivirus nilense,11028,complete,USA,USA,NA,Culex quinquefasciatus,pooled insects,2011,Lineage_1
KJ501139,West Nile virus,GenBank,set:KJ501139,"Newman,R.M., Zody,M.C., Reisen,W., Ebel,G., Brault,A., Duggal,N., Poon,T.W., Charlebois,P., Weiner,B., Yang,X., Piper,M.E., Fitzgerald,M., McCowan,C., Young,S., Gargeya,S., Levin,J., Malboeuf,C., Qu,J., Ireland,A., Chapman,S.B., Murphy,C., Wortman,J., Nusbaum,C., Birren,B.",Broad Institute of MIT & Harvard,USA,6/30/14,WNV-1/US/BID-V7429/2011,Orthoflavivirus nilense,10894,complete,USA,USA,NA,Culex quinquefasciatus,pooled insects,2011,Lineage_1
KJ501140,West Nile virus,GenBank,set:KJ501140,"Newman,R.M., Zody,M.C., Reisen,W., Ebel,G., Brault,A., Duggal,N., Poon,T.W., Charlebois,P., Weiner,B., Yang,X., Piper,M.E., Fitzgerald,M., McCowan,C., Young,S., Gargeya,S., Levin,J., Malboeuf,C., Qu,J., Ireland,A., Chapman,S.B., Murphy,C., Wortman,J., Nusbaum,C., Birren,B.",Broad Institute of MIT & Harvard,USA,6/30/14,WNV-1/US/BID-V7430/2011,Orthoflavivirus nilense,11028,complete,USA,USA,NA,Culex quinquefasciatus,pooled insects,2011,Lineage_1
KJ501141,West Nile virus,GenBank,set:KJ501141,"Newman,R.M., Zody,M.C., Reisen,W., Ebel,G., Brault,A., Duggal,N., Poon,T.W., Charlebois,P., Weiner,B., Yang,X., Piper,M.E., Fitzgerald,M., McCowan,C., Young,S., Gargeya,S., Levin,J., Malboeuf,C., Qu,J., Ireland,A., Chapman,S.B., Murphy,C., Wortman,J., Nusbaum,C., Birren,B.",Broad Institute of MIT & Harvard,USA,6/30/14,WNV-1/US/BID-V7431/2011,Orthoflavivirus nilense,10951,complete,USA,USA,NA,Culex quinquefasciatus,pooled insects,2011,Lineage_1
KJ501142,West Nile virus,GenBank,set:KJ501142,"Newman,R.M., Zody,M.C., Reisen,W., Ebel,G., Brault,A., Duggal,N., Poon,T.W., Charlebois,P., Weiner,B., Yang,X., Piper,M.E., Fitzgerald,M., McCowan,C., Young,S., Gargeya,S., Levin,J., Malboeuf,C., Qu,J., Ireland,A., Chapman,S.B., Murphy,C., Wortman,J., Nusbaum,C., Birren,B.",Broad Institute of MIT & Harvard,USA,6/30/14,WNV-1/US/BID-V7432/2011,Orthoflavivirus nilense,11005,complete,USA,USA,NA,Culex stigmatosoma,pooled insects,2011,Lineage_1
KJ501143,West Nile virus,GenBank,set:KJ501143,"Newman,R.M., Zody,M.C., Reisen,W., Ebel,G., Brault,A., Duggal,N., Poon,T.W., Charlebois,P., Weiner,B., Yang,X., Piper,M.E., Fitzgerald,M., McCowan,C., Young,S., Gargeya,S., Levin,J., Malboeuf,C., Qu,J., Ireland,A., Chapman,S.B., Murphy,C., Wortman,J., Nusbaum,C., Birren,B.",Broad Institute of MIT & Harvard,USA,6/30/14,WNV-1/US/BID-V7433/2011,Orthoflavivirus nilense,11031,complete,USA,USA,NA,Culex quinquefasciatus,pooled insects,2011,Lineage_1
KJ501144,West Nile virus,GenBank,set:KJ501144,"Newman,R.M., Zody,M.C., Reisen,W., Ebel,G., Brault,A., Duggal,N., Poon,T.W., Charlebois,P., Weiner,B., Yang,X., Piper,M.E., Fitzgerald,M., McCowan,C., Young,S., Gargeya,S., Levin,J., Malboeuf,C., Qu,J., Ireland,A., Chapman,S.B., Murphy,C., Wortman,J., Nusbaum,C., Birren,B.",Broad Institute of MIT & Harvard,USA,6/30/14,WNV-1/US/BID-V7434/2011,Orthoflavivirus nilense,10894,complete,USA,USA,NA,Culex quinquefasciatus,pooled insects,2011,Lineage_1
KJ501146,West Nile virus,GenBank,set:KJ501146,"Newman,R.M., Zody,M.C., Reisen,W., Ebel,G., Brault,A., Duggal,N., Poon,T.W., Charlebois,P., Weiner,B., Yang,X., Piper,M.E., Fitzgerald,M., McCowan,C., Young,S., Gargeya,S., Levin,J., Malboeuf,C., Qu,J., Ireland,A., Chapman,S.B., Murphy,C., Wortman,J., Nusbaum,C., Birren,B.",Broad Institute of MIT & Harvard,USA,6/30/14,WNV-1/US/BID-V7436/2011,Orthoflavivirus nilense,10944,complete,USA,USA,NA,Culex quinquefasciatus,pooled insects,2011,Lineage_1
KJ501147,West Nile virus,GenBank,set:KJ501147,"Newman,R.M., Zody,M.C., Reisen,W., Ebel,G., Brault,A., Duggal,N., Poon,T.W., Charlebois,P., Weiner,B., Yang,X., Piper,M.E., Fitzgerald,M., McCowan,C., Young,S., Gargeya,S., Levin,J., Malboeuf,C., Qu,J., Ireland,A., Chapman,S.B., Murphy,C., Wortman,J., Nusbaum,C., Birren,B.",Broad Institute of MIT & Harvard,USA,6/30/14,WNV-1/US/BID-V7437/2008,Orthoflavivirus nilense,10865,complete,USA,USA,NA,Culex quinquefasciatus,pooled insects,2008,Lineage_1
KJ501148,West Nile virus,GenBank,set:KJ501148,"Newman,R.M., Zody,M.C., Reisen,W., Ebel,G., Brault,A., Duggal,N., Poon,T.W., Charlebois,P., Weiner,B., Yang,X., Piper,M.E., Fitzgerald,M., McCowan,C., Young,S., Gargeya,S., Levin,J., Malboeuf,C., Qu,J., Ireland,A., Chapman,S.B., Murphy,C., Wortman,J., Nusbaum,C., Birren,B.",Broad Institute of MIT & Harvard,USA,6/30/14,WNV-1/US/BID-V7438/2011,Orthoflavivirus nilense,11019,complete,USA,USA,NA,Culex stigmatosoma,pooled insects,2011,Lineage_1
KJ501149,West Nile virus,GenBank,set:KJ501149,"Newman,R.M., Zody,M.C., Reisen,W., Ebel,G., Brault,A., Duggal,N., Poon,T.W., Charlebois,P., Weiner,B., Yang,X., Piper,M.E., Fitzgerald,M., McCowan,C., Young,S., Gargeya,S., Levin,J., Malboeuf,C., Qu,J., Ireland,A., Chapman,S.B., Murphy,C., Wortman,J., Nusbaum,C., Birren,B.",Broad Institute of MIT & Harvard,USA,6/30/14,WNV-1/US/BID-V7441/2011,Orthoflavivirus nilense,11026,complete,USA,USA,NA,Culex quinquefasciatus,pooled insects,2011,Lineage_1
KJ501150,West Nile virus,GenBank,set:KJ501150,"Newman,R.M., Zody,M.C., Reisen,W., Ebel,G., Brault,A., Duggal,N., Poon,T.W., Charlebois,P., Weiner,B., Yang,X., Piper,M.E., Fitzgerald,M., McCowan,C., Young,S., Gargeya,S., Levin,J., Malboeuf,C., Qu,J., Ireland,A., Chapman,S.B., Murphy,C., Wortman,J., Nusbaum,C., Birren,B.",Broad Institute of MIT & Harvard,USA,6/30/14,WNV-1/US/BID-V7442/2011,Orthoflavivirus nilense,11033,complete,USA,USA,NA,Culex quinquefasciatus,pooled insects,2011,Lineage_1
KJ501168,West Nile virus,GenBank,set:KJ501168,"Newman,R.M., Zody,M.C., Reisen,W., Ebel,G., Brault,A., Duggal,N., Poon,T.W., Charlebois,P., Weiner,B., Yang,X., Piper,M.E., Fitzgerald,M., McCowan,C., Young,S., Gargeya,S., Levin,J., Malboeuf,C., Qu,J., Ireland,A., Chapman,S.B., Murphy,C., Wortman,J., Nusbaum,C., Birren,B.",Broad Institute of MIT & Harvard,USA,6/30/14,WNV-1/US/BID-V7463/2007,Orthoflavivirus nilense,11002,complete,USA,USA,NA,Culex quinquefasciatus,pooled insects,2007,Lineage_1
KJ501170,West Nile virus,GenBank,set:KJ501170,"Newman,R.M., Zody,M.C., Reisen,W., Ebel,G., Brault,A., Duggal,N., Poon,T.W., Charlebois,P., Weiner,B., Yang,X., Piper,M.E., Fitzgerald,M., McCowan,C., Young,S., Gargeya,S., Levin,J., Malboeuf,C., Qu,J., Ireland,A., Chapman,S.B., Murphy,C., Wortman,J., Nusbaum,C., Birren,B.",Broad Institute of MIT & Harvard,USA,6/30/14,WNV-1/US/BID-V7465/2011,Orthoflavivirus nilense,10457,complete,USA,USA,NA,Culex tarsalis,pooled insects,2011,Lineage_1
KJ501186,West Nile virus,GenBank,set:KJ501186,"Newman,R.M., Zody,M.C., Reisen,W., Ebel,G., Brault,A., Duggal,N., Poon,T.W., Charlebois,P., Weiner,B., Yang,X., Piper,M.E., Fitzgerald,M., McCowan,C., Young,S., Gargeya,S., Levin,J., Malboeuf,C., Qu,J., Ireland,A., Chapman,S.B., Murphy,C., Wortman,J., Nusbaum,C., Birren,B.",Broad Institute of MIT & Harvard,USA,6/30/14,WNV-1/US/BID-V7484/2005,Orthoflavivirus nilense,11005,complete,USA,USA,NA,Culex tarsalis,pooled insects,2005,Lineage_1
KJ501195,West Nile virus,GenBank,set:KJ501195,"Newman,R.M., Zody,M.C., Reisen,W., Ebel,G., Brault,A., Duggal,N., Poon,T.W., Charlebois,P., Weiner,B., Yang,X., Piper,M.E., Fitzgerald,M., McCowan,C., Young,S., Gargeya,S., Levin,J., Malboeuf,C., Qu,J., Ireland,A., Chapman,S.B., Murphy,C., Wortman,J., Nusbaum,C., Birren,B.",Broad Institute of MIT & Harvard,USA,6/30/14,WNV-1/US/BID-V7494/2011,Orthoflavivirus nilense,10977,complete,USA,USA,NA,Culex tarsalis,pooled insects,2007,Lineage_1
KJ501206,West Nile virus,GenBank,set:KJ501206,"Newman,R.M., Zody,M.C., Reisen,W., Ebel,G., Brault,A., Duggal,N., Poon,T.W., Charlebois,P., Weiner,B., Yang,X., Piper,M.E., Fitzgerald,M., McCowan,C., Young,S., Gargeya,S., Levin,J., Malboeuf,C., Qu,J., Ireland,A., Chapman,S.B., Murphy,C., Wortman,J., Nusbaum,C., Birren,B.",Broad Institute of MIT & Harvard,USA,6/30/14,WNV-1/US/BID-V7384/2008,Orthoflavivirus nilense,11012,complete,USA,USA,NA,Culex tarsalis,pooled insects,2008,Lineage_1
KJ501211,West Nile virus,GenBank,set:KJ501211,"Newman,R.M., Zody,M.C., Schurich,J., Ebel,G., Moore,C., Eisen,L., Sieke,S., Poon,T.W., Charlebois,P., Weiner,B., Yang,X., Piper,M.E., Fitzgerald,M., McCowan,C., Young,S., Gargeya,S., Levin,J., Malboeuf,C., Qu,J., Ireland,A., Chapman,S.B., Murphy,C., Wortman,J., Nusbaum,C., Birren,B.",Broad Institute of MIT & Harvard,USA,6/30/14,WNV-1/US/BID-V6584/2012,Orthoflavivirus nilense,10834,complete,USA,USA,NA,Culex tarsalis,pooled insects,2012,Lineage_1
KJ501214,West Nile virus,GenBank,set:KJ501214,"Newman,R.M., Zody,M.C., Schurich,J., Ebel,G., Moore,C., Eisen,L., Sieke,S., Poon,T.W., Charlebois,P., Weiner,B., Yang,X., Piper,M.E., Fitzgerald,M., McCowan,C., Young,S., Gargeya,S., Levin,J., Malboeuf,C., Qu,J., Ireland,A., Chapman,S.B., Murphy,C., Wortman,J., Nusbaum,C., Birren,B.",Broad Institute of MIT & Harvard,USA,6/30/14,WNV-1/US/BID-V6589/2012,Orthoflavivirus nilense,10891,complete,USA,USA,NA,Culex tarsalis,pooled insects,2012,Lineage_1
KJ501217,West Nile virus,GenBank,set:KJ501217,"Newman,R.M., Zody,M.C., Schurich,J., Ebel,G., Moore,C., Eisen,L., Sieke,S., Poon,T.W., Charlebois,P., Weiner,B., Yang,X., Piper,M.E., Fitzgerald,M., McCowan,C., Young,S., Gargeya,S., Levin,J., Malboeuf,C., Qu,J., Ireland,A., Chapman,S.B., Murphy,C., Wortman,J., Nusbaum,C., Birren,B.",Broad Institute of MIT & Harvard,USA,6/30/14,WNV-1/US/BID-V6597/2012,Orthoflavivirus nilense,10957,complete,USA,USA,NA,Culex tarsalis,pooled insects,2012,Lineage_1
KJ501218,West Nile virus,GenBank,set:KJ501218,"Newman,R.M., Zody,M.C., Schurich,J., Ebel,G., Moore,C., Eisen,L., Sieke,S., Poon,T.W., Charlebois,P., Weiner,B., Yang,X., Piper,M.E., Fitzgerald,M., McCowan,C., Young,S., Gargeya,S., Levin,J., Malboeuf,C., Qu,J., Ireland,A., Chapman,S.B., Murphy,C., Wortman,J., Nusbaum,C., Birren,B.",Broad Institute of MIT & Harvard,USA,6/30/14,WNV-1/US/BID-V6598/2012,Orthoflavivirus nilense,10557,complete,USA,USA,NA,Culex pipiens,pooled insects,2012,Lineage_1
KJ501220,West Nile virus,GenBank,set:KJ501220,"Newman,R.M., Zody,M.C., Schurich,J., Ebel,G., Moore,C., Eisen,L., Sieke,S., Poon,T.W., Charlebois,P., Weiner,B., Yang,X., Piper,M.E., Fitzgerald,M., McCowan,C., Young,S., Gargeya,S., Levin,J., Malboeuf,C., Qu,J., Ireland,A., Chapman,S.B., Murphy,C., Wortman,J., Nusbaum,C., Birren,B.",Broad Institute of MIT & Harvard,USA,6/30/14,WNV-1/US/BID-V6602/2012,Orthoflavivirus nilense,11010,complete,USA,USA,NA,Culex tarsalis,pooled insects,2012,Lineage_1
KJ501222,West Nile virus,GenBank,set:KJ501222,"Newman,R.M., Zody,M.C., Schurich,J., Ebel,G., Moore,C., Eisen,L., Sieke,S., Poon,T.W., Charlebois,P., Weiner,B., Yang,X., Piper,M.E., Fitzgerald,M., McCowan,C., Young,S., Gargeya,S., Levin,J., Malboeuf,C., Qu,J., Ireland,A., Chapman,S.B., Murphy,C., Wortman,J., Nusbaum,C., Birren,B.",Broad Institute of MIT & Harvard,USA,6/30/14,WNV-1/US/BID-V7773/2012,Orthoflavivirus nilense,11029,complete,USA,USA,NA,Culex,pooled insects,2012,Lineage_1
KJ501224,West Nile virus,GenBank,set:KJ501224,"Newman,R.M., Zody,M.C., Schurich,J., Ebel,G., Moore,C., Eisen,L., Sieke,S., Poon,T.W., Charlebois,P., Weiner,B., Yang,X., Piper,M.E., Fitzgerald,M., McCowan,C., Young,S., Gargeya,S., Levin,J., Malboeuf,C., Qu,J., Ireland,A., Chapman,S.B., Murphy,C., Wortman,J., Nusbaum,C., Birren,B.",Broad Institute of MIT & Harvard,USA,6/30/14,WNV-1/US/BID-V7788/2012,Orthoflavivirus nilense,11033,complete,USA,USA,NA,Culex tarsalis,pooled insects,2012,Lineage_1
KJ501225,West Nile virus,GenBank,set:KJ501225,"Newman,R.M., Zody,M.C., Schurich,J., Ebel,G., Moore,C., Eisen,L., Sieke,S., Poon,T.W., Charlebois,P., Weiner,B., Yang,X., Piper,M.E., Fitzgerald,M., McCowan,C., Young,S., Gargeya,S., Levin,J., Malboeuf,C., Qu,J., Ireland,A., Chapman,S.B., Murphy,C., Wortman,J., Nusbaum,C., Birren,B.",Broad Institute of MIT & Harvard,USA,6/30/14,WNV-1/US/BID-V7789/2012,Orthoflavivirus nilense,11014,complete,USA,USA,NA,Culex pipiens,pooled insects,2012,Lineage_1
KJ501226,West Nile virus,GenBank,set:KJ501226,"Newman,R.M., Zody,M.C., Schurich,J., Ebel,G., Moore,C., Eisen,L., Sieke,S., Poon,T.W., Charlebois,P., Weiner,B., Yang,X., Piper,M.E., Fitzgerald,M., McCowan,C., Young,S., Gargeya,S., Levin,J., Malboeuf,C., Qu,J., Ireland,A., Chapman,S.B., Murphy,C., Wortman,J., Nusbaum,C., Birren,B.",Broad Institute of MIT & Harvard,USA,6/30/14,WNV-1/US/BID-V7791/2012,Orthoflavivirus nilense,11033,complete,USA,USA,NA,Culex tarsalis,pooled insects,2012,Lineage_1
KJ501229,West Nile virus,GenBank,set:KJ501229,"Newman,R.M., Zody,M.C., Schurich,J., Ebel,G., Moore,C., Eisen,L., Sieke,S., Poon,T.W., Charlebois,P., Weiner,B., Yang,X., Piper,M.E., Fitzgerald,M., McCowan,C., Young,S., Gargeya,S., Levin,J., Malboeuf,C., Qu,J., Ireland,A., Chapman,S.B., Murphy,C., Wortman,J., Nusbaum,C., Birren,B.",Broad Institute of MIT & Harvard,USA,6/30/14,WNV-1/US/BID-V7795/2012,Orthoflavivirus nilense,11028,complete,USA,USA,NA,Culex tarsalis,pooled insects,2012,Lineage_1
KJ501230,West Nile virus,GenBank,set:KJ501230,"Newman,R.M., Zody,M.C., Schurich,J., Ebel,G., Moore,C., Eisen,L., Sieke,S., Poon,T.W., Charlebois,P., Weiner,B., Yang,X., Piper,M.E., Fitzgerald,M., McCowan,C., Young,S., Gargeya,S., Levin,J., Malboeuf,C., Qu,J., Ireland,A., Chapman,S.B., Murphy,C., Wortman,J., Nusbaum,C., Birren,B.",Broad Institute of MIT & Harvard,USA,6/30/14,WNV-1/US/BID-V7790/2012,Orthoflavivirus nilense,11029,complete,USA,USA,NA,Culex tarsalis,pooled insects,2012,Lineage_1
KJ501233,West Nile virus,GenBank,set:KJ501233,"Newman,R.M., Zody,M.C., Ip,H., Poon,T.W., Charlebois,P., Weiner,B., Yang,X., Piper,M.E., Fitzgerald,M., McCowan,C., Young,S., Gargeya,S., Levin,J., Malboeuf,C., Qu,J., Ireland,A., Chapman,S.B., Murphy,C., Wortman,J., Nusbaum,C., Birren,B.",Broad Institute of MIT & Harvard,USA,6/30/14,WNV-1/US/BID-V6173/2001,Orthoflavivirus nilense,10957,complete,USA,USA,NA,Cyanocitta cristata,"kidney, spleen, abdominal cavity",2001,Lineage_1
KJ501234,West Nile virus,GenBank,set:KJ501234,"Newman,R.M., Zody,M.C., Ip,H., Poon,T.W., Charlebois,P., Weiner,B., Yang,X., Piper,M.E., Fitzgerald,M., McCowan,C., Young,S., Gargeya,S., Levin,J., Malboeuf,C., Qu,J., Ireland,A., Chapman,S.B., Murphy,C., Wortman,J., Nusbaum,C., Birren,B.",Broad Institute of MIT & Harvard,USA,6/30/14,WNV-1/US/BID-V6175/2001,Orthoflavivirus nilense,11028,complete,USA,USA,NA,Cyanocitta cristata,"kidney, spleen, abdominal cavity",2001,Lineage_1
KJ501235,West Nile virus,GenBank,set:KJ501235,"Newman,R.M., Zody,M.C., Ip,H., Poon,T.W., Charlebois,P., Weiner,B., Yang,X., Piper,M.E., Fitzgerald,M., McCowan,C., Young,S., Gargeya,S., Levin,J., Malboeuf,C., Qu,J., Ireland,A., Chapman,S.B., Murphy,C., Wortman,J., Nusbaum,C., Birren,B.",Broad Institute of MIT & Harvard,USA,6/30/14,WNV-1/US/BID-V6176/2001,Orthoflavivirus nilense,10913,complete,USA,USA,NA,Cyanocitta cristata,"kidney, spleen, abdominal cavity",2001,Lineage_1
KJ501237,West Nile virus,GenBank,set:KJ501237,"Newman,R.M., Zody,M.C., Ip,H., Poon,T.W., Charlebois,P., Weiner,B., Yang,X., Piper,M.E., Fitzgerald,M., McCowan,C., Young,S., Gargeya,S., Levin,J., Malboeuf,C., Qu,J., Ireland,A., Chapman,S.B., Murphy,C., Wortman,J., Nusbaum,C., Birren,B.",Broad Institute of MIT & Harvard,USA,6/30/14,WNV-1/US/BID-V6178/2008,Orthoflavivirus nilense,11028,complete,USA,USA,NA,Pelecanus erythrorhynchos,brain,2008,Lineage_1
KJ501238,West Nile virus,GenBank,set:KJ501238,"Newman,R.M., Zody,M.C., Ip,H., Poon,T.W., Charlebois,P., Weiner,B., Yang,X., Piper,M.E., Fitzgerald,M., McCowan,C., Young,S., Gargeya,S., Levin,J., Malboeuf,C., Qu,J., Ireland,A., Chapman,S.B., Murphy,C., Wortman,J., Nusbaum,C., Birren,B.",Broad Institute of MIT & Harvard,USA,6/30/14,WNV-1/US/BID-V6179/2008,Orthoflavivirus nilense,11026,complete,USA,USA,NA,Larus delawarensis,brain,2008,Lineage_1
KJ501239,West Nile virus,GenBank,set:KJ501239,"Newman,R.M., Zody,M.C., Ip,H., Poon,T.W., Charlebois,P., Weiner,B., Yang,X., Piper,M.E., Fitzgerald,M., McCowan,C., Young,S., Gargeya,S., Levin,J., Malboeuf,C., Qu,J., Ireland,A., Chapman,S.B., Murphy,C., Wortman,J., Nusbaum,C., Birren,B.",Broad Institute of MIT & Harvard,USA,6/30/14,WNV-1/US/BID-V6182/2008,Orthoflavivirus nilense,10445,complete,USA,USA,NA,Phalacrocorax auritus,brain,2008,Lineage_1
KJ501240,West Nile virus,GenBank,set:KJ501240,"Newman,R.M., Zody,M.C., Ip,H., Poon,T.W., Charlebois,P., Weiner,B., Yang,X., Piper,M.E., Fitzgerald,M., McCowan,C., Young,S., Gargeya,S., Levin,J., Malboeuf,C., Qu,J., Ireland,A., Chapman,S.B., Murphy,C., Wortman,J., Nusbaum,C., Birren,B.",Broad Institute of MIT & Harvard,USA,6/30/14,WNV-1/US/BID-V6183/2008,Orthoflavivirus nilense,10979,complete,USA,USA,NA,Phalacrocorax auritus,feather,2008,Lineage_1
KJ501241,West Nile virus,GenBank,set:KJ501241,"Newman,R.M., Zody,M.C., Ip,H., Poon,T.W., Charlebois,P., Weiner,B., Yang,X., Piper,M.E., Fitzgerald,M., McCowan,C., Young,S., Gargeya,S., Levin,J., Malboeuf,C., Qu,J., Ireland,A., Chapman,S.B., Murphy,C., Wortman,J., Nusbaum,C., Birren,B.",Broad Institute of MIT & Harvard,USA,6/30/14,WNV-1/US/BID-V6184/2009,Orthoflavivirus nilense,10975,complete,USA,USA,NA,Pelecanus erythrorhynchos,feather,2009,Lineage_1
KJ501242,West Nile virus,GenBank,set:KJ501242,"Newman,R.M., Zody,M.C., Ip,H., Poon,T.W., Charlebois,P., Weiner,B., Yang,X., Piper,M.E., Fitzgerald,M., McCowan,C., Young,S., Gargeya,S., Levin,J., Malboeuf,C., Qu,J., Ireland,A., Chapman,S.B., Murphy,C., Wortman,J., Nusbaum,C., Birren,B.",Broad Institute of MIT & Harvard,USA,6/30/14,WNV-1/US/BID-V6185/2010,Orthoflavivirus nilense,10896,complete,USA,USA,NA,Pelecanus erythrorhynchos,brain,2010,Lineage_1
KJ501243,West Nile virus,GenBank,set:KJ501243,"Newman,R.M., Zody,M.C., Ip,H., Poon,T.W., Charlebois,P., Weiner,B., Yang,X., Piper,M.E., Fitzgerald,M., McCowan,C., Young,S., Gargeya,S., Levin,J., Malboeuf,C., Qu,J., Ireland,A., Chapman,S.B., Murphy,C., Wortman,J., Nusbaum,C., Birren,B.",Broad Institute of MIT & Harvard,USA,6/30/14,WNV-1/US/BID-V6187/2001,Orthoflavivirus nilense,10979,complete,USA,USA,NA,Corvus brachyrhynchos,"kidney, spleen, abdominal cavity",2001,Lineage_1
KJ501245,West Nile virus,GenBank,set:KJ501245,"Newman,R.M., Zody,M.C., Ip,H., Poon,T.W., Charlebois,P., Weiner,B., Yang,X., Piper,M.E., Fitzgerald,M., McCowan,C., Young,S., Gargeya,S., Levin,J., Malboeuf,C., Qu,J., Ireland,A., Chapman,S.B., Murphy,C., Wortman,J., Nusbaum,C., Birren,B.",Broad Institute of MIT & Harvard,USA,6/30/14,WNV-1/US/BID-V6189/2001,Orthoflavivirus nilense,10979,complete,USA,USA,NA,Corvus brachyrhynchos,"kidney, spleen, abdominal cavity",2001,Lineage_1
KJ501247,West Nile virus,GenBank,set:KJ501247,"Newman,R.M., Zody,M.C., Ip,H., Poon,T.W., Charlebois,P., Weiner,B., Yang,X., Piper,M.E., Fitzgerald,M., McCowan,C., Young,S., Gargeya,S., Levin,J., Malboeuf,C., Qu,J., Ireland,A., Chapman,S.B., Murphy,C., Wortman,J., Nusbaum,C., Birren,B.",Broad Institute of MIT & Harvard,USA,6/30/14,WNV-1/US/BID-V6191/2001,Orthoflavivirus nilense,10957,complete,USA,USA,NA,Corvus brachyrhynchos,"kidney, spleen, abdominal cavity",2001,Lineage_1
KJ501248,West Nile virus,GenBank,set:KJ501248,"Newman,R.M., Zody,M.C., Ip,H., Poon,T.W., Charlebois,P., Weiner,B., Yang,X., Piper,M.E., Fitzgerald,M., McCowan,C., Young,S., Gargeya,S., Levin,J., Malboeuf,C., Qu,J., Ireland,A., Chapman,S.B., Murphy,C., Wortman,J., Nusbaum,C., Birren,B.",Broad Institute of MIT & Harvard,USA,6/30/14,WNV-1/US/BID-V6192/2001,Orthoflavivirus nilense,10966,complete,USA,USA,NA,Corvus brachyrhynchos,"kidney, spleen, abdominal cavity",2001,Lineage_1
KJ501249,West Nile virus,GenBank,set:KJ501249,"Newman,R.M., Zody,M.C., Ip,H., Poon,T.W., Charlebois,P., Weiner,B., Yang,X., Piper,M.E., Fitzgerald,M., McCowan,C., Young,S., Gargeya,S., Levin,J., Malboeuf,C., Qu,J., Ireland,A., Chapman,S.B., Murphy,C., Wortman,J., Nusbaum,C., Birren,B.",Broad Institute of MIT & Harvard,USA,6/30/14,WNV-1/US/BID-V6193/2001,Orthoflavivirus nilense,10977,complete,USA,USA,NA,Corvus brachyrhynchos,"kidney, spleen, abdominal cavity",2001,Lineage_1
KJ501250,West Nile virus,GenBank,set:KJ501250,"Newman,R.M., Zody,M.C., Ip,H., Poon,T.W., Charlebois,P., Weiner,B., Yang,X., Piper,M.E., Fitzgerald,M., McCowan,C., Young,S., Gargeya,S., Levin,J., Malboeuf,C., Qu,J., Ireland,A., Chapman,S.B., Murphy,C., Wortman,J., Nusbaum,C., Birren,B.",Broad Institute of MIT & Harvard,USA,6/30/14,WNV-1/US/BID-V6196/2009,Orthoflavivirus nilense,10940,complete,USA,USA,NA,Pelecanus erythrorhynchos,feather,2009,Lineage_1
KJ501251,West Nile virus,GenBank,set:KJ501251,"Newman,R.M., Zody,M.C., Ip,H., Poon,T.W., Charlebois,P., Weiner,B., Yang,X., Piper,M.E., Fitzgerald,M., McCowan,C., Young,S., Gargeya,S., Levin,J., Malboeuf,C., Qu,J., Ireland,A., Chapman,S.B., Murphy,C., Wortman,J., Nusbaum,C., Birren,B.",Broad Institute of MIT & Harvard,USA,6/30/14,WNV-1/US/BID-V6197/2009,Orthoflavivirus nilense,11029,complete,USA,USA,NA,Corvus brachyrhynchos,feather,2009,Lineage_1
KJ501253,West Nile virus,GenBank,set:KJ501253,"Newman,R.M., Zody,M.C., Ip,H., Poon,T.W., Charlebois,P., Weiner,B., Yang,X., Piper,M.E., Fitzgerald,M., McCowan,C., Young,S., Gargeya,S., Levin,J., Malboeuf,C., Qu,J., Ireland,A., Chapman,S.B., Murphy,C., Wortman,J., Nusbaum,C., Birren,B.",Broad Institute of MIT & Harvard,USA,6/30/14,WNV-1/US/BID-V6200/2008,Orthoflavivirus nilense,10979,complete,USA,USA,NA,Sternula antillarum,"kidney, spleen, abdominal cavity",2008,Lineage_1
KJ501254,West Nile virus,GenBank,set:KJ501254,"Newman,R.M., Zody,M.C., Ip,H., Poon,T.W., Charlebois,P., Weiner,B., Yang,X., Piper,M.E., Fitzgerald,M., McCowan,C., Young,S., Gargeya,S., Levin,J., Malboeuf,C., Qu,J., Ireland,A., Chapman,S.B., Murphy,C., Wortman,J., Nusbaum,C., Birren,B.",Broad Institute of MIT & Harvard,USA,6/30/14,WNV-1/US/BID-V6203/2008,Orthoflavivirus nilense,10979,complete,USA,USA,NA,Branta canadensis,feather,2008,Lineage_1
KJ501255,West Nile virus,GenBank,set:KJ501255,"Newman,R.M., Zody,M.C., Ip,H., Poon,T.W., Charlebois,P., Weiner,B., Yang,X., Piper,M.E., Fitzgerald,M., McCowan,C., Young,S., Gargeya,S., Levin,J., Malboeuf,C., Qu,J., Ireland,A., Chapman,S.B., Murphy,C., Wortman,J., Nusbaum,C., Birren,B.",Broad Institute of MIT & Harvard,USA,6/30/14,WNV-1/US/BID-V6204/2008,Orthoflavivirus nilense,10929,complete,USA,USA,NA,Pelecanus erythrorhynchos,feather,2008,Lineage_1
KJ501256,West Nile virus,GenBank,set:KJ501256,"Newman,R.M., Zody,M.C., Ip,H., Poon,T.W., Charlebois,P., Weiner,B., Yang,X., Piper,M.E., Fitzgerald,M., McCowan,C., Young,S., Gargeya,S., Levin,J., Malboeuf,C., Qu,J., Ireland,A., Chapman,S.B., Murphy,C., Wortman,J., Nusbaum,C., Birren,B.",Broad Institute of MIT & Harvard,USA,6/30/14,WNV-1/US/BID-V6207/2009,Orthoflavivirus nilense,10979,complete,USA,USA,NA,Pelecanus erythrorhynchos,"kidney, spleen, abdominal cavity",2009,Lineage_1
KJ501257,West Nile virus,GenBank,set:KJ501257,"Newman,R.M., Zody,M.C., Ip,H., Poon,T.W., Charlebois,P., Weiner,B., Yang,X., Piper,M.E., Fitzgerald,M., McCowan,C., Young,S., Gargeya,S., Levin,J., Malboeuf,C., Qu,J., Ireland,A., Chapman,S.B., Murphy,C., Wortman,J., Nusbaum,C., Birren,B.",Broad Institute of MIT & Harvard,USA,6/30/14,WNV-1/US/BID-V6208/2002,Orthoflavivirus nilense,11032,complete,USA,USA,NA,Corvus brachyrhynchos,"kidney, spleen, abdominal cavity",2002,Lineage_1
KJ501258,West Nile virus,GenBank,set:KJ501258,"Newman,R.M., Zody,M.C., Ip,H., Poon,T.W., Charlebois,P., Weiner,B., Yang,X., Piper,M.E., Fitzgerald,M., McCowan,C., Young,S., Gargeya,S., Levin,J., Malboeuf,C., Qu,J., Ireland,A., Chapman,S.B., Murphy,C., Wortman,J., Nusbaum,C., Birren,B.",Broad Institute of MIT & Harvard,USA,6/30/14,WNV-1/US/BID-V6209/2007,Orthoflavivirus nilense,10979,complete,USA,USA,NA,Sternula antillarum,feather,2007,Lineage_1
KJ501259,West Nile virus,GenBank,set:KJ501259,"Newman,R.M., Zody,M.C., Ip,H., Poon,T.W., Charlebois,P., Weiner,B., Yang,X., Piper,M.E., Fitzgerald,M., McCowan,C., Young,S., Gargeya,S., Levin,J., Malboeuf,C., Qu,J., Ireland,A., Chapman,S.B., Murphy,C., Wortman,J., Nusbaum,C., Birren,B.",Broad Institute of MIT & Harvard,USA,6/30/14,WNV-1/US/BID-V6210/2008,Orthoflavivirus nilense,10951,complete,USA,USA,NA,Sternula antillarum,feather,2008,Lineage_1
KJ501260,West Nile virus,GenBank,set:KJ501260,"Newman,R.M., Zody,M.C., Ip,H., Poon,T.W., Charlebois,P., Weiner,B., Yang,X., Piper,M.E., Fitzgerald,M., McCowan,C., Young,S., Gargeya,S., Levin,J., Malboeuf,C., Qu,J., Ireland,A., Chapman,S.B., Murphy,C., Wortman,J., Nusbaum,C., Birren,B.",Broad Institute of MIT & Harvard,USA,6/30/14,WNV-1/US/BID-V6211/2008,Orthoflavivirus nilense,10959,complete,USA,USA,NA,Pelecanus erythrorhynchos,feather,2008,Lineage_1
KJ501263,West Nile virus,GenBank,set:KJ501263,"Newman,R.M., Zody,M.C., Ip,H., Poon,T.W., Charlebois,P., Weiner,B., Yang,X., Piper,M.E., Fitzgerald,M., McCowan,C., Young,S., Gargeya,S., Levin,J., Malboeuf,C., Qu,J., Ireland,A., Chapman,S.B., Murphy,C., Wortman,J., Nusbaum,C., Birren,B.",Broad Institute of MIT & Harvard,USA,6/30/14,WNV-1/US/BID-V6372/2002,Orthoflavivirus nilense,11029,complete,USA,USA,NA,Cyanocitta cristata,"kidney, spleen, abdominal cavity",2002,Lineage_1
KJ501264,West Nile virus,GenBank,set:KJ501264,"Newman,R.M., Zody,M.C., Ip,H., Poon,T.W., Charlebois,P., Weiner,B., Yang,X., Piper,M.E., Fitzgerald,M., McCowan,C., Young,S., Gargeya,S., Levin,J., Malboeuf,C., Qu,J., Ireland,A., Chapman,S.B., Murphy,C., Wortman,J., Nusbaum,C., Birren,B.",Broad Institute of MIT & Harvard,USA,6/30/14,WNV-1/US/BID-V6374/2001,Orthoflavivirus nilense,10979,complete,USA,USA,NA,Cyanocitta cristata,"kidney, spleen, abdominal cavity",2001,Lineage_1
KJ501265,West Nile virus,GenBank,set:KJ501265,"Newman,R.M., Zody,M.C., Ip,H., Poon,T.W., Charlebois,P., Weiner,B., Yang,X., Piper,M.E., Fitzgerald,M., McCowan,C., Young,S., Gargeya,S., Levin,J., Malboeuf,C., Qu,J., Ireland,A., Chapman,S.B., Murphy,C., Wortman,J., Nusbaum,C., Birren,B.",Broad Institute of MIT & Harvard,USA,6/30/14,WNV-1/US/BID-V6375/2002,Orthoflavivirus nilense,11034,complete,USA,USA,NA,Cyanocitta cristata,"kidney, spleen, abdominal cavity",2002,Lineage_1
KJ501267,West Nile virus,GenBank,set:KJ501267,"Newman,R.M., Zody,M.C., Ip,H., Poon,T.W., Charlebois,P., Weiner,B., Yang,X., Piper,M.E., Fitzgerald,M., McCowan,C., Young,S., Gargeya,S., Levin,J., Malboeuf,C., Qu,J., Ireland,A., Chapman,S.B., Murphy,C., Wortman,J., Nusbaum,C., Birren,B.",Broad Institute of MIT & Harvard,USA,6/30/14,WNV-1/US/BID-V6378/2005,Orthoflavivirus nilense,10968,complete,USA,USA,NA,Pelecanus erythrorhynchos,brain,2005,Lineage_1
KJ501268,West Nile virus,GenBank,set:KJ501268,"Newman,R.M., Zody,M.C., Ip,H., Poon,T.W., Charlebois,P., Weiner,B., Yang,X., Piper,M.E., Fitzgerald,M., McCowan,C., Young,S., Gargeya,S., Levin,J., Malboeuf,C., Qu,J., Ireland,A., Chapman,S.B., Murphy,C., Wortman,J., Nusbaum,C., Birren,B.",Broad Institute of MIT & Harvard,USA,6/30/14,WNV-1/US/BID-V6379/2001,Orthoflavivirus nilense,10984,complete,USA,USA,NA,Falco,"kidney, spleen, abdominal cavity",2001,Lineage_1
KJ501269,West Nile virus,GenBank,set:KJ501269,"Newman,R.M., Zody,M.C., Ip,H., Poon,T.W., Charlebois,P., Weiner,B., Yang,X., Piper,M.E., Fitzgerald,M., McCowan,C., Young,S., Gargeya,S., Levin,J., Malboeuf,C., Qu,J., Ireland,A., Chapman,S.B., Murphy,C., Wortman,J., Nusbaum,C., Birren,B.",Broad Institute of MIT & Harvard,USA,6/30/14,WNV-1/US/BID-V6380/2001,Orthoflavivirus nilense,10989,complete,USA,USA,NA,Falco sparverius,"kidney, spleen, abdominal cavity",2001,Lineage_1
KJ501270,West Nile virus,GenBank,set:KJ501270,"Newman,R.M., Zody,M.C., Ip,H., Poon,T.W., Charlebois,P., Weiner,B., Yang,X., Piper,M.E., Fitzgerald,M., McCowan,C., Young,S., Gargeya,S., Levin,J., Malboeuf,C., Qu,J., Ireland,A., Chapman,S.B., Murphy,C., Wortman,J., Nusbaum,C., Birren,B.",Broad Institute of MIT & Harvard,USA,6/30/14,WNV-1/US/BID-V6382/2002,Orthoflavivirus nilense,10979,complete,USA,USA,NA,Cyanocitta cristata,"kidney, spleen, abdominal cavity",2002,Lineage_1
KJ501271,West Nile virus,GenBank,set:KJ501271,"Newman,R.M., Zody,M.C., Ip,H., Poon,T.W., Charlebois,P., Weiner,B., Yang,X., Piper,M.E., Fitzgerald,M., McCowan,C., Young,S., Gargeya,S., Levin,J., Malboeuf,C., Qu,J., Ireland,A., Chapman,S.B., Murphy,C., Wortman,J., Nusbaum,C., Birren,B.",Broad Institute of MIT & Harvard,USA,6/30/14,WNV-1/US/BID-V6384/2003,Orthoflavivirus nilense,10978,complete,USA,USA,NA,Bubo virginianus,"kidney, spleen, abdominal cavity",2003,Lineage_1
KJ501272,West Nile virus,GenBank,set:KJ501272,"Newman,R.M., Zody,M.C., Ip,H., Poon,T.W., Charlebois,P., Weiner,B., Yang,X., Piper,M.E., Fitzgerald,M., McCowan,C., Young,S., Gargeya,S., Levin,J., Malboeuf,C., Qu,J., Ireland,A., Chapman,S.B., Murphy,C., Wortman,J., Nusbaum,C., Birren,B.",Broad Institute of MIT & Harvard,USA,6/30/14,WNV-1/US/BID-V6387/2003,Orthoflavivirus nilense,10957,complete,USA,USA,NA,Cyanocitta cristata,"kidney, spleen, abdominal cavity",2003,Lineage_1
KJ501273,West Nile virus,GenBank,set:KJ501273,"Newman,R.M., Zody,M.C., Ip,H., Poon,T.W., Charlebois,P., Weiner,B., Yang,X., Piper,M.E., Fitzgerald,M., McCowan,C., Young,S., Gargeya,S., Levin,J., Malboeuf,C., Qu,J., Ireland,A., Chapman,S.B., Murphy,C., Wortman,J., Nusbaum,C., Birren,B.",Broad Institute of MIT & Harvard,USA,6/30/14,WNV-1/US/BID-V6389/2003,Orthoflavivirus nilense,10997,complete,USA,USA,NA,Cyanocitta cristata,"kidney, spleen, abdominal cavity",2003,Lineage_1
KJ501274,West Nile virus,GenBank,set:KJ501274,"Newman,R.M., Zody,M.C., Ip,H., Poon,T.W., Charlebois,P., Weiner,B., Yang,X., Piper,M.E., Fitzgerald,M., McCowan,C., Young,S., Gargeya,S., Levin,J., Malboeuf,C., Qu,J., Ireland,A., Chapman,S.B., Murphy,C., Wortman,J., Nusbaum,C., Birren,B.",Broad Institute of MIT & Harvard,USA,6/30/14,WNV-1/US/BID-V6390/2001,Orthoflavivirus nilense,10953,complete,USA,USA,NA,Corvus brachyrhynchos,"kidney, spleen, abdominal cavity",2001,Lineage_1
KJ501275,West Nile virus,GenBank,set:KJ501275,"Newman,R.M., Zody,M.C., Ip,H., Poon,T.W., Charlebois,P., Weiner,B., Yang,X., Piper,M.E., Fitzgerald,M., McCowan,C., Young,S., Gargeya,S., Levin,J., Malboeuf,C., Qu,J., Ireland,A., Chapman,S.B., Murphy,C., Wortman,J., Nusbaum,C., Birren,B.",Broad Institute of MIT & Harvard,USA,6/30/14,WNV-1/US/BID-V6391/2001,Orthoflavivirus nilense,10989,complete,USA,USA,NA,Corvus brachyrhynchos,"kidney, spleen, abdominal cavity",2001,Lineage_1
KJ501276,West Nile virus,GenBank,set:KJ501276,"Newman,R.M., Zody,M.C., Ip,H., Poon,T.W., Charlebois,P., Weiner,B., Yang,X., Piper,M.E., Fitzgerald,M., McCowan,C., Young,S., Gargeya,S., Levin,J., Malboeuf,C., Qu,J., Ireland,A., Chapman,S.B., Murphy,C., Wortman,J., Nusbaum,C., Birren,B.",Broad Institute of MIT & Harvard,USA,6/30/14,WNV-1/US/BID-V6392/2002,Orthoflavivirus nilense,10917,complete,USA,USA,NA,Bubo virginianus,"kidney, spleen, abdominal cavity",2002,Lineage_1
KJ501277,West Nile virus,GenBank,set:KJ501277,"Newman,R.M., Zody,M.C., Ip,H., Poon,T.W., Charlebois,P., Weiner,B., Yang,X., Piper,M.E., Fitzgerald,M., McCowan,C., Young,S., Gargeya,S., Levin,J., Malboeuf,C., Qu,J., Ireland,A., Chapman,S.B., Murphy,C., Wortman,J., Nusbaum,C., Birren,B.",Broad Institute of MIT & Harvard,USA,6/30/14,WNV-1/US/BID-V6394/2001,Orthoflavivirus nilense,10979,complete,USA,USA,NA,Corvus brachyrhynchos,"kidney, spleen, abdominal cavity",2001,Lineage_1
KJ501278,West Nile virus,GenBank,set:KJ501278,"Newman,R.M., Zody,M.C., Ip,H., Poon,T.W., Charlebois,P., Weiner,B., Yang,X., Piper,M.E., Fitzgerald,M., McCowan,C., Young,S., Gargeya,S., Levin,J., Malboeuf,C., Qu,J., Ireland,A., Chapman,S.B., Murphy,C., Wortman,J., Nusbaum,C., Birren,B.",Broad Institute of MIT & Harvard,USA,6/30/14,WNV-1/US/BID-V6396/2001,Orthoflavivirus nilense,10978,complete,USA,USA,NA,Corvus brachyrhynchos,"kidney, spleen, abdominal cavity",2001,Lineage_1
KJ501279,West Nile virus,GenBank,set:KJ501279,"Newman,R.M., Zody,M.C., Ip,H., Poon,T.W., Charlebois,P., Weiner,B., Yang,X., Piper,M.E., Fitzgerald,M., McCowan,C., Young,S., Gargeya,S., Levin,J., Malboeuf,C., Qu,J., Ireland,A., Chapman,S.B., Murphy,C., Wortman,J., Nusbaum,C., Birren,B.",Broad Institute of MIT & Harvard,USA,6/30/14,WNV-1/US/BID-V6401/2002,Orthoflavivirus nilense,11029,complete,USA,USA,NA,Cyanocitta cristata,"kidney, spleen, abdominal cavity",2002,Lineage_1
KJ501280,West Nile virus,GenBank,set:KJ501280,"Newman,R.M., Zody,M.C., Ip,H., Poon,T.W., Charlebois,P., Weiner,B., Yang,X., Piper,M.E., Fitzgerald,M., McCowan,C., Young,S., Gargeya,S., Levin,J., Malboeuf,C., Qu,J., Ireland,A., Chapman,S.B., Murphy,C., Wortman,J., Nusbaum,C., Birren,B.",Broad Institute of MIT & Harvard,USA,6/30/14,WNV-1/US/BID-V6403/2003,Orthoflavivirus nilense,10988,complete,USA,USA,NA,Corvus brachyrhynchos,feather,2003,Lineage_1
KJ501281,West Nile virus,GenBank,set:KJ501281,"Newman,R.M., Zody,M.C., Ip,H., Poon,T.W., Charlebois,P., Weiner,B., Yang,X., Piper,M.E., Fitzgerald,M., McCowan,C., Young,S., Gargeya,S., Levin,J., Malboeuf,C., Qu,J., Ireland,A., Chapman,S.B., Murphy,C., Wortman,J., Nusbaum,C., Birren,B.",Broad Institute of MIT & Harvard,USA,6/30/14,WNV-1/US/BID-V6404/2002,Orthoflavivirus nilense,10976,complete,USA,USA,NA,Cyanocitta cristata,"kidney, spleen, abdominal cavity",2002,Lineage_1
KJ501282,West Nile virus,GenBank,set:KJ501282,"Newman,R.M., Zody,M.C., Ip,H., Poon,T.W., Charlebois,P., Weiner,B., Yang,X., Piper,M.E., Fitzgerald,M., McCowan,C., Young,S., Gargeya,S., Levin,J., Malboeuf,C., Qu,J., Ireland,A., Chapman,S.B., Murphy,C., Wortman,J., Nusbaum,C., Birren,B.",Broad Institute of MIT & Harvard,USA,6/30/14,WNV-1/US/BID-V6406/2001,Orthoflavivirus nilense,10991,complete,USA,USA,NA,Bubo virginianus,"kidney, spleen, abdominal cavity",2001,Lineage_1
KJ501283,West Nile virus,GenBank,set:KJ501283,"Newman,R.M., Zody,M.C., Ip,H., Poon,T.W., Charlebois,P., Weiner,B., Yang,X., Piper,M.E., Fitzgerald,M., McCowan,C., Young,S., Gargeya,S., Levin,J., Malboeuf,C., Qu,J., Ireland,A., Chapman,S.B., Murphy,C., Wortman,J., Nusbaum,C., Birren,B.",Broad Institute of MIT & Harvard,USA,6/30/14,WNV-1/US/BID-V6409/2001,Orthoflavivirus nilense,10962,complete,USA,USA,NA,Corvus brachyrhynchos,"kidney, spleen, abdominal cavity",2001,Lineage_1
KJ501284,West Nile virus,GenBank,set:KJ501284,"Newman,R.M., Zody,M.C., Ip,H., Poon,T.W., Charlebois,P., Weiner,B., Yang,X., Piper,M.E., Fitzgerald,M., McCowan,C., Young,S., Gargeya,S., Levin,J., Malboeuf,C., Qu,J., Ireland,A., Chapman,S.B., Murphy,C., Wortman,J., Nusbaum,C., Birren,B.",Broad Institute of MIT & Harvard,USA,6/30/14,WNV-1/US/BID-V6410/2002,Orthoflavivirus nilense,10972,complete,USA,USA,NA,Cyanocitta cristata,"kidney, spleen, abdominal cavity",2002,Lineage_1
KJ501285,West Nile virus,GenBank,set:KJ501285,"Newman,R.M., Zody,M.C., Ip,H., Poon,T.W., Charlebois,P., Weiner,B., Yang,X., Piper,M.E., Fitzgerald,M., McCowan,C., Young,S., Gargeya,S., Levin,J., Malboeuf,C., Qu,J., Ireland,A., Chapman,S.B., Murphy,C., Wortman,J., Nusbaum,C., Birren,B.",Broad Institute of MIT & Harvard,USA,6/30/14,WNV-1/US/BID-V6412/2002,Orthoflavivirus nilense,11016,complete,USA,USA,NA,Pelecanus,brain,2002,Lineage_1
KJ501286,West Nile virus,GenBank,set:KJ501286,"Newman,R.M., Zody,M.C., Ip,H., Poon,T.W., Charlebois,P., Weiner,B., Yang,X., Piper,M.E., Fitzgerald,M., McCowan,C., Young,S., Gargeya,S., Levin,J., Malboeuf,C., Qu,J., Ireland,A., Chapman,S.B., Murphy,C., Wortman,J., Nusbaum,C., Birren,B.",Broad Institute of MIT & Harvard,USA,6/30/14,WNV-1/US/BID-V6413/2002,Orthoflavivirus nilense,10979,complete,USA,USA,NA,Accipiter gentilis,heart,2002,Lineage_1
KJ501288,West Nile virus,GenBank,set:KJ501288,"Newman,R.M., Zody,M.C., Ip,H., Poon,T.W., Charlebois,P., Weiner,B., Yang,X., Piper,M.E., Fitzgerald,M., McCowan,C., Young,S., Gargeya,S., Levin,J., Malboeuf,C., Qu,J., Ireland,A., Chapman,S.B., Murphy,C., Wortman,J., Nusbaum,C., Birren,B.",Broad Institute of MIT & Harvard,USA,6/30/14,WNV-1/US/BID-V6420/2001,Orthoflavivirus nilense,10962,complete,USA,USA,NA,Corvus brachyrhynchos,"kidney, spleen, abdominal cavity",2001,Lineage_1
KJ501289,West Nile virus,GenBank,set:KJ501289,"Newman,R.M., Zody,M.C., Ip,H., Poon,T.W., Charlebois,P., Weiner,B., Yang,X., Piper,M.E., Fitzgerald,M., McCowan,C., Young,S., Gargeya,S., Levin,J., Malboeuf,C., Qu,J., Ireland,A., Chapman,S.B., Murphy,C., Wortman,J., Nusbaum,C., Birren,B.",Broad Institute of MIT & Harvard,USA,6/30/14,WNV-1/US/BID-V6422/2001,Orthoflavivirus nilense,10979,complete,USA,USA,NA,Corvus brachyrhynchos,"kidney, spleen, abdominal cavity",2001,Lineage_1
KJ501290,West Nile virus,GenBank,set:KJ501290,"Newman,R.M., Zody,M.C., Ip,H., Poon,T.W., Charlebois,P., Weiner,B., Yang,X., Piper,M.E., Fitzgerald,M., McCowan,C., Young,S., Gargeya,S., Levin,J., Malboeuf,C., Qu,J., Ireland,A., Chapman,S.B., Murphy,C., Wortman,J., Nusbaum,C., Birren,B.",Broad Institute of MIT & Harvard,USA,6/30/14,WNV-1/US/BID-V6423/2002,Orthoflavivirus nilense,11019,complete,USA,USA,NA,Corvus brachyrhynchos,"kidney, spleen, abdominal cavity",2002,Lineage_1
KJ501291,West Nile virus,GenBank,set:KJ501291,"Newman,R.M., Zody,M.C., Ip,H., Poon,T.W., Charlebois,P., Weiner,B., Yang,X., Piper,M.E., Fitzgerald,M., McCowan,C., Young,S., Gargeya,S., Levin,J., Malboeuf,C., Qu,J., Ireland,A., Chapman,S.B., Murphy,C., Wortman,J., Nusbaum,C., Birren,B.",Broad Institute of MIT & Harvard,USA,6/30/14,WNV-1/US/BID-V6424/2002,Orthoflavivirus nilense,11029,complete,USA,USA,NA,Corvus brachyrhynchos,"kidney, spleen, abdominal cavity",2002,Lineage_1
KJ501292,West Nile virus,GenBank,set:KJ501292,"Newman,R.M., Zody,M.C., Ip,H., Poon,T.W., Charlebois,P., Weiner,B., Yang,X., Piper,M.E., Fitzgerald,M., McCowan,C., Young,S., Gargeya,S., Levin,J., Malboeuf,C., Qu,J., Ireland,A., Chapman,S.B., Murphy,C., Wortman,J., Nusbaum,C., Birren,B.",Broad Institute of MIT & Harvard,USA,6/30/14,WNV-1/US/BID-V6425/2001,Orthoflavivirus nilense,10986,complete,USA,USA,NA,Corvus brachyrhynchos,"kidney, spleen, abdominal cavity",2001,Lineage_1
KJ501293,West Nile virus,GenBank,set:KJ501293,"Newman,R.M., Zody,M.C., Ip,H., Poon,T.W., Charlebois,P., Weiner,B., Yang,X., Piper,M.E., Fitzgerald,M., McCowan,C., Young,S., Gargeya,S., Levin,J., Malboeuf,C., Qu,J., Ireland,A., Chapman,S.B., Murphy,C., Wortman,J., Nusbaum,C., Birren,B.",Broad Institute of MIT & Harvard,USA,6/30/14,WNV-1/US/BID-V6427/2003,Orthoflavivirus nilense,10979,complete,USA,USA,NA,Falco sparverius,"kidney, spleen, abdominal cavity",2003,Lineage_1
KJ501294,West Nile virus,GenBank,set:KJ501294,"Newman,R.M., Zody,M.C., Ip,H., Poon,T.W., Charlebois,P., Weiner,B., Yang,X., Piper,M.E., Fitzgerald,M., McCowan,C., Young,S., Gargeya,S., Levin,J., Malboeuf,C., Qu,J., Ireland,A., Chapman,S.B., Murphy,C., Wortman,J., Nusbaum,C., Birren,B.",Broad Institute of MIT & Harvard,USA,6/30/14,WNV-1/US/BID-V6428/2003,Orthoflavivirus nilense,10975,complete,USA,USA,NA,Corvus brachyrhynchos,feather,2003,Lineage_1
KJ501295,West Nile virus,GenBank,set:KJ501295,"Newman,R.M., Zody,M.C., Ip,H., Poon,T.W., Charlebois,P., Weiner,B., Yang,X., Piper,M.E., Fitzgerald,M., McCowan,C., Young,S., Gargeya,S., Levin,J., Malboeuf,C., Qu,J., Ireland,A., Chapman,S.B., Murphy,C., Wortman,J., Nusbaum,C., Birren,B.",Broad Institute of MIT & Harvard,USA,6/30/14,WNV-1/US/BID-V6431/2002,Orthoflavivirus nilense,10982,complete,USA,USA,NA,Cyanocitta cristata,"kidney, spleen, abdominal cavity",2002,Lineage_1
KJ501296,West Nile virus,GenBank,set:KJ501296,"Newman,R.M., Zody,M.C., Ip,H., Poon,T.W., Charlebois,P., Weiner,B., Yang,X., Piper,M.E., Fitzgerald,M., McCowan,C., Young,S., Gargeya,S., Levin,J., Malboeuf,C., Qu,J., Ireland,A., Chapman,S.B., Murphy,C., Wortman,J., Nusbaum,C., Birren,B.",Broad Institute of MIT & Harvard,USA,6/30/14,WNV-1/US/BID-V6433/2002,Orthoflavivirus nilense,11029,complete,USA,USA,NA,Pica pica,"kidney, spleen, abdominal cavity",2002,Lineage_1
KJ501297,West Nile virus,GenBank,set:KJ501297,"Newman,R.M., Zody,M.C., Ip,H., Poon,T.W., Charlebois,P., Weiner,B., Yang,X., Piper,M.E., Fitzgerald,M., McCowan,C., Young,S., Gargeya,S., Levin,J., Malboeuf,C., Qu,J., Ireland,A., Chapman,S.B., Murphy,C., Wortman,J., Nusbaum,C., Birren,B.",Broad Institute of MIT & Harvard,USA,6/30/14,WNV-1/US/BID-V6434/2003,Orthoflavivirus nilense,10979,complete,USA,USA,NA,Pelecanus erythrorhynchos,feather,2003,Lineage_1
KJ501298,West Nile virus,GenBank,set:KJ501298,"Newman,R.M., Zody,M.C., Ip,H., Poon,T.W., Charlebois,P., Weiner,B., Yang,X., Piper,M.E., Fitzgerald,M., McCowan,C., Young,S., Gargeya,S., Levin,J., Malboeuf,C., Qu,J., Ireland,A., Chapman,S.B., Murphy,C., Wortman,J., Nusbaum,C., Birren,B.",Broad Institute of MIT & Harvard,USA,6/30/14,WNV-1/US/BID-V6436/2002,Orthoflavivirus nilense,11029,complete,USA,USA,NA,Cyanocitta cristata,"kidney, spleen, abdominal cavity",2002,Lineage_1
KJ501299,West Nile virus,GenBank,set:KJ501299,"Newman,R.M., Zody,M.C., Ip,H., Poon,T.W., Charlebois,P., Weiner,B., Yang,X., Piper,M.E., Fitzgerald,M., McCowan,C., Young,S., Gargeya,S., Levin,J., Malboeuf,C., Qu,J., Ireland,A., Chapman,S.B., Murphy,C., Wortman,J., Nusbaum,C., Birren,B.",Broad Institute of MIT & Harvard,USA,6/30/14,WNV-1/US/BID-V6438/2002,Orthoflavivirus nilense,10989,complete,USA,USA,NA,Corvus brachyrhynchos,"kidney, spleen, abdominal cavity",2002,Lineage_1
KJ501300,West Nile virus,GenBank,set:KJ501300,"Newman,R.M., Zody,M.C., Ip,H., Poon,T.W., Charlebois,P., Weiner,B., Yang,X., Piper,M.E., Fitzgerald,M., McCowan,C., Young,S., Gargeya,S., Levin,J., Malboeuf,C., Qu,J., Ireland,A., Chapman,S.B., Murphy,C., Wortman,J., Nusbaum,C., Birren,B.",Broad Institute of MIT & Harvard,USA,6/30/14,WNV-1/US/BID-V6443/2002,Orthoflavivirus nilense,11029,complete,USA,USA,NA,Cyanocitta cristata,"kidney, spleen, abdominal cavity",2002,Lineage_1
KJ501301,West Nile virus,GenBank,set:KJ501301,"Newman,R.M., Zody,M.C., Ip,H., Poon,T.W., Charlebois,P., Weiner,B., Yang,X., Piper,M.E., Fitzgerald,M., McCowan,C., Young,S., Gargeya,S., Levin,J., Malboeuf,C., Qu,J., Ireland,A., Chapman,S.B., Murphy,C., Wortman,J., Nusbaum,C., Birren,B.",Broad Institute of MIT & Harvard,USA,6/30/14,WNV-1/US/BID-V6444/2002,Orthoflavivirus nilense,10984,complete,USA,USA,NA,Cyanocitta cristata,"kidney, spleen, abdominal cavity",2002,Lineage_1
KJ501302,West Nile virus,GenBank,set:KJ501302,"Newman,R.M., Zody,M.C., Ip,H., Poon,T.W., Charlebois,P., Weiner,B., Yang,X., Piper,M.E., Fitzgerald,M., McCowan,C., Young,S., Gargeya,S., Levin,J., Malboeuf,C., Qu,J., Ireland,A., Chapman,S.B., Murphy,C., Wortman,J., Nusbaum,C., Birren,B.",Broad Institute of MIT & Harvard,USA,6/30/14,WNV-1/US/BID-V6445/2002,Orthoflavivirus nilense,11029,complete,USA,USA,NA,Quiscalus quiscula,"kidney, spleen, abdominal cavity",2002,Lineage_1
KJ501303,West Nile virus,GenBank,set:KJ501303,"Newman,R.M., Zody,M.C., Ip,H., Poon,T.W., Charlebois,P., Weiner,B., Yang,X., Piper,M.E., Fitzgerald,M., McCowan,C., Young,S., Gargeya,S., Levin,J., Malboeuf,C., Qu,J., Ireland,A., Chapman,S.B., Murphy,C., Wortman,J., Nusbaum,C., Birren,B.",Broad Institute of MIT & Harvard,USA,6/30/14,WNV-1/US/BID-V6446/2002,Orthoflavivirus nilense,11003,complete,USA,USA,NA,Cyanocitta cristata,"kidney, spleen, abdominal cavity",2002,Lineage_1
KJ501304,West Nile virus,GenBank,set:KJ501304,"Newman,R.M., Zody,M.C., Ip,H., Poon,T.W., Charlebois,P., Weiner,B., Yang,X., Piper,M.E., Fitzgerald,M., McCowan,C., Young,S., Gargeya,S., Levin,J., Malboeuf,C., Qu,J., Ireland,A., Chapman,S.B., Murphy,C., Wortman,J., Nusbaum,C., Birren,B.",Broad Institute of MIT & Harvard,USA,6/30/14,WNV-1/US/BID-V6447/2002,Orthoflavivirus nilense,10997,complete,USA,USA,NA,Corvus brachyrhynchos,"kidney, spleen, abdominal cavity",2002,Lineage_1
KJ501305,West Nile virus,GenBank,set:KJ501305,"Newman,R.M., Zody,M.C., Ip,H., Poon,T.W., Charlebois,P., Weiner,B., Yang,X., Piper,M.E., Fitzgerald,M., McCowan,C., Young,S., Gargeya,S., Levin,J., Malboeuf,C., Qu,J., Ireland,A., Chapman,S.B., Murphy,C., Wortman,J., Nusbaum,C., Birren,B.",Broad Institute of MIT & Harvard,USA,6/30/14,WNV-1/US/BID-V6449/2003,Orthoflavivirus nilense,11021,complete,USA,USA,NA,Corvus brachyrhynchos,feather,2003,Lineage_1
KJ501306,West Nile virus,GenBank,set:KJ501306,"Newman,R.M., Zody,M.C., Ip,H., Poon,T.W., Charlebois,P., Weiner,B., Yang,X., Piper,M.E., Fitzgerald,M., McCowan,C., Young,S., Gargeya,S., Levin,J., Malboeuf,C., Qu,J., Ireland,A., Chapman,S.B., Murphy,C., Wortman,J., Nusbaum,C., Birren,B.",Broad Institute of MIT & Harvard,USA,6/30/14,WNV-1/US/BID-V6452/2002,Orthoflavivirus nilense,10992,complete,USA,USA,NA,Buteo jamaicensis,heart,2002,Lineage_1
KJ501308,West Nile virus,GenBank,set:KJ501308,"Newman,R.M., Zody,M.C., Ip,H., Poon,T.W., Charlebois,P., Weiner,B., Yang,X., Piper,M.E., Fitzgerald,M., McCowan,C., Young,S., Gargeya,S., Levin,J., Malboeuf,C., Qu,J., Ireland,A., Chapman,S.B., Murphy,C., Wortman,J., Nusbaum,C., Birren,B.",Broad Institute of MIT & Harvard,USA,6/30/14,WNV-1/US/BID-V6456/2010,Orthoflavivirus nilense,11026,complete,USA,USA,NA,Pelecanus erythrorhynchos,brain,2010,Lineage_1
KJ501309,West Nile virus,GenBank,set:KJ501309,"Newman,R.M., Zody,M.C., Ip,H., Poon,T.W., Charlebois,P., Weiner,B., Yang,X., Piper,M.E., Fitzgerald,M., McCowan,C., Young,S., Gargeya,S., Levin,J., Malboeuf,C., Qu,J., Ireland,A., Chapman,S.B., Murphy,C., Wortman,J., Nusbaum,C., Birren,B.",Broad Institute of MIT & Harvard,USA,6/30/14,WNV-1/US/BID-V6459/2002,Orthoflavivirus nilense,11024,complete,USA,USA,NA,Cyanocitta cristata,"kidney, spleen, abdominal cavity",2002,Lineage_1
KJ501310,West Nile virus,GenBank,set:KJ501310,"Newman,R.M., Zody,M.C., Ip,H., Poon,T.W., Charlebois,P., Weiner,B., Yang,X., Piper,M.E., Fitzgerald,M., McCowan,C., Young,S., Gargeya,S., Levin,J., Malboeuf,C., Qu,J., Ireland,A., Chapman,S.B., Murphy,C., Wortman,J., Nusbaum,C., Birren,B.",Broad Institute of MIT & Harvard,USA,6/30/14,WNV-1/US/BID-V6460/2002,Orthoflavivirus nilense,11029,complete,USA,USA,NA,Loriini,"kidney, spleen, abdominal cavity",2002,Lineage_1
KJ501311,West Nile virus,GenBank,set:KJ501311,"Newman,R.M., Zody,M.C., Ip,H., Poon,T.W., Charlebois,P., Weiner,B., Yang,X., Piper,M.E., Fitzgerald,M., McCowan,C., Young,S., Gargeya,S., Levin,J., Malboeuf,C., Qu,J., Ireland,A., Chapman,S.B., Murphy,C., Wortman,J., Nusbaum,C., Birren,B.",Broad Institute of MIT & Harvard,USA,6/30/14,WNV-1/US/BID-V6461/2002,Orthoflavivirus nilense,11000,complete,USA,USA,NA,Cyanocitta cristata,"kidney, spleen, abdominal cavity",2002,Lineage_1
KJ501312,West Nile virus,GenBank,set:KJ501312,"Newman,R.M., Zody,M.C., Ip,H., Poon,T.W., Charlebois,P., Weiner,B., Yang,X., Piper,M.E., Fitzgerald,M., McCowan,C., Young,S., Gargeya,S., Levin,J., Malboeuf,C., Qu,J., Ireland,A., Chapman,S.B., Murphy,C., Wortman,J., Nusbaum,C., Birren,B.",Broad Institute of MIT & Harvard,USA,6/30/14,WNV-1/US/BID-V6464/2003,Orthoflavivirus nilense,10981,complete,USA,USA,NA,Corvus brachyrhynchos,feather,2003,Lineage_1
KJ501313,West Nile virus,GenBank,set:KJ501313,"Newman,R.M., Zody,M.C., Ip,H., Poon,T.W., Charlebois,P., Weiner,B., Yang,X., Piper,M.E., Fitzgerald,M., McCowan,C., Young,S., Gargeya,S., Levin,J., Malboeuf,C., Qu,J., Ireland,A., Chapman,S.B., Murphy,C., Wortman,J., Nusbaum,C., Birren,B.",Broad Institute of MIT & Harvard,USA,6/30/14,WNV-1/US/BID-V6466/2003,Orthoflavivirus nilense,11024,complete,USA,USA,NA,Turdus migratorius,feather,2003,Lineage_1
KJ501314,West Nile virus,GenBank,set:KJ501314,"Newman,R.M., Zody,M.C., Ip,H., Poon,T.W., Charlebois,P., Weiner,B., Yang,X., Piper,M.E., Fitzgerald,M., McCowan,C., Young,S., Gargeya,S., Levin,J., Malboeuf,C., Qu,J., Ireland,A., Chapman,S.B., Murphy,C., Wortman,J., Nusbaum,C., Birren,B.",Broad Institute of MIT & Harvard,USA,6/30/14,WNV-1/US/BID-V6467/2003,Orthoflavivirus nilense,11034,complete,USA,USA,NA,Haemorhous mexicanus,feather,2003,Lineage_1
KJ501315,West Nile virus,GenBank,set:KJ501315,"Newman,R.M., Zody,M.C., Ip,H., Poon,T.W., Charlebois,P., Weiner,B., Yang,X., Piper,M.E., Fitzgerald,M., McCowan,C., Young,S., Gargeya,S., Levin,J., Malboeuf,C., Qu,J., Ireland,A., Chapman,S.B., Murphy,C., Wortman,J., Nusbaum,C., Birren,B.",Broad Institute of MIT & Harvard,USA,6/30/14,WNV-1/US/BID-V6472/2002,Orthoflavivirus nilense,11029,complete,USA,USA,NA,Corvus brachyrhynchos,"kidney, spleen, abdominal cavity",2002,Lineage_1
KJ501317,West Nile virus,GenBank,set:KJ501317,"Newman,R.M., Zody,M.C., Ip,H., Poon,T.W., Charlebois,P., Weiner,B., Yang,X., Piper,M.E., Fitzgerald,M., McCowan,C., Young,S., Gargeya,S., Levin,J., Malboeuf,C., Qu,J., Ireland,A., Chapman,S.B., Murphy,C., Wortman,J., Nusbaum,C., Birren,B.",Broad Institute of MIT & Harvard,USA,6/30/14,WNV-1/US/BID-V6479/2001,Orthoflavivirus nilense,10984,complete,USA,USA,NA,Corvus brachyrhynchos,"kidney, spleen, abdominal cavity",2001,Lineage_1
KJ501318,West Nile virus,GenBank,set:KJ501318,"Newman,R.M., Zody,M.C., Ip,H., Poon,T.W., Charlebois,P., Weiner,B., Yang,X., Piper,M.E., Fitzgerald,M., McCowan,C., Young,S., Gargeya,S., Levin,J., Malboeuf,C., Qu,J., Ireland,A., Chapman,S.B., Murphy,C., Wortman,J., Nusbaum,C., Birren,B.",Broad Institute of MIT & Harvard,USA,6/30/14,WNV-1/US/BID-V6480/2002,Orthoflavivirus nilense,11026,complete,USA,USA,NA,Corvus brachyrhynchos,"kidney, spleen, abdominal cavity",2002,Lineage_1
KJ501319,West Nile virus,GenBank,set:KJ501319,"Newman,R.M., Zody,M.C., Ip,H., Poon,T.W., Charlebois,P., Weiner,B., Yang,X., Piper,M.E., Fitzgerald,M., McCowan,C., Young,S., Gargeya,S., Levin,J., Malboeuf,C., Qu,J., Ireland,A., Chapman,S.B., Murphy,C., Wortman,J., Nusbaum,C., Birren,B.",Broad Institute of MIT & Harvard,USA,6/30/14,WNV-1/US/BID-V6481/2002,Orthoflavivirus nilense,10984,complete,USA,USA,NA,Corvus brachyrhynchos,"kidney, spleen, abdominal cavity",2002,Lineage_1
KJ501320,West Nile virus,GenBank,set:KJ501320,"Newman,R.M., Zody,M.C., Ip,H., Poon,T.W., Charlebois,P., Weiner,B., Yang,X., Piper,M.E., Fitzgerald,M., McCowan,C., Young,S., Gargeya,S., Levin,J., Malboeuf,C., Qu,J., Ireland,A., Chapman,S.B., Murphy,C., Wortman,J., Nusbaum,C., Birren,B.",Broad Institute of MIT & Harvard,USA,6/30/14,WNV-1/US/BID-V6482/2003,Orthoflavivirus nilense,11007,complete,USA,USA,NA,Corvus brachyrhynchos,"kidney, spleen, abdominal cavity",2003,Lineage_1
KJ501321,West Nile virus,GenBank,set:KJ501321,"Newman,R.M., Zody,M.C., Ip,H., Poon,T.W., Charlebois,P., Weiner,B., Yang,X., Piper,M.E., Fitzgerald,M., McCowan,C., Young,S., Gargeya,S., Levin,J., Malboeuf,C., Qu,J., Ireland,A., Chapman,S.B., Murphy,C., Wortman,J., Nusbaum,C., Birren,B.",Broad Institute of MIT & Harvard,USA,6/30/14,WNV-1/US/BID-V6484/2002,Orthoflavivirus nilense,10951,complete,USA,USA,NA,Corvus brachyrhynchos,"kidney, spleen, abdominal cavity",2002,Lineage_1
KJ501322,West Nile virus,GenBank,set:KJ501322,"Newman,R.M., Zody,M.C., Ip,H., Poon,T.W., Charlebois,P., Weiner,B., Yang,X., Piper,M.E., Fitzgerald,M., McCowan,C., Young,S., Gargeya,S., Levin,J., Malboeuf,C., Qu,J., Ireland,A., Chapman,S.B., Murphy,C., Wortman,J., Nusbaum,C., Birren,B.",Broad Institute of MIT & Harvard,USA,6/30/14,WNV-1/US/BID-V6485/2002,Orthoflavivirus nilense,11026,complete,USA,USA,NA,Pelecanus erythrorhynchos,brain,2002,Lineage_1
KJ501323,West Nile virus,GenBank,set:KJ501323,"Newman,R.M., Zody,M.C., Ip,H., Poon,T.W., Charlebois,P., Weiner,B., Yang,X., Piper,M.E., Fitzgerald,M., McCowan,C., Young,S., Gargeya,S., Levin,J., Malboeuf,C., Qu,J., Ireland,A., Chapman,S.B., Murphy,C., Wortman,J., Nusbaum,C., Birren,B.",Broad Institute of MIT & Harvard,USA,6/30/14,WNV-1/US/BID-V6486/2003,Orthoflavivirus nilense,10995,complete,USA,USA,NA,Pelecanus erythrorhynchos,brain,2003,Lineage_1
KJ501324,West Nile virus,GenBank,set:KJ501324,"Newman,R.M., Zody,M.C., Ip,H., Poon,T.W., Charlebois,P., Weiner,B., Yang,X., Piper,M.E., Fitzgerald,M., McCowan,C., Young,S., Gargeya,S., Levin,J., Malboeuf,C., Qu,J., Ireland,A., Chapman,S.B., Murphy,C., Wortman,J., Nusbaum,C., Birren,B.",Broad Institute of MIT & Harvard,USA,6/30/14,WNV-1/US/BID-V6487/2003,Orthoflavivirus nilense,11033,complete,USA,USA,NA,Pelecanus erythrorhynchos,brain,2003,Lineage_1
KJ501326,West Nile virus,GenBank,set:KJ501326,"Newman,R.M., Zody,M.C., Ip,H., Poon,T.W., Charlebois,P., Weiner,B., Yang,X., Piper,M.E., Fitzgerald,M., McCowan,C., Young,S., Gargeya,S., Levin,J., Malboeuf,C., Qu,J., Ireland,A., Chapman,S.B., Murphy,C., Wortman,J., Nusbaum,C., Birren,B.",Broad Institute of MIT & Harvard,USA,6/30/14,WNV-1/US/BID-V6489/2003,Orthoflavivirus nilense,10990,complete,USA,USA,NA,Pelecanus erythrorhynchos,feather,2003,Lineage_1
KJ501327,West Nile virus,GenBank,set:KJ501327,"Newman,R.M., Zody,M.C., Ip,H., Poon,T.W., Charlebois,P., Weiner,B., Yang,X., Piper,M.E., Fitzgerald,M., McCowan,C., Young,S., Gargeya,S., Levin,J., Malboeuf,C., Qu,J., Ireland,A., Chapman,S.B., Murphy,C., Wortman,J., Nusbaum,C., Birren,B.",Broad Institute of MIT & Harvard,USA,6/30/14,WNV-1/US/BID-V6490/2003,Orthoflavivirus nilense,11019,complete,USA,USA,NA,Haliaeetus leucocephalus,brain,2003,Lineage_1
KJ501328,West Nile virus,GenBank,set:KJ501328,"Newman,R.M., Zody,M.C., Ip,H., Poon,T.W., Charlebois,P., Weiner,B., Yang,X., Piper,M.E., Fitzgerald,M., McCowan,C., Young,S., Gargeya,S., Levin,J., Malboeuf,C., Qu,J., Ireland,A., Chapman,S.B., Murphy,C., Wortman,J., Nusbaum,C., Birren,B.",Broad Institute of MIT & Harvard,USA,6/30/14,WNV-1/US/BID-V6498/2002,Orthoflavivirus nilense,10951,complete,USA,USA,NA,Buteo jamaicensis,"kidney, spleen, abdominal cavity",2002,Lineage_1
KJ501329,West Nile virus,GenBank,set:KJ501329,"Newman,R.M., Zody,M.C., Ip,H., Poon,T.W., Charlebois,P., Weiner,B., Yang,X., Piper,M.E., Fitzgerald,M., McCowan,C., Young,S., Gargeya,S., Levin,J., Malboeuf,C., Qu,J., Ireland,A., Chapman,S.B., Murphy,C., Wortman,J., Nusbaum,C., Birren,B.",Broad Institute of MIT & Harvard,USA,6/30/14,WNV-1/US/BID-V6500/2003,Orthoflavivirus nilense,11010,complete,USA,USA,NA,Branta canadensis,heart,2003,Lineage_1
KJ501330,West Nile virus,GenBank,set:KJ501330,"Newman,R.M., Zody,M.C., Ip,H., Poon,T.W., Charlebois,P., Weiner,B., Yang,X., Piper,M.E., Fitzgerald,M., McCowan,C., Young,S., Gargeya,S., Levin,J., Malboeuf,C., Qu,J., Ireland,A., Chapman,S.B., Murphy,C., Wortman,J., Nusbaum,C., Birren,B.",Broad Institute of MIT & Harvard,USA,6/30/14,WNV-1/US/BID-V6501/2005,Orthoflavivirus nilense,10989,complete,USA,USA,NA,Sternula,"kidney, spleen, abdominal cavity",2005,Lineage_1
KJ501331,West Nile virus,GenBank,set:KJ501331,"Newman,R.M., Zody,M.C., Ip,H., Poon,T.W., Charlebois,P., Weiner,B., Yang,X., Piper,M.E., Fitzgerald,M., McCowan,C., Young,S., Gargeya,S., Levin,J., Malboeuf,C., Qu,J., Ireland,A., Chapman,S.B., Murphy,C., Wortman,J., Nusbaum,C., Birren,B.",Broad Institute of MIT & Harvard,USA,6/30/14,WNV-1/US/BID-V6502/2002,Orthoflavivirus nilense,10960,complete,USA,USA,NA,Buteo jamaicensis,"kidney, spleen, abdominal cavity",2002,Lineage_1
KJ501332,West Nile virus,GenBank,set:KJ501332,"Newman,R.M., Zody,M.C., Ip,H., Poon,T.W., Charlebois,P., Weiner,B., Yang,X., Piper,M.E., Fitzgerald,M., McCowan,C., Young,S., Gargeya,S., Levin,J., Malboeuf,C., Qu,J., Ireland,A., Chapman,S.B., Murphy,C., Wortman,J., Nusbaum,C., Birren,B.",Broad Institute of MIT & Harvard,USA,6/30/14,WNV-1/US/BID-V6505/2001,Orthoflavivirus nilense,10995,complete,USA,USA,NA,Corvus brachyrhynchos,"kidney, spleen, abdominal cavity",2001,Lineage_1
KJ501333,West Nile virus,GenBank,set:KJ501333,"Newman,R.M., Zody,M.C., Ip,H., Poon,T.W., Charlebois,P., Weiner,B., Yang,X., Piper,M.E., Fitzgerald,M., McCowan,C., Young,S., Gargeya,S., Levin,J., Malboeuf,C., Qu,J., Ireland,A., Chapman,S.B., Murphy,C., Wortman,J., Nusbaum,C., Birren,B.",Broad Institute of MIT & Harvard,USA,6/30/14,WNV-1/US/BID-V6510/2002,Orthoflavivirus nilense,10913,complete,USA,USA,NA,Cyanocitta cristata,"kidney, spleen, abdominal cavity",2002,Lineage_1
KJ501335,West Nile virus,GenBank,set:KJ501335,"Newman,R.M., Zody,M.C., Ip,H., Poon,T.W., Charlebois,P., Weiner,B., Yang,X., Piper,M.E., Fitzgerald,M., McCowan,C., Young,S., Gargeya,S., Levin,J., Malboeuf,C., Qu,J., Ireland,A., Chapman,S.B., Murphy,C., Wortman,J., Nusbaum,C., Birren,B.",Broad Institute of MIT & Harvard,USA,6/30/14,WNV-1/US/BID-V6513/2005,Orthoflavivirus nilense,10995,complete,USA,USA,NA,Pelecanus erythrorhynchos,"kidney, spleen, abdominal cavity",2005,Lineage_1
KJ501336,West Nile virus,GenBank,set:KJ501336,"Newman,R.M., Zody,M.C., Ip,H., Poon,T.W., Charlebois,P., Weiner,B., Yang,X., Piper,M.E., Fitzgerald,M., McCowan,C., Young,S., Gargeya,S., Levin,J., Malboeuf,C., Qu,J., Ireland,A., Chapman,S.B., Murphy,C., Wortman,J., Nusbaum,C., Birren,B.",Broad Institute of MIT & Harvard,USA,6/30/14,WNV-1/US/BID-V6517/2001,Orthoflavivirus nilense,10979,complete,USA,USA,NA,Cyanocitta cristata,"kidney, spleen, abdominal cavity",2001,Lineage_1
KJ501337,West Nile virus,GenBank,set:KJ501337,"Newman,R.M., Zody,M.C., Ip,H., Poon,T.W., Charlebois,P., Weiner,B., Yang,X., Piper,M.E., Fitzgerald,M., McCowan,C., Young,S., Gargeya,S., Levin,J., Malboeuf,C., Qu,J., Ireland,A., Chapman,S.B., Murphy,C., Wortman,J., Nusbaum,C., Birren,B.",Broad Institute of MIT & Harvard,USA,6/30/14,WNV-1/US/BID-V6518/2002,Orthoflavivirus nilense,10980,complete,USA,USA,NA,Corvus brachyrhynchos,"kidney, spleen, abdominal cavity",2002,Lineage_1
KJ501338,West Nile virus,GenBank,set:KJ501338,"Newman,R.M., Zody,M.C., Ip,H., Poon,T.W., Charlebois,P., Weiner,B., Yang,X., Piper,M.E., Fitzgerald,M., McCowan,C., Young,S., Gargeya,S., Levin,J., Malboeuf,C., Qu,J., Ireland,A., Chapman,S.B., Murphy,C., Wortman,J., Nusbaum,C., Birren,B.",Broad Institute of MIT & Harvard,USA,6/30/14,WNV-1/US/BID-V6519/2002,Orthoflavivirus nilense,10795,complete,USA,USA,NA,Cyanocitta cristata,"kidney, spleen, abdominal cavity",2002,Lineage_1
KJ501339,West Nile virus,GenBank,set:KJ501339,"Newman,R.M., Zody,M.C., Ip,H., Poon,T.W., Charlebois,P., Weiner,B., Yang,X., Piper,M.E., Fitzgerald,M., McCowan,C., Young,S., Gargeya,S., Levin,J., Malboeuf,C., Qu,J., Ireland,A., Chapman,S.B., Murphy,C., Wortman,J., Nusbaum,C., Birren,B.",Broad Institute of MIT & Harvard,USA,6/30/14,WNV-1/US/BID-V6521/2002,Orthoflavivirus nilense,10979,complete,USA,USA,NA,Cyanocitta cristata,"kidney, spleen, abdominal cavity",2002,Lineage_1
KJ501340,West Nile virus,GenBank,set:KJ501340,"Newman,R.M., Zody,M.C., Ip,H., Poon,T.W., Charlebois,P., Weiner,B., Yang,X., Piper,M.E., Fitzgerald,M., McCowan,C., Young,S., Gargeya,S., Levin,J., Malboeuf,C., Qu,J., Ireland,A., Chapman,S.B., Murphy,C., Wortman,J., Nusbaum,C., Birren,B.",Broad Institute of MIT & Harvard,USA,6/30/14,WNV-1/US/BID-V6522/2003,Orthoflavivirus nilense,10959,complete,USA,USA,NA,Quiscalus major,"kidney, spleen, abdominal cavity",2003,Lineage_1
KJ501341,West Nile virus,GenBank,set:KJ501341,"Newman,R.M., Zody,M.C., Ip,H., Poon,T.W., Charlebois,P., Weiner,B., Yang,X., Piper,M.E., Fitzgerald,M., McCowan,C., Young,S., Gargeya,S., Levin,J., Malboeuf,C., Qu,J., Ireland,A., Chapman,S.B., Murphy,C., Wortman,J., Nusbaum,C., Birren,B.",Broad Institute of MIT & Harvard,USA,6/30/14,WNV-1/US/BID-V6523/2005,Orthoflavivirus nilense,10948,complete,USA,USA,NA,Haemorhous mexicanus,feather,2005,Lineage_1
KJ501342,West Nile virus,GenBank,set:KJ501342,"Newman,R.M., Zody,M.C., Ip,H., Poon,T.W., Charlebois,P., Weiner,B., Yang,X., Piper,M.E., Fitzgerald,M., McCowan,C., Young,S., Gargeya,S., Levin,J., Malboeuf,C., Qu,J., Ireland,A., Chapman,S.B., Murphy,C., Wortman,J., Nusbaum,C., Birren,B.",Broad Institute of MIT & Harvard,USA,6/30/14,WNV-1/US/BID-V6524/2005,Orthoflavivirus nilense,10975,complete,USA,USA,NA,Gymnogyps californianus,brain,2005,Lineage_1
KJ501343,West Nile virus,GenBank,set:KJ501343,"Newman,R.M., Zody,M.C., Ip,H., Poon,T.W., Charlebois,P., Weiner,B., Yang,X., Piper,M.E., Fitzgerald,M., McCowan,C., Young,S., Gargeya,S., Levin,J., Malboeuf,C., Qu,J., Ireland,A., Chapman,S.B., Murphy,C., Wortman,J., Nusbaum,C., Birren,B.",Broad Institute of MIT & Harvard,USA,6/30/14,WNV-1/US/BID-V6527/2001,Orthoflavivirus nilense,11031,complete,USA,USA,NA,Corvus brachyrhynchos,"kidney, spleen, abdominal cavity",2001,Lineage_1
KJ501344,West Nile virus,GenBank,set:KJ501344,"Newman,R.M., Zody,M.C., Ip,H., Poon,T.W., Charlebois,P., Weiner,B., Yang,X., Piper,M.E., Fitzgerald,M., McCowan,C., Young,S., Gargeya,S., Levin,J., Malboeuf,C., Qu,J., Ireland,A., Chapman,S.B., Murphy,C., Wortman,J., Nusbaum,C., Birren,B.",Broad Institute of MIT & Harvard,USA,6/30/14,WNV-1/US/BID-V6529/2002,Orthoflavivirus nilense,11017,complete,USA,USA,NA,Corvus brachyrhynchos,"kidney, spleen, abdominal cavity",2002,Lineage_1
KJ501345,West Nile virus,GenBank,set:KJ501345,"Newman,R.M., Zody,M.C., Ip,H., Poon,T.W., Charlebois,P., Weiner,B., Yang,X., Piper,M.E., Fitzgerald,M., McCowan,C., Young,S., Gargeya,S., Levin,J., Malboeuf,C., Qu,J., Ireland,A., Chapman,S.B., Murphy,C., Wortman,J., Nusbaum,C., Birren,B.",Broad Institute of MIT & Harvard,USA,6/30/14,WNV-1/US/BID-V6539/2002,Orthoflavivirus nilense,10979,complete,USA,USA,NA,Corvus brachyrhynchos,"kidney, spleen, abdominal cavity",2002,Lineage_1
KJ501346,West Nile virus,GenBank,set:KJ501346,"Newman,R.M., Zody,M.C., Ip,H., Poon,T.W., Charlebois,P., Weiner,B., Yang,X., Piper,M.E., Fitzgerald,M., McCowan,C., Young,S., Gargeya,S., Levin,J., Malboeuf,C., Qu,J., Ireland,A., Chapman,S.B., Murphy,C., Wortman,J., Nusbaum,C., Birren,B.",Broad Institute of MIT & Harvard,USA,6/30/14,WNV-1/US/BID-V6541/2003,Orthoflavivirus nilense,10986,complete,USA,USA,NA,Pelecanus erythrorhynchos,NA,2003,Lineage_1
KJ501347,West Nile virus,GenBank,set:KJ501347,"Newman,R.M., Zody,M.C., Ip,H., Poon,T.W., Charlebois,P., Weiner,B., Yang,X., Piper,M.E., Fitzgerald,M., McCowan,C., Young,S., Gargeya,S., Levin,J., Malboeuf,C., Qu,J., Ireland,A., Chapman,S.B., Murphy,C., Wortman,J., Nusbaum,C., Birren,B.",Broad Institute of MIT & Harvard,USA,6/30/14,WNV-1/US/BID-V6543/2002,Orthoflavivirus nilense,10976,complete,USA,USA,NA,Corvus brachyrhynchos,"kidney, spleen, abdominal cavity",2002,Lineage_1
KJ501348,West Nile virus,GenBank,set:KJ501348,"Newman,R.M., Zody,M.C., Ip,H., Poon,T.W., Charlebois,P., Weiner,B., Yang,X., Piper,M.E., Fitzgerald,M., McCowan,C., Young,S., Gargeya,S., Levin,J., Malboeuf,C., Qu,J., Ireland,A., Chapman,S.B., Murphy,C., Wortman,J., Nusbaum,C., Birren,B.",Broad Institute of MIT & Harvard,USA,6/30/14,WNV-1/US/BID-V6544/2003,Orthoflavivirus nilense,10972,complete,USA,USA,NA,Pelecanus erythrorhynchos,brain,2003,Lineage_1
KJ501349,West Nile virus,GenBank,set:KJ501349,"Newman,R.M., Zody,M.C., Ip,H., Poon,T.W., Charlebois,P., Weiner,B., Yang,X., Piper,M.E., Fitzgerald,M., McCowan,C., Young,S., Gargeya,S., Levin,J., Malboeuf,C., Qu,J., Ireland,A., Chapman,S.B., Murphy,C., Wortman,J., Nusbaum,C., Birren,B.",Broad Institute of MIT & Harvard,USA,6/30/14,WNV-1/US/BID-V6546/2003,Orthoflavivirus nilense,10982,complete,USA,USA,NA,Larus delawarensis,brain,2003,Lineage_1
KJ501350,West Nile virus,GenBank,set:KJ501350,"Newman,R.M., Zody,M.C., Ip,H., Poon,T.W., Charlebois,P., Weiner,B., Yang,X., Piper,M.E., Fitzgerald,M., McCowan,C., Young,S., Gargeya,S., Levin,J., Malboeuf,C., Qu,J., Ireland,A., Chapman,S.B., Murphy,C., Wortman,J., Nusbaum,C., Birren,B.",Broad Institute of MIT & Harvard,USA,6/30/14,WNV-1/US/BID-V6547/2003,Orthoflavivirus nilense,10955,complete,USA,USA,NA,Pelecanus erythrorhynchos,heart,2003,Lineage_1
KJ501351,West Nile virus,GenBank,set:KJ501351,"Newman,R.M., Zody,M.C., Ip,H., Poon,T.W., Charlebois,P., Weiner,B., Yang,X., Piper,M.E., Fitzgerald,M., McCowan,C., Young,S., Gargeya,S., Levin,J., Malboeuf,C., Qu,J., Ireland,A., Chapman,S.B., Murphy,C., Wortman,J., Nusbaum,C., Birren,B.",Broad Institute of MIT & Harvard,USA,6/30/14,WNV-1/US/BID-V6551/2003,Orthoflavivirus nilense,10952,complete,USA,USA,NA,Corvus brachyrhynchos,feather,2003,Lineage_1
KJ501352,West Nile virus,GenBank,set:KJ501352,"Newman,R.M., Zody,M.C., Ip,H., Poon,T.W., Charlebois,P., Weiner,B., Yang,X., Piper,M.E., Fitzgerald,M., McCowan,C., Young,S., Gargeya,S., Levin,J., Malboeuf,C., Qu,J., Ireland,A., Chapman,S.B., Murphy,C., Wortman,J., Nusbaum,C., Birren,B.",Broad Institute of MIT & Harvard,USA,6/30/14,WNV-1/US/BID-V6552/2003,Orthoflavivirus nilense,10977,complete,USA,USA,NA,Corvus brachyrhynchos,feather,2003,Lineage_1
KJ501353,West Nile virus,GenBank,set:KJ501353,"Newman,R.M., Zody,M.C., Ip,H., Poon,T.W., Charlebois,P., Weiner,B., Yang,X., Piper,M.E., Fitzgerald,M., McCowan,C., Young,S., Gargeya,S., Levin,J., Malboeuf,C., Qu,J., Ireland,A., Chapman,S.B., Murphy,C., Wortman,J., Nusbaum,C., Birren,B.",Broad Institute of MIT & Harvard,USA,6/30/14,WNV-1/US/BID-V6554/2003,Orthoflavivirus nilense,10978,complete,USA,USA,NA,Corvus brachyrhynchos,feather,2003,Lineage_1
KJ501354,West Nile virus,GenBank,set:KJ501354,"Newman,R.M., Zody,M.C., Ip,H., Poon,T.W., Charlebois,P., Weiner,B., Yang,X., Piper,M.E., Fitzgerald,M., McCowan,C., Young,S., Gargeya,S., Levin,J., Malboeuf,C., Qu,J., Ireland,A., Chapman,S.B., Murphy,C., Wortman,J., Nusbaum,C., Birren,B.",Broad Institute of MIT & Harvard,USA,6/30/14,WNV-1/US/BID-V6555/2003,Orthoflavivirus nilense,10990,complete,USA,USA,NA,Corvus brachyrhynchos,NA,2003,Lineage_1
KJ501355,West Nile virus,GenBank,set:KJ501355,"Newman,R.M., Zody,M.C., Ip,H., Poon,T.W., Charlebois,P., Weiner,B., Yang,X., Piper,M.E., Fitzgerald,M., McCowan,C., Young,S., Gargeya,S., Levin,J., Malboeuf,C., Qu,J., Ireland,A., Chapman,S.B., Murphy,C., Wortman,J., Nusbaum,C., Birren,B.",Broad Institute of MIT & Harvard,USA,6/30/14,WNV-1/US/BID-V6558/2002,Orthoflavivirus nilense,10972,complete,USA,USA,NA,Cyanocitta cristata,"kidney, spleen, abdominal cavity",2002,Lineage_1
KJ501356,West Nile virus,GenBank,set:KJ501356,"Newman,R.M., Zody,M.C., Ip,H., Poon,T.W., Charlebois,P., Weiner,B., Yang,X., Piper,M.E., Fitzgerald,M., McCowan,C., Young,S., Gargeya,S., Levin,J., Malboeuf,C., Qu,J., Ireland,A., Chapman,S.B., Murphy,C., Wortman,J., Nusbaum,C., Birren,B.",Broad Institute of MIT & Harvard,USA,6/30/14,WNV-1/US/BID-V6559/2003,Orthoflavivirus nilense,10977,complete,USA,USA,NA,Cyanocitta cristata,"kidney, spleen, abdominal cavity",2003,Lineage_1
KJ501357,West Nile virus,GenBank,set:KJ501357,"Newman,R.M., Zody,M.C., Ip,H., Poon,T.W., Charlebois,P., Weiner,B., Yang,X., Piper,M.E., Fitzgerald,M., McCowan,C., Young,S., Gargeya,S., Levin,J., Malboeuf,C., Qu,J., Ireland,A., Chapman,S.B., Murphy,C., Wortman,J., Nusbaum,C., Birren,B.",Broad Institute of MIT & Harvard,USA,6/30/14,WNV-1/US/BID-V6561/2003,Orthoflavivirus nilense,10951,complete,USA,USA,NA,Asio flammeus,"kidney, spleen, abdominal cavity",2003,Lineage_1
KJ501358,West Nile virus,GenBank,set:KJ501358,"Newman,R.M., Zody,M.C., Ip,H., Poon,T.W., Charlebois,P., Weiner,B., Yang,X., Piper,M.E., Fitzgerald,M., McCowan,C., Young,S., Gargeya,S., Levin,J., Malboeuf,C., Qu,J., Ireland,A., Chapman,S.B., Murphy,C., Wortman,J., Nusbaum,C., Birren,B.",Broad Institute of MIT & Harvard,USA,6/30/14,WNV-1/US/BID-V6562/2003,Orthoflavivirus nilense,10976,complete,USA,USA,NA,Buteo swainsoni,"kidney, spleen, abdominal cavity",2003,Lineage_1
KJ501359,West Nile virus,GenBank,set:KJ501359,"Newman,R.M., Zody,M.C., Ip,H., Poon,T.W., Charlebois,P., Weiner,B., Yang,X., Piper,M.E., Fitzgerald,M., McCowan,C., Young,S., Gargeya,S., Levin,J., Malboeuf,C., Qu,J., Ireland,A., Chapman,S.B., Murphy,C., Wortman,J., Nusbaum,C., Birren,B.",Broad Institute of MIT & Harvard,USA,6/30/14,WNV-1/US/BID-V6563/2003,Orthoflavivirus nilense,10985,complete,USA,USA,NA,Corvus brachyrhynchos,"kidney, spleen, abdominal cavity",2003,Lineage_1
KJ501360,West Nile virus,GenBank,set:KJ501360,"Newman,R.M., Zody,M.C., Ip,H., Poon,T.W., Charlebois,P., Weiner,B., Yang,X., Piper,M.E., Fitzgerald,M., McCowan,C., Young,S., Gargeya,S., Levin,J., Malboeuf,C., Qu,J., Ireland,A., Chapman,S.B., Murphy,C., Wortman,J., Nusbaum,C., Birren,B.",Broad Institute of MIT & Harvard,USA,6/30/14,WNV-1/US/BID-V6565/2003,Orthoflavivirus nilense,10988,complete,USA,USA,NA,Cyanocitta cristata,feather,2003,Lineage_1
KJ501361,West Nile virus,GenBank,set:KJ501361,"Newman,R.M., Zody,M.C., Ip,H., Poon,T.W., Charlebois,P., Weiner,B., Yang,X., Piper,M.E., Fitzgerald,M., McCowan,C., Young,S., Gargeya,S., Levin,J., Malboeuf,C., Qu,J., Ireland,A., Chapman,S.B., Murphy,C., Wortman,J., Nusbaum,C., Birren,B.",Broad Institute of MIT & Harvard,USA,6/30/14,WNV-1/US/BID-V6566/2001,Orthoflavivirus nilense,10990,complete,USA,USA,NA,Cyanocitta cristata,"kidney, spleen, abdominal cavity",2001,Lineage_1
KJ501362,West Nile virus,GenBank,set:KJ501362,"Newman,R.M., Zody,M.C., Ip,H., Poon,T.W., Charlebois,P., Weiner,B., Yang,X., Piper,M.E., Fitzgerald,M., McCowan,C., Young,S., Gargeya,S., Levin,J., Malboeuf,C., Qu,J., Ireland,A., Chapman,S.B., Murphy,C., Wortman,J., Nusbaum,C., Birren,B.",Broad Institute of MIT & Harvard,USA,6/30/14,WNV-1/US/BID-V6567/2001,Orthoflavivirus nilense,10978,complete,USA,USA,NA,Corvus brachyrhynchos,"kidney, spleen, abdominal cavity",2001,Lineage_1
KJ501363,West Nile virus,GenBank,set:KJ501363,"Newman,R.M., Zody,M.C., Ip,H., Poon,T.W., Charlebois,P., Weiner,B., Yang,X., Piper,M.E., Fitzgerald,M., McCowan,C., Young,S., Gargeya,S., Levin,J., Malboeuf,C., Qu,J., Ireland,A., Chapman,S.B., Murphy,C., Wortman,J., Nusbaum,C., Birren,B.",Broad Institute of MIT & Harvard,USA,6/30/14,WNV-1/US/BID-V6568/2001,Orthoflavivirus nilense,11029,complete,USA,USA,NA,Corvus brachyrhynchos,"kidney, spleen, abdominal cavity",2001,Lineage_1
KJ501364,West Nile virus,GenBank,set:KJ501364,"Newman,R.M., Zody,M.C., Ip,H., Poon,T.W., Charlebois,P., Weiner,B., Yang,X., Piper,M.E., Fitzgerald,M., McCowan,C., Young,S., Gargeya,S., Levin,J., Malboeuf,C., Qu,J., Ireland,A., Chapman,S.B., Murphy,C., Wortman,J., Nusbaum,C., Birren,B.",Broad Institute of MIT & Harvard,USA,6/30/14,WNV-1/US/BID-V6569/2002,Orthoflavivirus nilense,10979,complete,USA,USA,NA,Corvus brachyrhynchos,"kidney, spleen, abdominal cavity",2002,Lineage_1
KJ501365,West Nile virus,GenBank,set:KJ501365,"Newman,R.M., Zody,M.C., Ip,H., Poon,T.W., Charlebois,P., Weiner,B., Yang,X., Piper,M.E., Fitzgerald,M., McCowan,C., Young,S., Gargeya,S., Levin,J., Malboeuf,C., Qu,J., Ireland,A., Chapman,S.B., Murphy,C., Wortman,J., Nusbaum,C., Birren,B.",Broad Institute of MIT & Harvard,USA,6/30/14,WNV-1/US/BID-V6570/2003,Orthoflavivirus nilense,10979,complete,USA,USA,NA,Corvus brachyrhynchos,"kidney, spleen, abdominal cavity",2003,Lineage_1
KJ501366,West Nile virus,GenBank,set:KJ501366,"Newman,R.M., Zody,M.C., Ip,H., Poon,T.W., Charlebois,P., Weiner,B., Yang,X., Piper,M.E., Fitzgerald,M., McCowan,C., Young,S., Gargeya,S., Levin,J., Malboeuf,C., Qu,J., Ireland,A., Chapman,S.B., Murphy,C., Wortman,J., Nusbaum,C., Birren,B.",Broad Institute of MIT & Harvard,USA,6/30/14,WNV-1/US/BID-V6571/2003,Orthoflavivirus nilense,10989,complete,USA,USA,NA,Corvus brachyrhynchos,feather,2003,Lineage_1
KJ501368,West Nile virus,GenBank,set:KJ501368,"Newman,R.M., Zody,M.C., Ip,H., Poon,T.W., Charlebois,P., Weiner,B., Yang,X., Piper,M.E., Fitzgerald,M., McCowan,C., Young,S., Gargeya,S., Levin,J., Malboeuf,C., Qu,J., Ireland,A., Chapman,S.B., Murphy,C., Wortman,J., Nusbaum,C., Birren,B.",Broad Institute of MIT & Harvard,USA,6/30/14,WNV-1/US/BID-V6573/2002,Orthoflavivirus nilense,10953,complete,USA,USA,NA,Corvus brachyrhynchos,"kidney, spleen, abdominal cavity",2002,Lineage_1
KJ501369,West Nile virus,GenBank,set:KJ501369,"Newman,R.M., Zody,M.C., Ip,H., Poon,T.W., Charlebois,P., Weiner,B., Yang,X., Piper,M.E., Fitzgerald,M., McCowan,C., Young,S., Gargeya,S., Levin,J., Malboeuf,C., Qu,J., Ireland,A., Chapman,S.B., Murphy,C., Wortman,J., Nusbaum,C., Birren,B.",Broad Institute of MIT & Harvard,USA,6/30/14,WNV-1/US/BID-V6574/2002,Orthoflavivirus nilense,10713,complete,USA,USA,NA,Passer domesticus,"kidney, spleen, abdominal cavity",2002,Lineage_1
KJ501370,West Nile virus,GenBank,set:KJ501370,"Newman,R.M., Zody,M.C., Ip,H., Poon,T.W., Charlebois,P., Weiner,B., Yang,X., Piper,M.E., Fitzgerald,M., McCowan,C., Young,S., Gargeya,S., Levin,J., Malboeuf,C., Qu,J., Ireland,A., Chapman,S.B., Murphy,C., Wortman,J., Nusbaum,C., Birren,B.",Broad Institute of MIT & Harvard,USA,6/30/14,WNV-1/US/BID-V6610/2002,Orthoflavivirus nilense,11029,complete,USA,USA,NA,Cyanocitta cristata,"kidney, spleen, abdominal cavity",2002,Lineage_1
KJ501371,West Nile virus,GenBank,set:KJ501371,"Newman,R.M., Zody,M.C., Ip,H., Poon,T.W., Charlebois,P., Weiner,B., Yang,X., Piper,M.E., Fitzgerald,M., McCowan,C., Young,S., Gargeya,S., Levin,J., Malboeuf,C., Qu,J., Ireland,A., Chapman,S.B., Murphy,C., Wortman,J., Nusbaum,C., Birren,B.",Broad Institute of MIT & Harvard,USA,6/30/14,WNV-1/US/BID-V6611/2002,Orthoflavivirus nilense,11029,complete,USA,USA,NA,Cyanocitta cristata,"kidney, spleen, abdominal cavity",2002,Lineage_1
KJ501372,West Nile virus,GenBank,set:KJ501372,"Newman,R.M., Zody,M.C., Ip,H., Poon,T.W., Charlebois,P., Weiner,B., Yang,X., Piper,M.E., Fitzgerald,M., McCowan,C., Young,S., Gargeya,S., Levin,J., Malboeuf,C., Qu,J., Ireland,A., Chapman,S.B., Murphy,C., Wortman,J., Nusbaum,C., Birren,B.",Broad Institute of MIT & Harvard,USA,6/30/14,WNV-1/US/BID-V6615/2003,Orthoflavivirus nilense,11028,complete,USA,USA,NA,Coragyps atratus,"kidney, spleen, abdominal cavity",2003,Lineage_1
KJ501374,West Nile virus,GenBank,set:KJ501374,"Newman,R.M., Zody,M.C., Ip,H., Poon,T.W., Charlebois,P., Weiner,B., Yang,X., Piper,M.E., Fitzgerald,M., McCowan,C., Young,S., Gargeya,S., Levin,J., Malboeuf,C., Qu,J., Ireland,A., Chapman,S.B., Murphy,C., Wortman,J., Nusbaum,C., Birren,B.",Broad Institute of MIT & Harvard,USA,6/30/14,WNV-1/US/BID-V6622/2001,Orthoflavivirus nilense,10979,complete,USA,USA,NA,Buteo jamaicensis,"kidney, spleen, abdominal cavity",2001,Lineage_1
KJ501375,West Nile virus,GenBank,set:KJ501375,"Newman,R.M., Zody,M.C., Ip,H., Poon,T.W., Charlebois,P., Weiner,B., Yang,X., Piper,M.E., Fitzgerald,M., McCowan,C., Young,S., Gargeya,S., Levin,J., Malboeuf,C., Qu,J., Ireland,A., Chapman,S.B., Murphy,C., Wortman,J., Nusbaum,C., Birren,B.",Broad Institute of MIT & Harvard,USA,6/30/14,WNV-1/US/BID-V6623/2002,Orthoflavivirus nilense,10979,complete,USA,USA,NA,Corvus brachyrhynchos,"kidney, spleen, abdominal cavity",2002,Lineage_1
KJ501376,West Nile virus,GenBank,set:KJ501376,"Newman,R.M., Zody,M.C., Ip,H., Poon,T.W., Charlebois,P., Weiner,B., Yang,X., Piper,M.E., Fitzgerald,M., McCowan,C., Young,S., Gargeya,S., Levin,J., Malboeuf,C., Qu,J., Ireland,A., Chapman,S.B., Murphy,C., Wortman,J., Nusbaum,C., Birren,B.",Broad Institute of MIT & Harvard,USA,6/30/14,WNV-1/US/BID-V6627/2002,Orthoflavivirus nilense,10462,complete,USA,USA,NA,Bubo virginianus,feather,2002,Lineage_1
KJ501377,West Nile virus,GenBank,set:KJ501377,"Newman,R.M., Zody,M.C., Ip,H., Poon,T.W., Charlebois,P., Weiner,B., Yang,X., Piper,M.E., Fitzgerald,M., McCowan,C., Young,S., Gargeya,S., Levin,J., Malboeuf,C., Qu,J., Ireland,A., Chapman,S.B., Murphy,C., Wortman,J., Nusbaum,C., Birren,B.",Broad Institute of MIT & Harvard,USA,6/30/14,WNV-1/US/BID-V6628/2001,Orthoflavivirus nilense,10979,complete,USA,USA,NA,Bubo virginianus,"kidney, spleen, abdominal cavity",2001,Lineage_1
KJ501378,West Nile virus,GenBank,set:KJ501378,"Newman,R.M., Zody,M.C., Ip,H., Poon,T.W., Charlebois,P., Weiner,B., Yang,X., Piper,M.E., Fitzgerald,M., McCowan,C., Young,S., Gargeya,S., Levin,J., Malboeuf,C., Qu,J., Ireland,A., Chapman,S.B., Murphy,C., Wortman,J., Nusbaum,C., Birren,B.",Broad Institute of MIT & Harvard,USA,6/30/14,WNV-1/US/BID-V6629/2001,Orthoflavivirus nilense,10970,complete,USA,USA,NA,Corvus brachyrhynchos,"kidney, spleen, abdominal cavity",2001,Lineage_1
KJ501379,West Nile virus,GenBank,set:KJ501379,"Newman,R.M., Zody,M.C., Ip,H., Poon,T.W., Charlebois,P., Weiner,B., Yang,X., Piper,M.E., Fitzgerald,M., McCowan,C., Young,S., Gargeya,S., Levin,J., Malboeuf,C., Qu,J., Ireland,A., Chapman,S.B., Murphy,C., Wortman,J., Nusbaum,C., Birren,B.",Broad Institute of MIT & Harvard,USA,6/30/14,WNV-1/US/BID-V6630/2001,Orthoflavivirus nilense,10979,complete,USA,USA,NA,Cyanocitta cristata,"kidney, spleen, abdominal cavity",2001,Lineage_1
KJ501380,West Nile virus,GenBank,set:KJ501380,"Newman,R.M., Zody,M.C., Ip,H., Poon,T.W., Charlebois,P., Weiner,B., Yang,X., Piper,M.E., Fitzgerald,M., McCowan,C., Young,S., Gargeya,S., Levin,J., Malboeuf,C., Qu,J., Ireland,A., Chapman,S.B., Murphy,C., Wortman,J., Nusbaum,C., Birren,B.",Broad Institute of MIT & Harvard,USA,6/30/14,WNV-1/US/BID-V6631/2002,Orthoflavivirus nilense,11029,complete,USA,USA,NA,Bubo virginianus,brain,2002,Lineage_1
KJ501381,West Nile virus,GenBank,set:KJ501381,"Newman,R.M., Zody,M.C., Ip,H., Poon,T.W., Charlebois,P., Weiner,B., Yang,X., Piper,M.E., Fitzgerald,M., McCowan,C., Young,S., Gargeya,S., Levin,J., Malboeuf,C., Qu,J., Ireland,A., Chapman,S.B., Murphy,C., Wortman,J., Nusbaum,C., Birren,B.",Broad Institute of MIT & Harvard,USA,6/30/14,WNV-1/US/BID-V6632/2003,Orthoflavivirus nilense,10976,complete,USA,USA,NA,Pelecanus erythrorhynchos,brain,2003,Lineage_1
KJ501382,West Nile virus,GenBank,set:KJ501382,"Newman,R.M., Zody,M.C., Ip,H., Poon,T.W., Charlebois,P., Weiner,B., Yang,X., Piper,M.E., Fitzgerald,M., McCowan,C., Young,S., Gargeya,S., Levin,J., Malboeuf,C., Qu,J., Ireland,A., Chapman,S.B., Murphy,C., Wortman,J., Nusbaum,C., Birren,B.",Broad Institute of MIT & Harvard,USA,6/30/14,WNV-1/US/BID-V6633/2003,Orthoflavivirus nilense,10977,complete,USA,USA,NA,Phalacrocorax auritus,brain,2003,Lineage_1
KJ501383,West Nile virus,GenBank,set:KJ501383,"Newman,R.M., Zody,M.C., Ip,H., Poon,T.W., Charlebois,P., Weiner,B., Yang,X., Piper,M.E., Fitzgerald,M., McCowan,C., Young,S., Gargeya,S., Levin,J., Malboeuf,C., Qu,J., Ireland,A., Chapman,S.B., Murphy,C., Wortman,J., Nusbaum,C., Birren,B.",Broad Institute of MIT & Harvard,USA,6/30/14,WNV-1/US/BID-V6634/2002,Orthoflavivirus nilense,10995,complete,USA,USA,NA,Cyanocitta cristata,"kidney, spleen, abdominal cavity",2002,Lineage_1
KJ501384,West Nile virus,GenBank,set:KJ501384,"Newman,R.M., Zody,M.C., Ip,H., Poon,T.W., Charlebois,P., Weiner,B., Yang,X., Piper,M.E., Fitzgerald,M., McCowan,C., Young,S., Gargeya,S., Levin,J., Malboeuf,C., Qu,J., Ireland,A., Chapman,S.B., Murphy,C., Wortman,J., Nusbaum,C., Birren,B.",Broad Institute of MIT & Harvard,USA,6/30/14,WNV-1/US/BID-V6635/2002,Orthoflavivirus nilense,11029,complete,USA,USA,NA,Cyanocitta cristata,"kidney, spleen, abdominal cavity",2002,Lineage_1
KJ501385,West Nile virus,GenBank,set:KJ501385,"Newman,R.M., Zody,M.C., Ip,H., Poon,T.W., Charlebois,P., Weiner,B., Yang,X., Piper,M.E., Fitzgerald,M., McCowan,C., Young,S., Gargeya,S., Levin,J., Malboeuf,C., Qu,J., Ireland,A., Chapman,S.B., Murphy,C., Wortman,J., Nusbaum,C., Birren,B.",Broad Institute of MIT & Harvard,USA,6/30/14,WNV-1/US/BID-V6637/2004,Orthoflavivirus nilense,11029,complete,USA,USA,NA,Buteo swainsoni,brain,2004,Lineage_1
KJ501386,West Nile virus,GenBank,set:KJ501386,"Newman,R.M., Zody,M.C., Ip,H., Poon,T.W., Charlebois,P., Weiner,B., Yang,X., Piper,M.E., Fitzgerald,M., McCowan,C., Young,S., Gargeya,S., Levin,J., Malboeuf,C., Qu,J., Ireland,A., Chapman,S.B., Murphy,C., Wortman,J., Nusbaum,C., Birren,B.",Broad Institute of MIT & Harvard,USA,6/30/14,WNV-1/US/BID-V6639/2007,Orthoflavivirus nilense,10993,complete,USA,USA,NA,Pelecanus erythrorhynchos,feather,2007,Lineage_1
KJ501387,West Nile virus,GenBank,set:KJ501387,"Newman,R.M., Zody,M.C., Ip,H., Poon,T.W., Charlebois,P., Weiner,B., Yang,X., Piper,M.E., Fitzgerald,M., McCowan,C., Young,S., Gargeya,S., Levin,J., Malboeuf,C., Qu,J., Ireland,A., Chapman,S.B., Murphy,C., Wortman,J., Nusbaum,C., Birren,B.",Broad Institute of MIT & Harvard,USA,6/30/14,WNV-1/US/BID-V6642/2002,Orthoflavivirus nilense,10979,complete,USA,USA,NA,Cyanocitta cristata,"kidney, spleen, abdominal cavity",2002,Lineage_1
KJ501388,West Nile virus,GenBank,set:KJ501388,"Newman,R.M., Zody,M.C., Ip,H., Poon,T.W., Charlebois,P., Weiner,B., Yang,X., Piper,M.E., Fitzgerald,M., McCowan,C., Young,S., Gargeya,S., Levin,J., Malboeuf,C., Qu,J., Ireland,A., Chapman,S.B., Murphy,C., Wortman,J., Nusbaum,C., Birren,B.",Broad Institute of MIT & Harvard,USA,6/30/14,WNV-1/US/BID-V6643/2002,Orthoflavivirus nilense,11028,complete,USA,USA,NA,Cyanocitta cristata,"kidney, spleen, abdominal cavity",2002,Lineage_1
KJ501389,West Nile virus,GenBank,set:KJ501389,"Newman,R.M., Zody,M.C., Ip,H., Poon,T.W., Charlebois,P., Weiner,B., Yang,X., Piper,M.E., Fitzgerald,M., McCowan,C., Young,S., Gargeya,S., Levin,J., Malboeuf,C., Qu,J., Ireland,A., Chapman,S.B., Murphy,C., Wortman,J., Nusbaum,C., Birren,B.",Broad Institute of MIT & Harvard,USA,6/30/14,WNV-1/US/BID-V6645/2003,Orthoflavivirus nilense,10831,complete,USA,USA,NA,Pelecanus erythrorhynchos,feather,2003,Lineage_1
KJ501390,West Nile virus,GenBank,set:KJ501390,"Newman,R.M., Zody,M.C., Ip,H., Poon,T.W., Charlebois,P., Weiner,B., Yang,X., Piper,M.E., Fitzgerald,M., McCowan,C., Young,S., Gargeya,S., Levin,J., Malboeuf,C., Qu,J., Ireland,A., Chapman,S.B., Murphy,C., Wortman,J., Nusbaum,C., Birren,B.",Broad Institute of MIT & Harvard,USA,6/30/14,WNV-1/US/BID-V6646/2003,Orthoflavivirus nilense,10982,complete,USA,USA,NA,Pelecanus erythrorhynchos,feather,2003,Lineage_1
KJ501391,West Nile virus,GenBank,set:KJ501391,"Newman,R.M., Zody,M.C., Ip,H., Poon,T.W., Charlebois,P., Weiner,B., Yang,X., Piper,M.E., Fitzgerald,M., McCowan,C., Young,S., Gargeya,S., Levin,J., Malboeuf,C., Qu,J., Ireland,A., Chapman,S.B., Murphy,C., Wortman,J., Nusbaum,C., Birren,B.",Broad Institute of MIT & Harvard,USA,6/30/14,WNV-1/US/BID-V6647/2003,Orthoflavivirus nilense,10975,complete,USA,USA,NA,Pelecanus erythrorhynchos,feather,2003,Lineage_1
KJ501392,West Nile virus,GenBank,set:KJ501392,"Newman,R.M., Zody,M.C., Ip,H., Poon,T.W., Charlebois,P., Weiner,B., Yang,X., Piper,M.E., Fitzgerald,M., McCowan,C., Young,S., Gargeya,S., Levin,J., Malboeuf,C., Qu,J., Ireland,A., Chapman,S.B., Murphy,C., Wortman,J., Nusbaum,C., Birren,B.",Broad Institute of MIT & Harvard,USA,6/30/14,WNV-1/US/BID-V6648/2003,Orthoflavivirus nilense,10971,complete,USA,USA,NA,Pelecanus erythrorhynchos,feather,2003,Lineage_1
KJ501393,West Nile virus,GenBank,set:KJ501393,"Newman,R.M., Zody,M.C., Ip,H., Poon,T.W., Charlebois,P., Weiner,B., Yang,X., Piper,M.E., Fitzgerald,M., McCowan,C., Young,S., Gargeya,S., Levin,J., Malboeuf,C., Qu,J., Ireland,A., Chapman,S.B., Murphy,C., Wortman,J., Nusbaum,C., Birren,B.",Broad Institute of MIT & Harvard,USA,6/30/14,WNV-1/US/BID-V6649/2001,Orthoflavivirus nilense,10947,complete,USA,USA,NA,Corvus brachyrhynchos,"kidney, spleen, abdominal cavity",2001,Lineage_1
KJ501394,West Nile virus,GenBank,set:KJ501394,"Newman,R.M., Zody,M.C., Ip,H., Poon,T.W., Charlebois,P., Weiner,B., Yang,X., Piper,M.E., Fitzgerald,M., McCowan,C., Young,S., Gargeya,S., Levin,J., Malboeuf,C., Qu,J., Ireland,A., Chapman,S.B., Murphy,C., Wortman,J., Nusbaum,C., Birren,B.",Broad Institute of MIT & Harvard,USA,6/30/14,WNV-1/US/BID-V6650/2001,Orthoflavivirus nilense,10985,complete,USA,USA,NA,Corvus brachyrhynchos,"kidney, spleen, abdominal cavity",2001,Lineage_1
KJ501395,West Nile virus,GenBank,set:KJ501395,"Newman,R.M., Zody,M.C., Ip,H., Poon,T.W., Charlebois,P., Weiner,B., Yang,X., Piper,M.E., Fitzgerald,M., McCowan,C., Young,S., Gargeya,S., Levin,J., Malboeuf,C., Qu,J., Ireland,A., Chapman,S.B., Murphy,C., Wortman,J., Nusbaum,C., Birren,B.",Broad Institute of MIT & Harvard,USA,6/30/14,WNV-1/US/BID-V6651/2001,Orthoflavivirus nilense,11029,complete,USA,USA,NA,Corvus brachyrhynchos,"kidney, spleen, abdominal cavity",2001,Lineage_1
KJ501396,West Nile virus,GenBank,set:KJ501396,"Newman,R.M., Zody,M.C., Ip,H., Poon,T.W., Charlebois,P., Weiner,B., Yang,X., Piper,M.E., Fitzgerald,M., McCowan,C., Young,S., Gargeya,S., Levin,J., Malboeuf,C., Qu,J., Ireland,A., Chapman,S.B., Murphy,C., Wortman,J., Nusbaum,C., Birren,B.",Broad Institute of MIT & Harvard,USA,6/30/14,WNV-1/US/BID-V6653/2003,Orthoflavivirus nilense,10979,complete,USA,USA,NA,Corvus brachyrhynchos,feather,2003,Lineage_1
KJ501397,West Nile virus,GenBank,set:KJ501397,"Newman,R.M., Zody,M.C., Ip,H., Poon,T.W., Charlebois,P., Weiner,B., Yang,X., Piper,M.E., Fitzgerald,M., McCowan,C., Young,S., Gargeya,S., Levin,J., Malboeuf,C., Qu,J., Ireland,A., Chapman,S.B., Murphy,C., Wortman,J., Nusbaum,C., Birren,B.",Broad Institute of MIT & Harvard,USA,6/30/14,WNV-1/US/BID-V6654/2002,Orthoflavivirus nilense,10978,complete,USA,USA,NA,Cyanocitta cristata,"kidney, spleen, abdominal cavity",2002,Lineage_1
KJ501398,West Nile virus,GenBank,set:KJ501398,"Newman,R.M., Zody,M.C., Ip,H., Poon,T.W., Charlebois,P., Weiner,B., Yang,X., Piper,M.E., Fitzgerald,M., McCowan,C., Young,S., Gargeya,S., Levin,J., Malboeuf,C., Qu,J., Ireland,A., Chapman,S.B., Murphy,C., Wortman,J., Nusbaum,C., Birren,B.",Broad Institute of MIT & Harvard,USA,6/30/14,WNV-1/US/BID-V6656/2004,Orthoflavivirus nilense,10991,complete,USA,USA,NA,Pelecanus occidentalis,"kidney, spleen, abdominal cavity",2004,Lineage_1
KJ501399,West Nile virus,GenBank,set:KJ501399,"Newman,R.M., Zody,M.C., Ip,H., Poon,T.W., Charlebois,P., Weiner,B., Yang,X., Piper,M.E., Fitzgerald,M., McCowan,C., Young,S., Gargeya,S., Levin,J., Malboeuf,C., Qu,J., Ireland,A., Chapman,S.B., Murphy,C., Wortman,J., Nusbaum,C., Birren,B.",Broad Institute of MIT & Harvard,USA,6/30/14,WNV-1/US/BID-V6657/2002,Orthoflavivirus nilense,11029,complete,USA,USA,NA,Haemorhous mexicanus,"kidney, spleen, abdominal cavity",2002,Lineage_1
KJ501400,West Nile virus,GenBank,set:KJ501400,"Newman,R.M., Zody,M.C., Ip,H., Poon,T.W., Charlebois,P., Weiner,B., Yang,X., Piper,M.E., Fitzgerald,M., McCowan,C., Young,S., Gargeya,S., Levin,J., Malboeuf,C., Qu,J., Ireland,A., Chapman,S.B., Murphy,C., Wortman,J., Nusbaum,C., Birren,B.",Broad Institute of MIT & Harvard,USA,6/30/14,WNV-1/US/BID-V6658/2002,Orthoflavivirus nilense,10984,complete,USA,USA,NA,Passer domesticus,"kidney, spleen, abdominal cavity",2002,Lineage_1
KJ501401,West Nile virus,GenBank,set:KJ501401,"Newman,R.M., Zody,M.C., Ip,H., Poon,T.W., Charlebois,P., Weiner,B., Yang,X., Piper,M.E., Fitzgerald,M., McCowan,C., Young,S., Gargeya,S., Levin,J., Malboeuf,C., Qu,J., Ireland,A., Chapman,S.B., Murphy,C., Wortman,J., Nusbaum,C., Birren,B.",Broad Institute of MIT & Harvard,USA,6/30/14,WNV-1/US/BID-V6659/2001,Orthoflavivirus nilense,10979,complete,USA,USA,NA,Corvus brachyrhynchos,"kidney, spleen, abdominal cavity",2001,Lineage_1
KJ501402,West Nile virus,GenBank,set:KJ501402,"Newman,R.M., Zody,M.C., Ip,H., Poon,T.W., Charlebois,P., Weiner,B., Yang,X., Piper,M.E., Fitzgerald,M., McCowan,C., Young,S., Gargeya,S., Levin,J., Malboeuf,C., Qu,J., Ireland,A., Chapman,S.B., Murphy,C., Wortman,J., Nusbaum,C., Birren,B.",Broad Institute of MIT & Harvard,USA,6/30/14,WNV-1/US/BID-V6662/2004,Orthoflavivirus nilense,10982,complete,USA,USA,NA,Pelecanus erythrorhynchos,"kidney, spleen, abdominal cavity",2004,Lineage_1
KJ501403,West Nile virus,GenBank,set:KJ501403,"Newman,R.M., Zody,M.C., Ip,H., Poon,T.W., Charlebois,P., Weiner,B., Yang,X., Piper,M.E., Fitzgerald,M., McCowan,C., Young,S., Gargeya,S., Levin,J., Malboeuf,C., Qu,J., Ireland,A., Chapman,S.B., Murphy,C., Wortman,J., Nusbaum,C., Birren,B.",Broad Institute of MIT & Harvard,USA,6/30/14,WNV-1/US/BID-V6663/2005,Orthoflavivirus nilense,11000,complete,USA,USA,NA,Pelecanus erythrorhynchos,NA,2005,Lineage_1
KJ501404,West Nile virus,GenBank,set:KJ501404,"Newman,R.M., Zody,M.C., Ip,H., Poon,T.W., Charlebois,P., Weiner,B., Yang,X., Piper,M.E., Fitzgerald,M., McCowan,C., Young,S., Gargeya,S., Levin,J., Malboeuf,C., Qu,J., Ireland,A., Chapman,S.B., Murphy,C., Wortman,J., Nusbaum,C., Birren,B.",Broad Institute of MIT & Harvard,USA,6/30/14,WNV-1/US/BID-V6664/2005,Orthoflavivirus nilense,11029,complete,USA,USA,NA,Pelecanus erythrorhynchos,feather,2005,Lineage_1
KJ501405,West Nile virus,GenBank,set:KJ501405,"Newman,R.M., Zody,M.C., Ip,H., Poon,T.W., Charlebois,P., Weiner,B., Yang,X., Piper,M.E., Fitzgerald,M., McCowan,C., Young,S., Gargeya,S., Levin,J., Malboeuf,C., Qu,J., Ireland,A., Chapman,S.B., Murphy,C., Wortman,J., Nusbaum,C., Birren,B.",Broad Institute of MIT & Harvard,USA,6/30/14,WNV-1/US/BID-V6665/2006,Orthoflavivirus nilense,10795,complete,USA,USA,NA,Pelecanus erythrorhynchos,"brain, kidney, spleen, feather, abdominal cavity",2006,Lineage_1
KJ501406,West Nile virus,GenBank,set:KJ501406,"Newman,R.M., Zody,M.C., Ip,H., Poon,T.W., Charlebois,P., Weiner,B., Yang,X., Piper,M.E., Fitzgerald,M., McCowan,C., Young,S., Gargeya,S., Levin,J., Malboeuf,C., Qu,J., Ireland,A., Chapman,S.B., Murphy,C., Wortman,J., Nusbaum,C., Birren,B.",Broad Institute of MIT & Harvard,USA,6/30/14,WNV-1/US/BID-V6666/2006,Orthoflavivirus nilense,11026,complete,USA,USA,NA,Pelecanus erythrorhynchos,feather,2006,Lineage_1
KJ501407,West Nile virus,GenBank,set:KJ501407,"Newman,R.M., Zody,M.C., Ip,H., Poon,T.W., Charlebois,P., Weiner,B., Yang,X., Piper,M.E., Fitzgerald,M., McCowan,C., Young,S., Gargeya,S., Levin,J., Malboeuf,C., Qu,J., Ireland,A., Chapman,S.B., Murphy,C., Wortman,J., Nusbaum,C., Birren,B.",Broad Institute of MIT & Harvard,USA,6/30/14,WNV-1/US/BID-V6667/2006,Orthoflavivirus nilense,10995,complete,USA,USA,NA,Pelecanus erythrorhynchos,feather,2006,Lineage_1
KJ501408,West Nile virus,GenBank,set:KJ501408,"Newman,R.M., Zody,M.C., Ip,H., Poon,T.W., Charlebois,P., Weiner,B., Yang,X., Piper,M.E., Fitzgerald,M., McCowan,C., Young,S., Gargeya,S., Levin,J., Malboeuf,C., Qu,J., Ireland,A., Chapman,S.B., Murphy,C., Wortman,J., Nusbaum,C., Birren,B.",Broad Institute of MIT & Harvard,USA,6/30/14,WNV-1/US/BID-V6668/2006,Orthoflavivirus nilense,10953,complete,USA,USA,NA,Pelecanus erythrorhynchos,feather,2006,Lineage_1
KJ501409,West Nile virus,GenBank,set:KJ501409,"Newman,R.M., Zody,M.C., Ip,H., Poon,T.W., Charlebois,P., Weiner,B., Yang,X., Piper,M.E., Fitzgerald,M., McCowan,C., Young,S., Gargeya,S., Levin,J., Malboeuf,C., Qu,J., Ireland,A., Chapman,S.B., Murphy,C., Wortman,J., Nusbaum,C., Birren,B.",Broad Institute of MIT & Harvard,USA,6/30/14,WNV-1/US/BID-V6669/2006,Orthoflavivirus nilense,11031,complete,USA,USA,NA,Pelecanus erythrorhynchos,feather,2006,Lineage_1
KJ501410,West Nile virus,GenBank,set:KJ501410,"Newman,R.M., Zody,M.C., Ip,H., Poon,T.W., Charlebois,P., Weiner,B., Yang,X., Piper,M.E., Fitzgerald,M., McCowan,C., Young,S., Gargeya,S., Levin,J., Malboeuf,C., Qu,J., Ireland,A., Chapman,S.B., Murphy,C., Wortman,J., Nusbaum,C., Birren,B.",Broad Institute of MIT & Harvard,USA,6/30/14,WNV-1/US/BID-V6670/2006,Orthoflavivirus nilense,10936,complete,USA,USA,NA,Cygnus buccinator,feather,2006,Lineage_1
KJ501411,West Nile virus,GenBank,set:KJ501411,"Newman,R.M., Zody,M.C., Ip,H., Poon,T.W., Charlebois,P., Weiner,B., Yang,X., Piper,M.E., Fitzgerald,M., McCowan,C., Young,S., Gargeya,S., Levin,J., Malboeuf,C., Qu,J., Ireland,A., Chapman,S.B., Murphy,C., Wortman,J., Nusbaum,C., Birren,B.",Broad Institute of MIT & Harvard,USA,6/30/14,WNV-1/US/BID-V6673/2008,Orthoflavivirus nilense,10953,complete,USA,USA,NA,Passer domesticus,"spleen, liver, abdominal cavity",2008,Lineage_1
KJ501413,West Nile virus,GenBank,set:KJ501413,"Newman,R.M., Zody,M.C., Ip,H., Poon,T.W., Charlebois,P., Weiner,B., Yang,X., Piper,M.E., Fitzgerald,M., McCowan,C., Young,S., Gargeya,S., Levin,J., Malboeuf,C., Qu,J., Ireland,A., Chapman,S.B., Murphy,C., Wortman,J., Nusbaum,C., Birren,B.",Broad Institute of MIT & Harvard,USA,6/30/14,WNV-1/US/BID-V6675/2004,Orthoflavivirus nilense,10964,complete,USA,USA,NA,Corvus brachyrhynchos,"kidney, spleen, abdominal cavity",2004,Lineage_1
KJ501414,West Nile virus,GenBank,set:KJ501414,"Newman,R.M., Zody,M.C., Ip,H., Poon,T.W., Charlebois,P., Weiner,B., Yang,X., Piper,M.E., Fitzgerald,M., McCowan,C., Young,S., Gargeya,S., Levin,J., Malboeuf,C., Qu,J., Ireland,A., Chapman,S.B., Murphy,C., Wortman,J., Nusbaum,C., Birren,B.",Broad Institute of MIT & Harvard,USA,6/30/14,WNV-1/US/BID-V6678/2005,Orthoflavivirus nilense,10975,complete,USA,USA,NA,Sternula,"kidney, spleen, abdominal cavity",2005,Lineage_1
KJ501415,West Nile virus,GenBank,set:KJ501415,"Newman,R.M., Zody,M.C., Ip,H., Poon,T.W., Charlebois,P., Weiner,B., Yang,X., Piper,M.E., Fitzgerald,M., McCowan,C., Young,S., Gargeya,S., Levin,J., Malboeuf,C., Qu,J., Ireland,A., Chapman,S.B., Murphy,C., Wortman,J., Nusbaum,C., Birren,B.",Broad Institute of MIT & Harvard,USA,6/30/14,WNV-1/US/BID-V6681/2006,Orthoflavivirus nilense,10951,complete,USA,USA,NA,Pelecanus erythrorhynchos,feather,2006,Lineage_1
KJ501416,West Nile virus,GenBank,set:KJ501416,"Newman,R.M., Zody,M.C., Ip,H., Poon,T.W., Charlebois,P., Weiner,B., Yang,X., Piper,M.E., Fitzgerald,M., McCowan,C., Young,S., Gargeya,S., Levin,J., Malboeuf,C., Qu,J., Ireland,A., Chapman,S.B., Murphy,C., Wortman,J., Nusbaum,C., Birren,B.",Broad Institute of MIT & Harvard,USA,6/30/14,WNV-1/US/BID-V6683/2006,Orthoflavivirus nilense,10978,complete,USA,USA,NA,Charadrius melodus,feather,2006,Lineage_1
KJ501418,West Nile virus,GenBank,set:KJ501418,"Newman,R.M., Zody,M.C., Ip,H., Poon,T.W., Charlebois,P., Weiner,B., Yang,X., Piper,M.E., Fitzgerald,M., McCowan,C., Young,S., Gargeya,S., Levin,J., Malboeuf,C., Qu,J., Ireland,A., Chapman,S.B., Murphy,C., Wortman,J., Nusbaum,C., Birren,B.",Broad Institute of MIT & Harvard,USA,6/30/14,WNV-1/US/BID-V6685/2008,Orthoflavivirus nilense,10979,complete,USA,USA,NA,Sternula antillarum,feather,2008,Lineage_1
KJ501419,West Nile virus,GenBank,set:KJ501419,"Newman,R.M., Zody,M.C., Ip,H., Poon,T.W., Charlebois,P., Weiner,B., Yang,X., Piper,M.E., Fitzgerald,M., McCowan,C., Young,S., Gargeya,S., Levin,J., Malboeuf,C., Qu,J., Ireland,A., Chapman,S.B., Murphy,C., Wortman,J., Nusbaum,C., Birren,B.",Broad Institute of MIT & Harvard,USA,6/30/14,WNV-1/US/BID-V6686/2004,Orthoflavivirus nilense,11027,complete,USA,USA,NA,Pelecanus erythrorhynchos,feather,2004,Lineage_1
KJ501420,West Nile virus,GenBank,set:KJ501420,"Newman,R.M., Zody,M.C., Ip,H., Poon,T.W., Charlebois,P., Weiner,B., Yang,X., Piper,M.E., Fitzgerald,M., McCowan,C., Young,S., Gargeya,S., Levin,J., Malboeuf,C., Qu,J., Ireland,A., Chapman,S.B., Murphy,C., Wortman,J., Nusbaum,C., Birren,B.",Broad Institute of MIT & Harvard,USA,6/30/14,WNV-1/US/BID-V6687/2004,Orthoflavivirus nilense,10984,complete,USA,USA,NA,Pelecanus erythrorhynchos,feather,2004,Lineage_1
KJ501421,West Nile virus,GenBank,set:KJ501421,"Newman,R.M., Zody,M.C., Ip,H., Poon,T.W., Charlebois,P., Weiner,B., Yang,X., Piper,M.E., Fitzgerald,M., McCowan,C., Young,S., Gargeya,S., Levin,J., Malboeuf,C., Qu,J., Ireland,A., Chapman,S.B., Murphy,C., Wortman,J., Nusbaum,C., Birren,B.",Broad Institute of MIT & Harvard,USA,6/30/14,WNV-1/US/BID-V6688/2004,Orthoflavivirus nilense,10977,complete,USA,USA,NA,Pelecanus erythrorhynchos,feather,2004,Lineage_1
KJ501422,West Nile virus,GenBank,set:KJ501422,"Newman,R.M., Zody,M.C., Ip,H., Poon,T.W., Charlebois,P., Weiner,B., Yang,X., Piper,M.E., Fitzgerald,M., McCowan,C., Young,S., Gargeya,S., Levin,J., Malboeuf,C., Qu,J., Ireland,A., Chapman,S.B., Murphy,C., Wortman,J., Nusbaum,C., Birren,B.",Broad Institute of MIT & Harvard,USA,6/30/14,WNV-1/US/BID-V6690/2004,Orthoflavivirus nilense,10973,complete,USA,USA,NA,Pelecanus erythrorhynchos,feather,2004,Lineage_1
KJ501423,West Nile virus,GenBank,set:KJ501423,"Newman,R.M., Zody,M.C., Ip,H., Poon,T.W., Charlebois,P., Weiner,B., Yang,X., Piper,M.E., Fitzgerald,M., McCowan,C., Young,S., Gargeya,S., Levin,J., Malboeuf,C., Qu,J., Ireland,A., Chapman,S.B., Murphy,C., Wortman,J., Nusbaum,C., Birren,B.",Broad Institute of MIT & Harvard,USA,6/30/14,WNV-1/US/BID-V6691/2004,Orthoflavivirus nilense,10979,complete,USA,USA,NA,Pelecanus erythrorhynchos,feather,2004,Lineage_1
KJ501424,West Nile virus,GenBank,set:KJ501424,"Newman,R.M., Zody,M.C., Ip,H., Poon,T.W., Charlebois,P., Weiner,B., Yang,X., Piper,M.E., Fitzgerald,M., McCowan,C., Young,S., Gargeya,S., Levin,J., Malboeuf,C., Qu,J., Ireland,A., Chapman,S.B., Murphy,C., Wortman,J., Nusbaum,C., Birren,B.",Broad Institute of MIT & Harvard,USA,6/30/14,WNV-1/US/BID-V6694/2007,Orthoflavivirus nilense,10979,complete,USA,USA,NA,Pelecanus erythrorhynchos,feather,2007,Lineage_1
KJ501425,West Nile virus,GenBank,set:KJ501425,"Newman,R.M., Zody,M.C., Ip,H., Poon,T.W., Charlebois,P., Weiner,B., Yang,X., Piper,M.E., Fitzgerald,M., McCowan,C., Young,S., Gargeya,S., Levin,J., Malboeuf,C., Qu,J., Ireland,A., Chapman,S.B., Murphy,C., Wortman,J., Nusbaum,C., Birren,B.",Broad Institute of MIT & Harvard,USA,6/30/14,WNV-1/US/BID-V6695/2007,Orthoflavivirus nilense,10979,complete,USA,USA,NA,Pelecanus erythrorhynchos,feather,2007,Lineage_1
KJ501426,West Nile virus,GenBank,set:KJ501426,"Newman,R.M., Zody,M.C., Ip,H., Poon,T.W., Charlebois,P., Weiner,B., Yang,X., Piper,M.E., Fitzgerald,M., McCowan,C., Young,S., Gargeya,S., Levin,J., Malboeuf,C., Qu,J., Ireland,A., Chapman,S.B., Murphy,C., Wortman,J., Nusbaum,C., Birren,B.",Broad Institute of MIT & Harvard,USA,6/30/14,WNV-1/US/BID-V6698/2002,Orthoflavivirus nilense,10990,complete,USA,USA,NA,Corvus brachyrhynchos,"kidney, spleen, abdominal cavity",2002,Lineage_1
KJ501427,West Nile virus,GenBank,set:KJ501427,"Newman,R.M., Zody,M.C., Ip,H., Poon,T.W., Charlebois,P., Weiner,B., Yang,X., Piper,M.E., Fitzgerald,M., McCowan,C., Young,S., Gargeya,S., Levin,J., Malboeuf,C., Qu,J., Ireland,A., Chapman,S.B., Murphy,C., Wortman,J., Nusbaum,C., Birren,B.",Broad Institute of MIT & Harvard,USA,6/30/14,WNV-1/US/BID-V6699/2002,Orthoflavivirus nilense,10979,complete,USA,USA,NA,Ictinia mississippiensis,"kidney, spleen, abdominal cavity",2002,Lineage_1
KJ501428,West Nile virus,GenBank,set:KJ501428,"Newman,R.M., Zody,M.C., Ip,H., Poon,T.W., Charlebois,P., Weiner,B., Yang,X., Piper,M.E., Fitzgerald,M., McCowan,C., Young,S., Gargeya,S., Levin,J., Malboeuf,C., Qu,J., Ireland,A., Chapman,S.B., Murphy,C., Wortman,J., Nusbaum,C., Birren,B.",Broad Institute of MIT & Harvard,USA,6/30/14,WNV-1/US/BID-V6700/2006,Orthoflavivirus nilense,10977,complete,USA,USA,NA,Phalacrocorax auritus,"kidney, spleen, abdominal cavity",2006,Lineage_1
KJ501429,West Nile virus,GenBank,set:KJ501429,"Newman,R.M., Zody,M.C., Ip,H., Poon,T.W., Charlebois,P., Weiner,B., Yang,X., Piper,M.E., Fitzgerald,M., McCowan,C., Young,S., Gargeya,S., Levin,J., Malboeuf,C., Qu,J., Ireland,A., Chapman,S.B., Murphy,C., Wortman,J., Nusbaum,C., Birren,B.",Broad Institute of MIT & Harvard,USA,6/30/14,WNV-1/US/BID-V6702/2006,Orthoflavivirus nilense,11029,complete,USA,USA,NA,Pelecanus erythrorhynchos,feather,2006,Lineage_1
KJ501430,West Nile virus,GenBank,set:KJ501430,"Newman,R.M., Zody,M.C., Ip,H., Poon,T.W., Charlebois,P., Weiner,B., Yang,X., Piper,M.E., Fitzgerald,M., McCowan,C., Young,S., Gargeya,S., Levin,J., Malboeuf,C., Qu,J., Ireland,A., Chapman,S.B., Murphy,C., Wortman,J., Nusbaum,C., Birren,B.",Broad Institute of MIT & Harvard,USA,6/30/14,WNV-1/US/BID-V6703/2006,Orthoflavivirus nilense,11029,complete,USA,USA,NA,Pelecanus erythrorhynchos,feather,2006,Lineage_1
KJ501431,West Nile virus,GenBank,set:KJ501431,"Newman,R.M., Zody,M.C., Ip,H., Poon,T.W., Charlebois,P., Weiner,B., Yang,X., Piper,M.E., Fitzgerald,M., McCowan,C., Young,S., Gargeya,S., Levin,J., Malboeuf,C., Qu,J., Ireland,A., Chapman,S.B., Murphy,C., Wortman,J., Nusbaum,C., Birren,B.",Broad Institute of MIT & Harvard,USA,6/30/14,WNV-1/US/BID-V6704/2006,Orthoflavivirus nilense,10868,complete,USA,USA,NA,Pelecanus erythrorhynchos,feather,2006,Lineage_1
KJ501432,West Nile virus,GenBank,set:KJ501432,"Newman,R.M., Zody,M.C., Ip,H., Poon,T.W., Charlebois,P., Weiner,B., Yang,X., Piper,M.E., Fitzgerald,M., McCowan,C., Young,S., Gargeya,S., Levin,J., Malboeuf,C., Qu,J., Ireland,A., Chapman,S.B., Murphy,C., Wortman,J., Nusbaum,C., Birren,B.",Broad Institute of MIT & Harvard,USA,6/30/14,WNV-1/US/BID-V7270/2012,Orthoflavivirus nilense,10936,complete,USA,USA,NA,Corvus brachyrhynchos,feather,2012,Lineage_1
KJ501434,West Nile virus,GenBank,set:KJ501434,"Newman,R.M., Zody,M.C., Ip,H., Poon,T.W., Charlebois,P., Weiner,B., Yang,X., Piper,M.E., Fitzgerald,M., McCowan,C., Young,S., Gargeya,S., Levin,J., Malboeuf,C., Qu,J., Ireland,A., Chapman,S.B., Murphy,C., Wortman,J., Nusbaum,C., Birren,B.",Broad Institute of MIT & Harvard,USA,6/30/14,WNV-1/US/BID-V7277/2012,Orthoflavivirus nilense,10979,complete,USA,USA,NA,Pelecanus erythrorhynchos,feather,2012,Lineage_1
KJ501437,West Nile virus,GenBank,set:KJ501437,"Newman,R.M., Zody,M.C., Ip,H., Poon,T.W., Charlebois,P., Weiner,B., Yang,X., Piper,M.E., Fitzgerald,M., McCowan,C., Young,S., Gargeya,S., Levin,J., Malboeuf,C., Qu,J., Ireland,A., Chapman,S.B., Murphy,C., Wortman,J., Nusbaum,C., Birren,B.",Broad Institute of MIT & Harvard,USA,6/30/14,WNV-1/US/BID-V7286/2012,Orthoflavivirus nilense,10978,complete,USA,USA,NA,Corvus brachyrhynchos,oronasopharynx,2012,Lineage_1
KJ501438,West Nile virus,GenBank,set:KJ501438,"Newman,R.M., Zody,M.C., Ip,H., Poon,T.W., Charlebois,P., Weiner,B., Yang,X., Piper,M.E., Fitzgerald,M., McCowan,C., Young,S., Gargeya,S., Levin,J., Malboeuf,C., Qu,J., Ireland,A., Chapman,S.B., Murphy,C., Wortman,J., Nusbaum,C., Birren,B.",Broad Institute of MIT & Harvard,USA,6/30/14,WNV-1/US/BID-V6171/2010,Orthoflavivirus nilense,11028,complete,USA,USA,NA,Haliaeetus leucocephalus,feather,2010,Lineage_1
KJ501439,West Nile virus,GenBank,set:KJ501439,"Newman,R.M., Zody,M.C., Ip,H., Poon,T.W., Charlebois,P., Weiner,B., Yang,X., Piper,M.E., Fitzgerald,M., McCowan,C., Young,S., Gargeya,S., Levin,J., Malboeuf,C., Qu,J., Ireland,A., Chapman,S.B., Murphy,C., Wortman,J., Nusbaum,C., Birren,B.",Broad Institute of MIT & Harvard,USA,6/30/14,WNV-1/US/BID-V6194/2001,Orthoflavivirus nilense,11028,complete,USA,USA,NA,Corvus brachyrhynchos,"kidney, spleen, abdominal cavity",2001,Lineage_1
KJ501440,West Nile virus,GenBank,set:KJ501440,"Newman,R.M., Zody,M.C., Ip,H., Poon,T.W., Charlebois,P., Weiner,B., Yang,X., Piper,M.E., Fitzgerald,M., McCowan,C., Young,S., Gargeya,S., Levin,J., Malboeuf,C., Qu,J., Ireland,A., Chapman,S.B., Murphy,C., Wortman,J., Nusbaum,C., Birren,B.",Broad Institute of MIT & Harvard,USA,6/30/14,WNV-1/US/BID-V6212/2008,Orthoflavivirus nilense,11003,complete,USA,USA,NA,Pelecanus erythrorhynchos,feather,2008,Lineage_1
KJ501441,West Nile virus,GenBank,set:KJ501441,"Newman,R.M., Zody,M.C., Ip,H., Poon,T.W., Charlebois,P., Weiner,B., Yang,X., Piper,M.E., Fitzgerald,M., McCowan,C., Young,S., Gargeya,S., Levin,J., Malboeuf,C., Qu,J., Ireland,A., Chapman,S.B., Murphy,C., Wortman,J., Nusbaum,C., Birren,B.",Broad Institute of MIT & Harvard,USA,6/30/14,WNV-1/US/BID-V6213/2008,Orthoflavivirus nilense,10979,complete,USA,USA,NA,Buteo regalis,"kidney, spleen, abdominal cavity",2008,Lineage_1
KJ501442,West Nile virus,GenBank,set:KJ501442,"Newman,R.M., Zody,M.C., Ip,H., Poon,T.W., Charlebois,P., Weiner,B., Yang,X., Piper,M.E., Fitzgerald,M., McCowan,C., Young,S., Gargeya,S., Levin,J., Malboeuf,C., Qu,J., Ireland,A., Chapman,S.B., Murphy,C., Wortman,J., Nusbaum,C., Birren,B.",Broad Institute of MIT & Harvard,USA,6/30/14,WNV-1/US/BID-V6371/2010,Orthoflavivirus nilense,11029,complete,USA,USA,NA,Haliaeetus leucocephalus,"kidney, spleen, abdominal cavity",2010,Lineage_1
KJ501443,West Nile virus,GenBank,set:KJ501443,"Newman,R.M., Zody,M.C., Ip,H., Poon,T.W., Charlebois,P., Weiner,B., Yang,X., Piper,M.E., Fitzgerald,M., McCowan,C., Young,S., Gargeya,S., Levin,J., Malboeuf,C., Qu,J., Ireland,A., Chapman,S.B., Murphy,C., Wortman,J., Nusbaum,C., Birren,B.",Broad Institute of MIT & Harvard,USA,6/30/14,WNV-1/US/BID-V6373/2001,Orthoflavivirus nilense,11028,complete,USA,USA,NA,Corvus brachyrhynchos,"kidney, spleen, abdominal cavity",2001,Lineage_1
KJ501445,West Nile virus,GenBank,set:KJ501445,"Newman,R.M., Zody,M.C., Ip,H., Poon,T.W., Charlebois,P., Weiner,B., Yang,X., Piper,M.E., Fitzgerald,M., McCowan,C., Young,S., Gargeya,S., Levin,J., Malboeuf,C., Qu,J., Ireland,A., Chapman,S.B., Murphy,C., Wortman,J., Nusbaum,C., Birren,B.",Broad Institute of MIT & Harvard,USA,6/30/14,WNV-1/US/BID-V6381/2001,Orthoflavivirus nilense,10990,complete,USA,USA,NA,Corvus brachyrhynchos,"kidney, spleen, abdominal cavity",2001,Lineage_1
KJ501446,West Nile virus,GenBank,set:KJ501446,"Newman,R.M., Zody,M.C., Ip,H., Poon,T.W., Charlebois,P., Weiner,B., Yang,X., Piper,M.E., Fitzgerald,M., McCowan,C., Young,S., Gargeya,S., Levin,J., Malboeuf,C., Qu,J., Ireland,A., Chapman,S.B., Murphy,C., Wortman,J., Nusbaum,C., Birren,B.",Broad Institute of MIT & Harvard,USA,6/30/14,WNV-1/US/BID-V6386/2003,Orthoflavivirus nilense,10984,complete,USA,USA,NA,Bubo virginianus,"kidney, spleen, abdominal cavity",2003,Lineage_1
KJ501447,West Nile virus,GenBank,set:KJ501447,"Newman,R.M., Zody,M.C., Ip,H., Poon,T.W., Charlebois,P., Weiner,B., Yang,X., Piper,M.E., Fitzgerald,M., McCowan,C., Young,S., Gargeya,S., Levin,J., Malboeuf,C., Qu,J., Ireland,A., Chapman,S.B., Murphy,C., Wortman,J., Nusbaum,C., Birren,B.",Broad Institute of MIT & Harvard,USA,6/30/14,WNV-1/US/BID-V6388/2003,Orthoflavivirus nilense,10984,complete,USA,USA,NA,Corvus brachyrhynchos,"kidney, spleen, abdominal cavity",2003,Lineage_1
KJ501448,West Nile virus,GenBank,set:KJ501448,"Newman,R.M., Zody,M.C., Ip,H., Poon,T.W., Charlebois,P., Weiner,B., Yang,X., Piper,M.E., Fitzgerald,M., McCowan,C., Young,S., Gargeya,S., Levin,J., Malboeuf,C., Qu,J., Ireland,A., Chapman,S.B., Murphy,C., Wortman,J., Nusbaum,C., Birren,B.",Broad Institute of MIT & Harvard,USA,6/30/14,WNV-1/US/BID-V6393/2002,Orthoflavivirus nilense,11029,complete,USA,USA,NA,Corvus brachyrhynchos,"kidney, spleen, abdominal cavity",2001,Lineage_1
KJ501449,West Nile virus,GenBank,set:KJ501449,"Newman,R.M., Zody,M.C., Ip,H., Poon,T.W., Charlebois,P., Weiner,B., Yang,X., Piper,M.E., Fitzgerald,M., McCowan,C., Young,S., Gargeya,S., Levin,J., Malboeuf,C., Qu,J., Ireland,A., Chapman,S.B., Murphy,C., Wortman,J., Nusbaum,C., Birren,B.",Broad Institute of MIT & Harvard,USA,6/30/14,WNV-1/US/BID-V6398/2002,Orthoflavivirus nilense,10987,complete,USA,USA,NA,Cyanocitta cristata,"kidney, spleen, abdominal cavity",2002,Lineage_1
KJ501450,West Nile virus,GenBank,set:KJ501450,"Newman,R.M., Zody,M.C., Ip,H., Poon,T.W., Charlebois,P., Weiner,B., Yang,X., Piper,M.E., Fitzgerald,M., McCowan,C., Young,S., Gargeya,S., Levin,J., Malboeuf,C., Qu,J., Ireland,A., Chapman,S.B., Murphy,C., Wortman,J., Nusbaum,C., Birren,B.",Broad Institute of MIT & Harvard,USA,6/30/14,WNV-1/US/BID-V6399/2002,Orthoflavivirus nilense,10979,complete,USA,USA,NA,Corvus brachyrhynchos,"kidney, spleen, abdominal cavity",2002,Lineage_1
KJ501451,West Nile virus,GenBank,set:KJ501451,"Newman,R.M., Zody,M.C., Ip,H., Poon,T.W., Charlebois,P., Weiner,B., Yang,X., Piper,M.E., Fitzgerald,M., McCowan,C., Young,S., Gargeya,S., Levin,J., Malboeuf,C., Qu,J., Ireland,A., Chapman,S.B., Murphy,C., Wortman,J., Nusbaum,C., Birren,B.",Broad Institute of MIT & Harvard,USA,6/30/14,WNV-1/US/BID-V6402/2003,Orthoflavivirus nilense,10980,complete,USA,USA,NA,Corvus brachyrhynchos,"kidney, spleen, abdominal cavity",2003,Lineage_1
KJ501452,West Nile virus,GenBank,set:KJ501452,"Newman,R.M., Zody,M.C., Ip,H., Poon,T.W., Charlebois,P., Weiner,B., Yang,X., Piper,M.E., Fitzgerald,M., McCowan,C., Young,S., Gargeya,S., Levin,J., Malboeuf,C., Qu,J., Ireland,A., Chapman,S.B., Murphy,C., Wortman,J., Nusbaum,C., Birren,B.",Broad Institute of MIT & Harvard,USA,6/30/14,WNV-1/US/BID-V6405/2001,Orthoflavivirus nilense,10979,complete,USA,USA,NA,Corvus brachyrhynchos,"kidney, spleen, abdominal cavity",2001,Lineage_1
KJ501453,West Nile virus,GenBank,set:KJ501453,"Newman,R.M., Zody,M.C., Ip,H., Poon,T.W., Charlebois,P., Weiner,B., Yang,X., Piper,M.E., Fitzgerald,M., McCowan,C., Young,S., Gargeya,S., Levin,J., Malboeuf,C., Qu,J., Ireland,A., Chapman,S.B., Murphy,C., Wortman,J., Nusbaum,C., Birren,B.",Broad Institute of MIT & Harvard,USA,6/30/14,WNV-1/US/BID-V6407/2001,Orthoflavivirus nilense,10980,complete,USA,USA,NA,Corvus brachyrhynchos,"kidney, spleen, abdominal cavity",2001,Lineage_1
KJ501455,West Nile virus,GenBank,set:KJ501455,"Newman,R.M., Zody,M.C., Ip,H., Poon,T.W., Charlebois,P., Weiner,B., Yang,X., Piper,M.E., Fitzgerald,M., McCowan,C., Young,S., Gargeya,S., Levin,J., Malboeuf,C., Qu,J., Ireland,A., Chapman,S.B., Murphy,C., Wortman,J., Nusbaum,C., Birren,B.",Broad Institute of MIT & Harvard,USA,6/30/14,WNV-1/US/BID-V6418/2001,Orthoflavivirus nilense,10979,complete,USA,USA,NA,Cyanocitta cristata,"kidney, spleen, abdominal cavity",2001,Lineage_1
KJ501456,West Nile virus,GenBank,set:KJ501456,"Newman,R.M., Zody,M.C., Ip,H., Poon,T.W., Charlebois,P., Weiner,B., Yang,X., Piper,M.E., Fitzgerald,M., McCowan,C., Young,S., Gargeya,S., Levin,J., Malboeuf,C., Qu,J., Ireland,A., Chapman,S.B., Murphy,C., Wortman,J., Nusbaum,C., Birren,B.",Broad Institute of MIT & Harvard,USA,6/30/14,WNV-1/US/BID-V6426/2003,Orthoflavivirus nilense,11034,complete,USA,USA,NA,Corvus brachyrhynchos,feather,2003,Lineage_1
KJ501457,West Nile virus,GenBank,set:KJ501457,"Newman,R.M., Zody,M.C., Ip,H., Poon,T.W., Charlebois,P., Weiner,B., Yang,X., Piper,M.E., Fitzgerald,M., McCowan,C., Young,S., Gargeya,S., Levin,J., Malboeuf,C., Qu,J., Ireland,A., Chapman,S.B., Murphy,C., Wortman,J., Nusbaum,C., Birren,B.",Broad Institute of MIT & Harvard,USA,6/30/14,WNV-1/US/BID-V6429/2003,Orthoflavivirus nilense,10995,complete,USA,USA,NA,Corvus brachyrhynchos,feather,2003,Lineage_1
KJ501458,West Nile virus,GenBank,set:KJ501458,"Newman,R.M., Zody,M.C., Ip,H., Poon,T.W., Charlebois,P., Weiner,B., Yang,X., Piper,M.E., Fitzgerald,M., McCowan,C., Young,S., Gargeya,S., Levin,J., Malboeuf,C., Qu,J., Ireland,A., Chapman,S.B., Murphy,C., Wortman,J., Nusbaum,C., Birren,B.",Broad Institute of MIT & Harvard,USA,6/30/14,WNV-1/US/BID-V6432/2002,Orthoflavivirus nilense,10979,complete,USA,USA,NA,Cyanocitta cristata,"kidney, spleen, abdominal cavity",2002,Lineage_1
KJ501460,West Nile virus,GenBank,set:KJ501460,"Newman,R.M., Zody,M.C., Ip,H., Poon,T.W., Charlebois,P., Weiner,B., Yang,X., Piper,M.E., Fitzgerald,M., McCowan,C., Young,S., Gargeya,S., Levin,J., Malboeuf,C., Qu,J., Ireland,A., Chapman,S.B., Murphy,C., Wortman,J., Nusbaum,C., Birren,B.",Broad Institute of MIT & Harvard,USA,6/30/14,WNV-1/US/BID-V6439/2003,Orthoflavivirus nilense,11003,complete,USA,USA,NA,Sciurus carolinensis,brain,2003,Lineage_1
KJ501461,West Nile virus,GenBank,set:KJ501461,"Newman,R.M., Zody,M.C., Ip,H., Poon,T.W., Charlebois,P., Weiner,B., Yang,X., Piper,M.E., Fitzgerald,M., McCowan,C., Young,S., Gargeya,S., Levin,J., Malboeuf,C., Qu,J., Ireland,A., Chapman,S.B., Murphy,C., Wortman,J., Nusbaum,C., Birren,B.",Broad Institute of MIT & Harvard,USA,6/30/14,WNV-1/US/BID-V6440/2005,Orthoflavivirus nilense,10995,complete,USA,USA,NA,Calidris alba,"kidney, spleen, abdominal cavity",2005,Lineage_1
KJ501462,West Nile virus,GenBank,set:KJ501462,"Newman,R.M., Zody,M.C., Ip,H., Poon,T.W., Charlebois,P., Weiner,B., Yang,X., Piper,M.E., Fitzgerald,M., McCowan,C., Young,S., Gargeya,S., Levin,J., Malboeuf,C., Qu,J., Ireland,A., Chapman,S.B., Murphy,C., Wortman,J., Nusbaum,C., Birren,B.",Broad Institute of MIT & Harvard,USA,6/30/14,WNV-1/US/BID-V6441/2002,Orthoflavivirus nilense,10953,complete,USA,USA,NA,Buteo jamaicensis,"kidney, spleen, abdominal cavity",2002,Lineage_1
KJ501463,West Nile virus,GenBank,set:KJ501463,"Newman,R.M., Zody,M.C., Ip,H., Poon,T.W., Charlebois,P., Weiner,B., Yang,X., Piper,M.E., Fitzgerald,M., McCowan,C., Young,S., Gargeya,S., Levin,J., Malboeuf,C., Qu,J., Ireland,A., Chapman,S.B., Murphy,C., Wortman,J., Nusbaum,C., Birren,B.",Broad Institute of MIT & Harvard,USA,6/30/14,WNV-1/US/BID-V6442/2002,Orthoflavivirus nilense,10982,complete,USA,USA,NA,Corvus brachyrhynchos,"kidney, spleen, abdominal cavity",2002,Lineage_1
KJ501464,West Nile virus,GenBank,set:KJ501464,"Newman,R.M., Zody,M.C., Ip,H., Poon,T.W., Charlebois,P., Weiner,B., Yang,X., Piper,M.E., Fitzgerald,M., McCowan,C., Young,S., Gargeya,S., Levin,J., Malboeuf,C., Qu,J., Ireland,A., Chapman,S.B., Murphy,C., Wortman,J., Nusbaum,C., Birren,B.",Broad Institute of MIT & Harvard,USA,6/30/14,WNV-1/US/BID-V6448/2002,Orthoflavivirus nilense,10962,complete,USA,USA,NA,Cyanocitta cristata,"kidney, spleen, abdominal cavity",2002,Lineage_1
KJ501465,West Nile virus,GenBank,set:KJ501465,"Newman,R.M., Zody,M.C., Ip,H., Poon,T.W., Charlebois,P., Weiner,B., Yang,X., Piper,M.E., Fitzgerald,M., McCowan,C., Young,S., Gargeya,S., Levin,J., Malboeuf,C., Qu,J., Ireland,A., Chapman,S.B., Murphy,C., Wortman,J., Nusbaum,C., Birren,B.",Broad Institute of MIT & Harvard,USA,6/30/14,WNV-1/US/BID-V6450/2001,Orthoflavivirus nilense,10979,complete,USA,USA,NA,Corvus brachyrhynchos,"kidney, spleen, abdominal cavity",2001,Lineage_1
KJ501466,West Nile virus,GenBank,set:KJ501466,"Newman,R.M., Zody,M.C., Ip,H., Poon,T.W., Charlebois,P., Weiner,B., Yang,X., Piper,M.E., Fitzgerald,M., McCowan,C., Young,S., Gargeya,S., Levin,J., Malboeuf,C., Qu,J., Ireland,A., Chapman,S.B., Murphy,C., Wortman,J., Nusbaum,C., Birren,B.",Broad Institute of MIT & Harvard,USA,6/30/14,WNV-1/US/BID-V6451/2002,Orthoflavivirus nilense,11031,complete,USA,USA,NA,Bubo virginianus,"eye, skin",2002,Lineage_1
KJ501467,West Nile virus,GenBank,set:KJ501467,"Newman,R.M., Zody,M.C., Ip,H., Poon,T.W., Charlebois,P., Weiner,B., Yang,X., Piper,M.E., Fitzgerald,M., McCowan,C., Young,S., Gargeya,S., Levin,J., Malboeuf,C., Qu,J., Ireland,A., Chapman,S.B., Murphy,C., Wortman,J., Nusbaum,C., Birren,B.",Broad Institute of MIT & Harvard,USA,6/30/14,WNV-1/US/BID-V6453/2002,Orthoflavivirus nilense,10984,complete,USA,USA,NA,Bubo virginianus,blood,2002,Lineage_1
KJ501468,West Nile virus,GenBank,set:KJ501468,"Newman,R.M., Zody,M.C., Ip,H., Poon,T.W., Charlebois,P., Weiner,B., Yang,X., Piper,M.E., Fitzgerald,M., McCowan,C., Young,S., Gargeya,S., Levin,J., Malboeuf,C., Qu,J., Ireland,A., Chapman,S.B., Murphy,C., Wortman,J., Nusbaum,C., Birren,B.",Broad Institute of MIT & Harvard,USA,6/30/14,WNV-1/US/BID-V6458/2001,Orthoflavivirus nilense,11028,complete,USA,USA,NA,Sturnidae,"kidney, spleen, abdominal cavity",2001,Lineage_1
KJ501469,West Nile virus,GenBank,set:KJ501469,"Newman,R.M., Zody,M.C., Ip,H., Poon,T.W., Charlebois,P., Weiner,B., Yang,X., Piper,M.E., Fitzgerald,M., McCowan,C., Young,S., Gargeya,S., Levin,J., Malboeuf,C., Qu,J., Ireland,A., Chapman,S.B., Murphy,C., Wortman,J., Nusbaum,C., Birren,B.",Broad Institute of MIT & Harvard,USA,6/30/14,WNV-1/US/BID-V6462/2003,Orthoflavivirus nilense,10975,complete,USA,USA,NA,Charadrius melodus,feather,2003,Lineage_1
KJ501470,West Nile virus,GenBank,set:KJ501470,"Newman,R.M., Zody,M.C., Ip,H., Poon,T.W., Charlebois,P., Weiner,B., Yang,X., Piper,M.E., Fitzgerald,M., McCowan,C., Young,S., Gargeya,S., Levin,J., Malboeuf,C., Qu,J., Ireland,A., Chapman,S.B., Murphy,C., Wortman,J., Nusbaum,C., Birren,B.",Broad Institute of MIT & Harvard,USA,6/30/14,WNV-1/US/BID-V6463/2003,Orthoflavivirus nilense,11029,complete,USA,USA,NA,Larus delawarensis,heart,2003,Lineage_1
KJ501471,West Nile virus,GenBank,set:KJ501471,"Newman,R.M., Zody,M.C., Ip,H., Poon,T.W., Charlebois,P., Weiner,B., Yang,X., Piper,M.E., Fitzgerald,M., McCowan,C., Young,S., Gargeya,S., Levin,J., Malboeuf,C., Qu,J., Ireland,A., Chapman,S.B., Murphy,C., Wortman,J., Nusbaum,C., Birren,B.",Broad Institute of MIT & Harvard,USA,6/30/14,WNV-1/US/BID-V6465/2005,Orthoflavivirus nilense,10984,complete,USA,USA,NA,Haliaeetus leucocephalus,feather,2005,Lineage_1
KJ501472,West Nile virus,GenBank,set:KJ501472,"Newman,R.M., Zody,M.C., Ip,H., Poon,T.W., Charlebois,P., Weiner,B., Yang,X., Piper,M.E., Fitzgerald,M., McCowan,C., Young,S., Gargeya,S., Levin,J., Malboeuf,C., Qu,J., Ireland,A., Chapman,S.B., Murphy,C., Wortman,J., Nusbaum,C., Birren,B.",Broad Institute of MIT & Harvard,USA,6/30/14,WNV-1/US/BID-V6468/2003,Orthoflavivirus nilense,11026,complete,USA,USA,NA,Corvus brachyrhynchos,feather,2003,Lineage_1
KJ501473,West Nile virus,GenBank,set:KJ501473,"Newman,R.M., Zody,M.C., Ip,H., Poon,T.W., Charlebois,P., Weiner,B., Yang,X., Piper,M.E., Fitzgerald,M., McCowan,C., Young,S., Gargeya,S., Levin,J., Malboeuf,C., Qu,J., Ireland,A., Chapman,S.B., Murphy,C., Wortman,J., Nusbaum,C., Birren,B.",Broad Institute of MIT & Harvard,USA,6/30/14,WNV-1/US/BID-V6469/2001,Orthoflavivirus nilense,10978,complete,USA,USA,NA,Corvus brachyrhynchos,"kidney, spleen, abdominal cavity",2001,Lineage_1
KJ501474,West Nile virus,GenBank,set:KJ501474,"Newman,R.M., Zody,M.C., Ip,H., Poon,T.W., Charlebois,P., Weiner,B., Yang,X., Piper,M.E., Fitzgerald,M., McCowan,C., Young,S., Gargeya,S., Levin,J., Malboeuf,C., Qu,J., Ireland,A., Chapman,S.B., Murphy,C., Wortman,J., Nusbaum,C., Birren,B.",Broad Institute of MIT & Harvard,USA,6/30/14,WNV-1/US/BID-V6470/2002,Orthoflavivirus nilense,11028,complete,USA,USA,NA,Bubo virginianus,brain,2002,Lineage_1
KJ501475,West Nile virus,GenBank,set:KJ501475,"Newman,R.M., Zody,M.C., Ip,H., Poon,T.W., Charlebois,P., Weiner,B., Yang,X., Piper,M.E., Fitzgerald,M., McCowan,C., Young,S., Gargeya,S., Levin,J., Malboeuf,C., Qu,J., Ireland,A., Chapman,S.B., Murphy,C., Wortman,J., Nusbaum,C., Birren,B.",Broad Institute of MIT & Harvard,USA,6/30/14,WNV-1/US/BID-V6471/2002,Orthoflavivirus nilense,11031,complete,USA,USA,NA,Cyanocitta cristata,"kidney, spleen, abdominal cavity",2002,Lineage_1
KJ501476,West Nile virus,GenBank,set:KJ501476,"Newman,R.M., Zody,M.C., Ip,H., Poon,T.W., Charlebois,P., Weiner,B., Yang,X., Piper,M.E., Fitzgerald,M., McCowan,C., Young,S., Gargeya,S., Levin,J., Malboeuf,C., Qu,J., Ireland,A., Chapman,S.B., Murphy,C., Wortman,J., Nusbaum,C., Birren,B.",Broad Institute of MIT & Harvard,USA,6/30/14,WNV-1/US/BID-V6473/2002,Orthoflavivirus nilense,10979,complete,USA,USA,NA,Pica pica,"kidney, spleen, abdominal cavity",2002,Lineage_1
KJ501477,West Nile virus,GenBank,set:KJ501477,"Newman,R.M., Zody,M.C., Ip,H., Poon,T.W., Charlebois,P., Weiner,B., Yang,X., Piper,M.E., Fitzgerald,M., McCowan,C., Young,S., Gargeya,S., Levin,J., Malboeuf,C., Qu,J., Ireland,A., Chapman,S.B., Murphy,C., Wortman,J., Nusbaum,C., Birren,B.",Broad Institute of MIT & Harvard,USA,6/30/14,WNV-1/US/BID-V6474/2003,Orthoflavivirus nilense,11018,complete,USA,USA,NA,Corvus brachyrhynchos,feather,2003,Lineage_1
KJ501478,West Nile virus,GenBank,set:KJ501478,"Newman,R.M., Zody,M.C., Ip,H., Poon,T.W., Charlebois,P., Weiner,B., Yang,X., Piper,M.E., Fitzgerald,M., McCowan,C., Young,S., Gargeya,S., Levin,J., Malboeuf,C., Qu,J., Ireland,A., Chapman,S.B., Murphy,C., Wortman,J., Nusbaum,C., Birren,B.",Broad Institute of MIT & Harvard,USA,6/30/14,WNV-1/US/BID-V6475/2003,Orthoflavivirus nilense,10979,complete,USA,USA,NA,Cyanocitta cristata,"kidney, spleen, abdominal cavity",2003,Lineage_1
KJ501479,West Nile virus,GenBank,set:KJ501479,"Newman,R.M., Zody,M.C., Ip,H., Poon,T.W., Charlebois,P., Weiner,B., Yang,X., Piper,M.E., Fitzgerald,M., McCowan,C., Young,S., Gargeya,S., Levin,J., Malboeuf,C., Qu,J., Ireland,A., Chapman,S.B., Murphy,C., Wortman,J., Nusbaum,C., Birren,B.",Broad Institute of MIT & Harvard,USA,6/30/14,WNV-1/US/BID-V6477/2002,Orthoflavivirus nilense,10960,complete,USA,USA,NA,Passer domesticus,"kidney, spleen, abdominal cavity",2002,Lineage_1
KJ501480,West Nile virus,GenBank,set:KJ501480,"Newman,R.M., Zody,M.C., Ip,H., Poon,T.W., Charlebois,P., Weiner,B., Yang,X., Piper,M.E., Fitzgerald,M., McCowan,C., Young,S., Gargeya,S., Levin,J., Malboeuf,C., Qu,J., Ireland,A., Chapman,S.B., Murphy,C., Wortman,J., Nusbaum,C., Birren,B.",Broad Institute of MIT & Harvard,USA,6/30/14,WNV-1/US/BID-V6478/2001,Orthoflavivirus nilense,11024,complete,USA,USA,NA,Corvus brachyrhynchos,"kidney, spleen, abdominal cavity",2001,Lineage_1
KJ501481,West Nile virus,GenBank,set:KJ501481,"Newman,R.M., Zody,M.C., Ip,H., Poon,T.W., Charlebois,P., Weiner,B., Yang,X., Piper,M.E., Fitzgerald,M., McCowan,C., Young,S., Gargeya,S., Levin,J., Malboeuf,C., Qu,J., Ireland,A., Chapman,S.B., Murphy,C., Wortman,J., Nusbaum,C., Birren,B.",Broad Institute of MIT & Harvard,USA,6/30/14,WNV-1/US/BID-V6483/2002,Orthoflavivirus nilense,11033,complete,USA,USA,NA,Corvus brachyrhynchos,"kidney, spleen, abdominal cavity",2002,Lineage_1
KJ501482,West Nile virus,GenBank,set:KJ501482,"Newman,R.M., Zody,M.C., Ip,H., Poon,T.W., Charlebois,P., Weiner,B., Yang,X., Piper,M.E., Fitzgerald,M., McCowan,C., Young,S., Gargeya,S., Levin,J., Malboeuf,C., Qu,J., Ireland,A., Chapman,S.B., Murphy,C., Wortman,J., Nusbaum,C., Birren,B.",Broad Institute of MIT & Harvard,USA,6/30/14,WNV-1/US/BID-V6491/2002,Orthoflavivirus nilense,10960,complete,USA,USA,NA,Cyanocitta cristata,"kidney, spleen, abdominal cavity",2002,Lineage_1
KJ501483,West Nile virus,GenBank,set:KJ501483,"Newman,R.M., Zody,M.C., Ip,H., Poon,T.W., Charlebois,P., Weiner,B., Yang,X., Piper,M.E., Fitzgerald,M., McCowan,C., Young,S., Gargeya,S., Levin,J., Malboeuf,C., Qu,J., Ireland,A., Chapman,S.B., Murphy,C., Wortman,J., Nusbaum,C., Birren,B.",Broad Institute of MIT & Harvard,USA,6/30/14,WNV-1/US/BID-V6492/2002,Orthoflavivirus nilense,11028,complete,USA,USA,NA,Cyanocitta cristata,"kidney, spleen, abdominal cavity",2002,Lineage_1
KJ501484,West Nile virus,GenBank,set:KJ501484,"Newman,R.M., Zody,M.C., Ip,H., Poon,T.W., Charlebois,P., Weiner,B., Yang,X., Piper,M.E., Fitzgerald,M., McCowan,C., Young,S., Gargeya,S., Levin,J., Malboeuf,C., Qu,J., Ireland,A., Chapman,S.B., Murphy,C., Wortman,J., Nusbaum,C., Birren,B.",Broad Institute of MIT & Harvard,USA,6/30/14,WNV-1/US/BID-V6493/2002,Orthoflavivirus nilense,10979,complete,USA,USA,NA,Corvus brachyrhynchos,"kidney, spleen, abdominal cavity",2002,Lineage_1
KJ501485,West Nile virus,GenBank,set:KJ501485,"Newman,R.M., Zody,M.C., Ip,H., Poon,T.W., Charlebois,P., Weiner,B., Yang,X., Piper,M.E., Fitzgerald,M., McCowan,C., Young,S., Gargeya,S., Levin,J., Malboeuf,C., Qu,J., Ireland,A., Chapman,S.B., Murphy,C., Wortman,J., Nusbaum,C., Birren,B.",Broad Institute of MIT & Harvard,USA,6/30/14,WNV-1/US/BID-V6495/2006,Orthoflavivirus nilense,10989,complete,USA,USA,NA,Pelecanus erythrorhynchos,"kidney, spleen, abdominal cavity",2006,Lineage_1
KJ501486,West Nile virus,GenBank,set:KJ501486,"Newman,R.M., Zody,M.C., Ip,H., Poon,T.W., Charlebois,P., Weiner,B., Yang,X., Piper,M.E., Fitzgerald,M., McCowan,C., Young,S., Gargeya,S., Levin,J., Malboeuf,C., Qu,J., Ireland,A., Chapman,S.B., Murphy,C., Wortman,J., Nusbaum,C., Birren,B.",Broad Institute of MIT & Harvard,USA,6/30/14,WNV-1/US/BID-V6496/2001,Orthoflavivirus nilense,11031,complete,USA,USA,NA,Buteo jamaicensis,"kidney, spleen, abdominal cavity",2001,Lineage_1
KJ501487,West Nile virus,GenBank,set:KJ501487,"Newman,R.M., Zody,M.C., Ip,H., Poon,T.W., Charlebois,P., Weiner,B., Yang,X., Piper,M.E., Fitzgerald,M., McCowan,C., Young,S., Gargeya,S., Levin,J., Malboeuf,C., Qu,J., Ireland,A., Chapman,S.B., Murphy,C., Wortman,J., Nusbaum,C., Birren,B.",Broad Institute of MIT & Harvard,USA,6/30/14,WNV-1/US/BID-V6497/2005,Orthoflavivirus nilense,10978,complete,USA,USA,NA,Corvus brachyrhynchos,feather,2005,Lineage_1
KJ501488,West Nile virus,GenBank,set:KJ501488,"Newman,R.M., Zody,M.C., Ip,H., Poon,T.W., Charlebois,P., Weiner,B., Yang,X., Piper,M.E., Fitzgerald,M., McCowan,C., Young,S., Gargeya,S., Levin,J., Malboeuf,C., Qu,J., Ireland,A., Chapman,S.B., Murphy,C., Wortman,J., Nusbaum,C., Birren,B.",Broad Institute of MIT & Harvard,USA,6/30/14,WNV-1/US/BID-V6499/2003,Orthoflavivirus nilense,11029,complete,USA,USA,NA,Pelecanus erythrorhynchos,"kidney, spleen, abdominal cavity",2003,Lineage_1
KJ501489,West Nile virus,GenBank,set:KJ501489,"Newman,R.M., Zody,M.C., Ip,H., Poon,T.W., Charlebois,P., Weiner,B., Yang,X., Piper,M.E., Fitzgerald,M., McCowan,C., Young,S., Gargeya,S., Levin,J., Malboeuf,C., Qu,J., Ireland,A., Chapman,S.B., Murphy,C., Wortman,J., Nusbaum,C., Birren,B.",Broad Institute of MIT & Harvard,USA,6/30/14,WNV-1/US/BID-V6506/2002,Orthoflavivirus nilense,11010,complete,USA,USA,NA,Corvus brachyrhynchos,"kidney, spleen, abdominal cavity",2002,Lineage_1
KJ501490,West Nile virus,GenBank,set:KJ501490,"Newman,R.M., Zody,M.C., Ip,H., Poon,T.W., Charlebois,P., Weiner,B., Yang,X., Piper,M.E., Fitzgerald,M., McCowan,C., Young,S., Gargeya,S., Levin,J., Malboeuf,C., Qu,J., Ireland,A., Chapman,S.B., Murphy,C., Wortman,J., Nusbaum,C., Birren,B.",Broad Institute of MIT & Harvard,USA,6/30/14,WNV-1/US/BID-V6507/2002,Orthoflavivirus nilense,10953,complete,USA,USA,NA,Corvus brachyrhynchos,"kidney, spleen, abdominal cavity",2002,Lineage_1
KJ501491,West Nile virus,GenBank,set:KJ501491,"Newman,R.M., Zody,M.C., Ip,H., Poon,T.W., Charlebois,P., Weiner,B., Yang,X., Piper,M.E., Fitzgerald,M., McCowan,C., Young,S., Gargeya,S., Levin,J., Malboeuf,C., Qu,J., Ireland,A., Chapman,S.B., Murphy,C., Wortman,J., Nusbaum,C., Birren,B.",Broad Institute of MIT & Harvard,USA,6/30/14,WNV-1/US/BID-V6508/2002,Orthoflavivirus nilense,11019,complete,USA,USA,NA,Corvus brachyrhynchos,"kidney, spleen, abdominal cavity",2002,Lineage_1
KJ501492,West Nile virus,GenBank,set:KJ501492,"Newman,R.M., Zody,M.C., Ip,H., Poon,T.W., Charlebois,P., Weiner,B., Yang,X., Piper,M.E., Fitzgerald,M., McCowan,C., Young,S., Gargeya,S., Levin,J., Malboeuf,C., Qu,J., Ireland,A., Chapman,S.B., Murphy,C., Wortman,J., Nusbaum,C., Birren,B.",Broad Institute of MIT & Harvard,USA,6/30/14,WNV-1/US/BID-V6512/2005,Orthoflavivirus nilense,10973,complete,USA,USA,NA,Pelecanus erythrorhynchos,"kidney, spleen, abdominal cavity",2005,Lineage_1
KJ501494,West Nile virus,GenBank,set:KJ501494,"Newman,R.M., Zody,M.C., Ip,H., Poon,T.W., Charlebois,P., Weiner,B., Yang,X., Piper,M.E., Fitzgerald,M., McCowan,C., Young,S., Gargeya,S., Levin,J., Malboeuf,C., Qu,J., Ireland,A., Chapman,S.B., Murphy,C., Wortman,J., Nusbaum,C., Birren,B.",Broad Institute of MIT & Harvard,USA,6/30/14,WNV-1/US/BID-V6528/2001,Orthoflavivirus nilense,10979,complete,USA,USA,NA,Corvus brachyrhynchos,"kidney, spleen, abdominal cavity",2001,Lineage_1
KJ501495,West Nile virus,GenBank,set:KJ501495,"Newman,R.M., Zody,M.C., Ip,H., Poon,T.W., Charlebois,P., Weiner,B., Yang,X., Piper,M.E., Fitzgerald,M., McCowan,C., Young,S., Gargeya,S., Levin,J., Malboeuf,C., Qu,J., Ireland,A., Chapman,S.B., Murphy,C., Wortman,J., Nusbaum,C., Birren,B.",Broad Institute of MIT & Harvard,USA,6/30/14,WNV-1/US/BID-V6530/2002,Orthoflavivirus nilense,10989,complete,USA,USA,NA,Cyanocitta cristata,"kidney, spleen, abdominal cavity",2002,Lineage_1
KJ501496,West Nile virus,GenBank,set:KJ501496,"Newman,R.M., Zody,M.C., Ip,H., Poon,T.W., Charlebois,P., Weiner,B., Yang,X., Piper,M.E., Fitzgerald,M., McCowan,C., Young,S., Gargeya,S., Levin,J., Malboeuf,C., Qu,J., Ireland,A., Chapman,S.B., Murphy,C., Wortman,J., Nusbaum,C., Birren,B.",Broad Institute of MIT & Harvard,USA,6/30/14,WNV-1/US/BID-V6531/2001,Orthoflavivirus nilense,11026,complete,USA,USA,NA,Cyanocitta cristata,"kidney, spleen, abdominal cavity",2001,Lineage_1
KJ501497,West Nile virus,GenBank,set:KJ501497,"Newman,R.M., Zody,M.C., Ip,H., Poon,T.W., Charlebois,P., Weiner,B., Yang,X., Piper,M.E., Fitzgerald,M., McCowan,C., Young,S., Gargeya,S., Levin,J., Malboeuf,C., Qu,J., Ireland,A., Chapman,S.B., Murphy,C., Wortman,J., Nusbaum,C., Birren,B.",Broad Institute of MIT & Harvard,USA,6/30/14,WNV-1/US/BID-V6532/2001,Orthoflavivirus nilense,10985,complete,USA,USA,NA,Accipitridae,"kidney, spleen, abdominal cavity",2001,Lineage_1
KJ501498,West Nile virus,GenBank,set:KJ501498,"Newman,R.M., Zody,M.C., Ip,H., Poon,T.W., Charlebois,P., Weiner,B., Yang,X., Piper,M.E., Fitzgerald,M., McCowan,C., Young,S., Gargeya,S., Levin,J., Malboeuf,C., Qu,J., Ireland,A., Chapman,S.B., Murphy,C., Wortman,J., Nusbaum,C., Birren,B.",Broad Institute of MIT & Harvard,USA,6/30/14,WNV-1/US/BID-V6534/2003,Orthoflavivirus nilense,10980,complete,USA,USA,NA,Passer domesticus,"kidney, spleen, abdominal cavity",2003,Lineage_1
KJ501499,West Nile virus,GenBank,set:KJ501499,"Newman,R.M., Zody,M.C., Ip,H., Poon,T.W., Charlebois,P., Weiner,B., Yang,X., Piper,M.E., Fitzgerald,M., McCowan,C., Young,S., Gargeya,S., Levin,J., Malboeuf,C., Qu,J., Ireland,A., Chapman,S.B., Murphy,C., Wortman,J., Nusbaum,C., Birren,B.",Broad Institute of MIT & Harvard,USA,6/30/14,WNV-1/US/BID-V6535/2003,Orthoflavivirus nilense,10980,complete,USA,USA,NA,Falco sparverius,"kidney, spleen, abdominal cavity",2003,Lineage_1
KJ501500,West Nile virus,GenBank,set:KJ501500,"Newman,R.M., Zody,M.C., Ip,H., Poon,T.W., Charlebois,P., Weiner,B., Yang,X., Piper,M.E., Fitzgerald,M., McCowan,C., Young,S., Gargeya,S., Levin,J., Malboeuf,C., Qu,J., Ireland,A., Chapman,S.B., Murphy,C., Wortman,J., Nusbaum,C., Birren,B.",Broad Institute of MIT & Harvard,USA,6/30/14,WNV-1/US/BID-V6536/2009,Orthoflavivirus nilense,10977,complete,USA,USA,NA,Larus smithsonianus,brain,2009,Lineage_1
KJ501501,West Nile virus,GenBank,set:KJ501501,"Newman,R.M., Zody,M.C., Ip,H., Poon,T.W., Charlebois,P., Weiner,B., Yang,X., Piper,M.E., Fitzgerald,M., McCowan,C., Young,S., Gargeya,S., Levin,J., Malboeuf,C., Qu,J., Ireland,A., Chapman,S.B., Murphy,C., Wortman,J., Nusbaum,C., Birren,B.",Broad Institute of MIT & Harvard,USA,6/30/14,WNV-1/US/BID-V6538/2002,Orthoflavivirus nilense,11000,complete,USA,USA,NA,Corvus brachyrhynchos,"kidney, spleen, abdominal cavity",2002,Lineage_1
KJ501502,West Nile virus,GenBank,set:KJ501502,"Newman,R.M., Zody,M.C., Ip,H., Poon,T.W., Charlebois,P., Weiner,B., Yang,X., Piper,M.E., Fitzgerald,M., McCowan,C., Young,S., Gargeya,S., Levin,J., Malboeuf,C., Qu,J., Ireland,A., Chapman,S.B., Murphy,C., Wortman,J., Nusbaum,C., Birren,B.",Broad Institute of MIT & Harvard,USA,6/30/14,WNV-1/US/BID-V6542/2002,Orthoflavivirus nilense,11033,complete,USA,USA,NA,Corvus brachyrhynchos,"kidney, spleen, abdominal cavity",2002,Lineage_1
KJ501503,West Nile virus,GenBank,set:KJ501503,"Newman,R.M., Zody,M.C., Ip,H., Poon,T.W., Charlebois,P., Weiner,B., Yang,X., Piper,M.E., Fitzgerald,M., McCowan,C., Young,S., Gargeya,S., Levin,J., Malboeuf,C., Qu,J., Ireland,A., Chapman,S.B., Murphy,C., Wortman,J., Nusbaum,C., Birren,B.",Broad Institute of MIT & Harvard,USA,6/30/14,WNV-1/US/BID-V6545/2002,Orthoflavivirus nilense,10985,complete,USA,USA,NA,Turdus migratorius,"kidney, spleen, abdominal cavity",2002,Lineage_1
KJ501504,West Nile virus,GenBank,set:KJ501504,"Newman,R.M., Zody,M.C., Ip,H., Poon,T.W., Charlebois,P., Weiner,B., Yang,X., Piper,M.E., Fitzgerald,M., McCowan,C., Young,S., Gargeya,S., Levin,J., Malboeuf,C., Qu,J., Ireland,A., Chapman,S.B., Murphy,C., Wortman,J., Nusbaum,C., Birren,B.",Broad Institute of MIT & Harvard,USA,6/30/14,WNV-1/US/BID-V6548/2003,Orthoflavivirus nilense,10978,complete,USA,USA,NA,Branta canadensis,feather,2003,Lineage_1
KJ501505,West Nile virus,GenBank,set:KJ501505,"Newman,R.M., Zody,M.C., Ip,H., Poon,T.W., Charlebois,P., Weiner,B., Yang,X., Piper,M.E., Fitzgerald,M., McCowan,C., Young,S., Gargeya,S., Levin,J., Malboeuf,C., Qu,J., Ireland,A., Chapman,S.B., Murphy,C., Wortman,J., Nusbaum,C., Birren,B.",Broad Institute of MIT & Harvard,USA,6/30/14,WNV-1/US/BID-V6550/2002,Orthoflavivirus nilense,10953,complete,USA,USA,NA,Corvus brachyrhynchos,"kidney, spleen, abdominal cavity",2002,Lineage_1
KJ501506,West Nile virus,GenBank,set:KJ501506,"Newman,R.M., Zody,M.C., Ip,H., Poon,T.W., Charlebois,P., Weiner,B., Yang,X., Piper,M.E., Fitzgerald,M., McCowan,C., Young,S., Gargeya,S., Levin,J., Malboeuf,C., Qu,J., Ireland,A., Chapman,S.B., Murphy,C., Wortman,J., Nusbaum,C., Birren,B.",Broad Institute of MIT & Harvard,USA,6/30/14,WNV-1/US/BID-V6553/2003,Orthoflavivirus nilense,10974,complete,USA,USA,NA,Corvus brachyrhynchos,feather,2003,Lineage_1
KJ501507,West Nile virus,GenBank,set:KJ501507,"Newman,R.M., Zody,M.C., Ip,H., Poon,T.W., Charlebois,P., Weiner,B., Yang,X., Piper,M.E., Fitzgerald,M., McCowan,C., Young,S., Gargeya,S., Levin,J., Malboeuf,C., Qu,J., Ireland,A., Chapman,S.B., Murphy,C., Wortman,J., Nusbaum,C., Birren,B.",Broad Institute of MIT & Harvard,USA,6/30/14,WNV-1/US/BID-V6556/2001,Orthoflavivirus nilense,10978,complete,USA,USA,NA,Pelecanus erythrorhynchos,"kidney, spleen, abdominal cavity",2001,Lineage_1
KJ501508,West Nile virus,GenBank,set:KJ501508,"Newman,R.M., Zody,M.C., Ip,H., Poon,T.W., Charlebois,P., Weiner,B., Yang,X., Piper,M.E., Fitzgerald,M., McCowan,C., Young,S., Gargeya,S., Levin,J., Malboeuf,C., Qu,J., Ireland,A., Chapman,S.B., Murphy,C., Wortman,J., Nusbaum,C., Birren,B.",Broad Institute of MIT & Harvard,USA,6/30/14,WNV-1/US/BID-V6560/2003,Orthoflavivirus nilense,10985,complete,USA,USA,NA,Zenaida macroura,feather,2003,Lineage_1
KJ501509,West Nile virus,GenBank,set:KJ501509,"Newman,R.M., Zody,M.C., Ip,H., Poon,T.W., Charlebois,P., Weiner,B., Yang,X., Piper,M.E., Fitzgerald,M., McCowan,C., Young,S., Gargeya,S., Levin,J., Malboeuf,C., Qu,J., Ireland,A., Chapman,S.B., Murphy,C., Wortman,J., Nusbaum,C., Birren,B.",Broad Institute of MIT & Harvard,USA,6/30/14,WNV-1/US/BID-V6575/2001,Orthoflavivirus nilense,10978,complete,USA,USA,NA,Euphagus cyanocephalus,"kidney, spleen, abdominal cavity",2001,Lineage_1
KJ501510,West Nile virus,GenBank,set:KJ501510,"Newman,R.M., Zody,M.C., Ip,H., Poon,T.W., Charlebois,P., Weiner,B., Yang,X., Piper,M.E., Fitzgerald,M., McCowan,C., Young,S., Gargeya,S., Levin,J., Malboeuf,C., Qu,J., Ireland,A., Chapman,S.B., Murphy,C., Wortman,J., Nusbaum,C., Birren,B.",Broad Institute of MIT & Harvard,USA,6/30/14,WNV-1/US/BID-V6612/2002,Orthoflavivirus nilense,11029,complete,USA,USA,NA,Cyanocitta cristata,"kidney, spleen, abdominal cavity",2002,Lineage_1
KJ501511,West Nile virus,GenBank,set:KJ501511,"Newman,R.M., Zody,M.C., Ip,H., Poon,T.W., Charlebois,P., Weiner,B., Yang,X., Piper,M.E., Fitzgerald,M., McCowan,C., Young,S., Gargeya,S., Levin,J., Malboeuf,C., Qu,J., Ireland,A., Chapman,S.B., Murphy,C., Wortman,J., Nusbaum,C., Birren,B.",Broad Institute of MIT & Harvard,USA,6/30/14,WNV-1/US/BID-V6613/2002,Orthoflavivirus nilense,11029,complete,USA,USA,NA,Cyanocitta cristata,"kidney, spleen, abdominal cavity",2002,Lineage_1
KJ501512,West Nile virus,GenBank,set:KJ501512,"Newman,R.M., Zody,M.C., Ip,H., Poon,T.W., Charlebois,P., Weiner,B., Yang,X., Piper,M.E., Fitzgerald,M., McCowan,C., Young,S., Gargeya,S., Levin,J., Malboeuf,C., Qu,J., Ireland,A., Chapman,S.B., Murphy,C., Wortman,J., Nusbaum,C., Birren,B.",Broad Institute of MIT & Harvard,USA,6/30/14,WNV-1/US/BID-V6616/2001,Orthoflavivirus nilense,10998,complete,USA,USA,NA,Corvus brachyrhynchos,"kidney, spleen, abdominal cavity",2001,Lineage_1
KJ501514,West Nile virus,GenBank,set:KJ501514,"Newman,R.M., Zody,M.C., Ip,H., Poon,T.W., Charlebois,P., Weiner,B., Yang,X., Piper,M.E., Fitzgerald,M., McCowan,C., Young,S., Gargeya,S., Levin,J., Malboeuf,C., Qu,J., Ireland,A., Chapman,S.B., Murphy,C., Wortman,J., Nusbaum,C., Birren,B.",Broad Institute of MIT & Harvard,USA,6/30/14,WNV-1/US/BID-V6619/2002,Orthoflavivirus nilense,10979,complete,USA,USA,NA,Corvus brachyrhynchos,"kidney, spleen, abdominal cavity",2002,Lineage_1
KJ501515,West Nile virus,GenBank,set:KJ501515,"Newman,R.M., Zody,M.C., Ip,H., Poon,T.W., Charlebois,P., Weiner,B., Yang,X., Piper,M.E., Fitzgerald,M., McCowan,C., Young,S., Gargeya,S., Levin,J., Malboeuf,C., Qu,J., Ireland,A., Chapman,S.B., Murphy,C., Wortman,J., Nusbaum,C., Birren,B.",Broad Institute of MIT & Harvard,USA,6/30/14,WNV-1/US/BID-V6620/2001,Orthoflavivirus nilense,10979,complete,USA,USA,NA,Buteo jamaicensis,"kidney, spleen, abdominal cavity",2001,Lineage_1
KJ501516,West Nile virus,GenBank,set:KJ501516,"Newman,R.M., Zody,M.C., Ip,H., Poon,T.W., Charlebois,P., Weiner,B., Yang,X., Piper,M.E., Fitzgerald,M., McCowan,C., Young,S., Gargeya,S., Levin,J., Malboeuf,C., Qu,J., Ireland,A., Chapman,S.B., Murphy,C., Wortman,J., Nusbaum,C., Birren,B.",Broad Institute of MIT & Harvard,USA,6/30/14,WNV-1/US/BID-V6625/2001,Orthoflavivirus nilense,11029,complete,USA,USA,NA,Corvus brachyrhynchos,"kidney, spleen, abdominal cavity",2001,Lineage_1
KJ501518,West Nile virus,GenBank,set:KJ501518,"Newman,R.M., Zody,M.C., Ip,H., Poon,T.W., Charlebois,P., Weiner,B., Yang,X., Piper,M.E., Fitzgerald,M., McCowan,C., Young,S., Gargeya,S., Levin,J., Malboeuf,C., Qu,J., Ireland,A., Chapman,S.B., Murphy,C., Wortman,J., Nusbaum,C., Birren,B.",Broad Institute of MIT & Harvard,USA,6/30/14,WNV-1/US/BID-V6640/2007,Orthoflavivirus nilense,10994,complete,USA,USA,NA,Pelecanus erythrorhynchos,feather,2007,Lineage_1
KJ501519,West Nile virus,GenBank,set:KJ501519,"Newman,R.M., Zody,M.C., Ip,H., Poon,T.W., Charlebois,P., Weiner,B., Yang,X., Piper,M.E., Fitzgerald,M., McCowan,C., Young,S., Gargeya,S., Levin,J., Malboeuf,C., Qu,J., Ireland,A., Chapman,S.B., Murphy,C., Wortman,J., Nusbaum,C., Birren,B.",Broad Institute of MIT & Harvard,USA,6/30/14,WNV-1/US/BID-V6652/2002,Orthoflavivirus nilense,10973,complete,USA,USA,NA,Corvus brachyrhynchos,"kidney, spleen, abdominal cavity",2002,Lineage_1
KJ501520,West Nile virus,GenBank,set:KJ501520,"Newman,R.M., Zody,M.C., Ip,H., Poon,T.W., Charlebois,P., Weiner,B., Yang,X., Piper,M.E., Fitzgerald,M., McCowan,C., Young,S., Gargeya,S., Levin,J., Malboeuf,C., Qu,J., Ireland,A., Chapman,S.B., Murphy,C., Wortman,J., Nusbaum,C., Birren,B.",Broad Institute of MIT & Harvard,USA,6/30/14,WNV-1/US/BID-V6661/2004,Orthoflavivirus nilense,10983,complete,USA,USA,NA,Pelecanus erythrorhynchos,"kidney, spleen, abdominal cavity",2004,Lineage_1
KJ501521,West Nile virus,GenBank,set:KJ501521,"Newman,R.M., Zody,M.C., Ip,H., Poon,T.W., Charlebois,P., Weiner,B., Yang,X., Piper,M.E., Fitzgerald,M., McCowan,C., Young,S., Gargeya,S., Levin,J., Malboeuf,C., Qu,J., Ireland,A., Chapman,S.B., Murphy,C., Wortman,J., Nusbaum,C., Birren,B.",Broad Institute of MIT & Harvard,USA,6/30/14,WNV-1/US/BID-V6672/2006,Orthoflavivirus nilense,10976,complete,USA,USA,NA,Pelecanus erythrorhynchos,brain,2006,Lineage_1
KJ501522,West Nile virus,GenBank,set:KJ501522,"Newman,R.M., Zody,M.C., Ip,H., Poon,T.W., Charlebois,P., Weiner,B., Yang,X., Piper,M.E., Fitzgerald,M., McCowan,C., Young,S., Gargeya,S., Levin,J., Malboeuf,C., Qu,J., Ireland,A., Chapman,S.B., Murphy,C., Wortman,J., Nusbaum,C., Birren,B.",Broad Institute of MIT & Harvard,USA,6/30/14,WNV-1/US/BID-V6676/2004,Orthoflavivirus nilense,10976,complete,USA,USA,NA,Corvus brachyrhynchos,"kidney, spleen, abdominal cavity",2004,Lineage_1
KJ501523,West Nile virus,GenBank,set:KJ501523,"Newman,R.M., Zody,M.C., Ip,H., Poon,T.W., Charlebois,P., Weiner,B., Yang,X., Piper,M.E., Fitzgerald,M., McCowan,C., Young,S., Gargeya,S., Levin,J., Malboeuf,C., Qu,J., Ireland,A., Chapman,S.B., Murphy,C., Wortman,J., Nusbaum,C., Birren,B.",Broad Institute of MIT & Harvard,USA,6/30/14,WNV-1/US/BID-V6680/2006,Orthoflavivirus nilense,10971,complete,USA,USA,NA,Sternula antillarum,"kidney, spleen, abdominal cavity",2006,Lineage_1
KJ501524,West Nile virus,GenBank,set:KJ501524,"Newman,R.M., Zody,M.C., Ip,H., Poon,T.W., Charlebois,P., Weiner,B., Yang,X., Piper,M.E., Fitzgerald,M., McCowan,C., Young,S., Gargeya,S., Levin,J., Malboeuf,C., Qu,J., Ireland,A., Chapman,S.B., Murphy,C., Wortman,J., Nusbaum,C., Birren,B.",Broad Institute of MIT & Harvard,USA,6/30/14,WNV-1/US/BID-V6682/2006,Orthoflavivirus nilense,10979,complete,USA,USA,NA,Actitis macularius,feather,2006,Lineage_1
KJ501525,West Nile virus,GenBank,set:KJ501525,"Newman,R.M., Zody,M.C., Ip,H., Poon,T.W., Charlebois,P., Weiner,B., Yang,X., Piper,M.E., Fitzgerald,M., McCowan,C., Young,S., Gargeya,S., Levin,J., Malboeuf,C., Qu,J., Ireland,A., Chapman,S.B., Murphy,C., Wortman,J., Nusbaum,C., Birren,B.",Broad Institute of MIT & Harvard,USA,6/30/14,WNV-1/US/BID-V6689/2004,Orthoflavivirus nilense,11029,complete,USA,USA,NA,Pelecanus erythrorhynchos,feather,2004,Lineage_1
KJ501526,West Nile virus,GenBank,set:KJ501526,"Newman,R.M., Zody,M.C., Ip,H., Poon,T.W., Charlebois,P., Weiner,B., Yang,X., Piper,M.E., Fitzgerald,M., McCowan,C., Young,S., Gargeya,S., Levin,J., Malboeuf,C., Qu,J., Ireland,A., Chapman,S.B., Murphy,C., Wortman,J., Nusbaum,C., Birren,B.",Broad Institute of MIT & Harvard,USA,6/30/14,WNV-1/US/BID-V6692/2006,Orthoflavivirus nilense,10958,complete,USA,USA,NA,Sternula antillarum,"brain, kidney, spleen, abdominal cavity",2006,Lineage_1
KJ501527,West Nile virus,GenBank,set:KJ501527,"Newman,R.M., Zody,M.C., Ip,H., Poon,T.W., Charlebois,P., Weiner,B., Yang,X., Piper,M.E., Fitzgerald,M., McCowan,C., Young,S., Gargeya,S., Levin,J., Malboeuf,C., Qu,J., Ireland,A., Chapman,S.B., Murphy,C., Wortman,J., Nusbaum,C., Birren,B.",Broad Institute of MIT & Harvard,USA,6/30/14,WNV-1/US/BID-V6696/2003,Orthoflavivirus nilense,10988,complete,USA,USA,NA,Corvus brachyrhynchos,feather,2003,Lineage_1
KJ501529,West Nile virus,GenBank,set:KJ501529,"Newman,R.M., Zody,M.C., Ip,H., Poon,T.W., Charlebois,P., Weiner,B., Yang,X., Piper,M.E., Fitzgerald,M., McCowan,C., Young,S., Gargeya,S., Levin,J., Malboeuf,C., Qu,J., Ireland,A., Chapman,S.B., Murphy,C., Wortman,J., Nusbaum,C., Birren,B.",Broad Institute of MIT & Harvard,USA,6/30/14,WNV-1/US/BID-V6701/2006,Orthoflavivirus nilense,11029,complete,USA,USA,NA,Pelecanus erythrorhynchos,feather,2006,Lineage_1
KJ501530,West Nile virus,GenBank,set:KJ501530,"Newman,R.M., Zody,M.C., Ip,H., Poon,T.W., Charlebois,P., Weiner,B., Yang,X., Piper,M.E., Fitzgerald,M., McCowan,C., Young,S., Gargeya,S., Levin,J., Malboeuf,C., Qu,J., Ireland,A., Chapman,S.B., Murphy,C., Wortman,J., Nusbaum,C., Birren,B.",Broad Institute of MIT & Harvard,USA,6/30/14,WNV-1/US/BID-V7281/2012,Orthoflavivirus nilense,10979,complete,USA,USA,NA,Branta canadensis,feather,2012,Lineage_1
KJ501531,West Nile virus,GenBank,set:KJ501531,"Newman,R.M., Zody,M.C., Henn,M., Kramer,L., Ciota,A., Young,D., Poon,T.W., Charlebois,P., Weiner,B., Yang,X., Piper,M.E., Fitzgerald,M., McCowan,C., Young,S., Gargeya,S., Levin,J., Malboeuf,C., Qu,J., Ireland,A., Chapman,S.B., Murphy,C., Wortman,J., Nusbaum,C., Birren,B.",Broad Institute of MIT & Harvard,USA,6/30/14,WNV-1/US/BID-V7815/2012,Orthoflavivirus nilense,10623,complete,USA,USA,NA,Culicidae,pooled insects,2012,Lineage_1
KJ501532,West Nile virus,GenBank,set:KJ501532,"Newman,R.M., Zody,M.C., Henn,M., Kramer,L., Ciota,A., Young,D., Poon,T.W., Charlebois,P., Weiner,B., Yang,X., Piper,M.E., Fitzgerald,M., McCowan,C., Young,S., Gargeya,S., Levin,J., Malboeuf,C., Qu,J., Ireland,A., Chapman,S.B., Murphy,C., Wortman,J., Nusbaum,C., Birren,B.",Broad Institute of MIT & Harvard,USA,6/30/14,WNV-1/US/BID-V7816/2012,Orthoflavivirus nilense,10622,complete,USA,USA,NA,Culicidae,pooled insects,2012,Lineage_1
KJ501536,West Nile virus,GenBank,set:KJ501536,"Newman,R.M., Zody,M.C., Henn,M., Kramer,L., Ciota,A., Young,D., Poon,T.W., Charlebois,P., Weiner,B., Yang,X., Piper,M.E., Fitzgerald,M., McCowan,C., Young,S., Gargeya,S., Levin,J., Malboeuf,C., Qu,J., Ireland,A., Chapman,S.B., Murphy,C., Wortman,J., Nusbaum,C., Birren,B.",Broad Institute of MIT & Harvard,USA,6/30/14,WNV-1/US/BID-V7820/2011,Orthoflavivirus nilense,10623,complete,USA,USA,NA,Culicidae,pooled insects,2011,Lineage_1
KJ501537,West Nile virus,GenBank,set:KJ501537,"Newman,R.M., Zody,M.C., Henn,M., Kramer,L., Ciota,A., Young,D., Poon,T.W., Charlebois,P., Weiner,B., Yang,X., Piper,M.E., Fitzgerald,M., McCowan,C., Young,S., Gargeya,S., Levin,J., Malboeuf,C., Qu,J., Ireland,A., Chapman,S.B., Murphy,C., Wortman,J., Nusbaum,C., Birren,B.",Broad Institute of MIT & Harvard,USA,6/30/14,WNV-1/US/BID-V7821/2011,Orthoflavivirus nilense,10621,complete,USA,USA,NA,Culicidae,pooled insects,2011,Lineage_1
KJ501539,West Nile virus,GenBank,set:KJ501539,"Newman,R.M., Zody,M.C., Henn,M., Kramer,L., Ciota,A., Young,D., Poon,T.W., Charlebois,P., Weiner,B., Yang,X., Piper,M.E., Fitzgerald,M., McCowan,C., Young,S., Gargeya,S., Levin,J., Malboeuf,C., Qu,J., Ireland,A., Chapman,S.B., Murphy,C., Wortman,J., Nusbaum,C., Birren,B.",Broad Institute of MIT & Harvard,USA,6/30/14,WNV-1/US/BID-V7823/2011,Orthoflavivirus nilense,10624,complete,USA,USA,NA,Culicidae,pooled insects,2011,Lineage_1
KF367469,West Nile virus,GenBank,set:KF367469,"Anthony,S.J., Garner,M.M., Palminteri,L., Navarrete-Macias,I., Sanchez-Leon,M.D., Briese,T., Daszak,P., Lipkin,W.I.","Columbia University, Center for Infection and Immunity",USA,5/19/14,BVI2013_Heart,Orthoflavivirus nilense,10763,complete,British Virgin Islands: Necker Island,British Virgin Islands,NA,Phoenicopterus roseus,heart,3/30/13,Lineage_1
KC496015,West Nile virus,GenBank,set:KC496015,"Bakonyi,T., Petric,D., Szentpali-Gavaller,K., Barna,M., Bercic,R.L., Petrovic,T., Nowotny,N.","Institute of Virology, University of Veterinary Medicine Vienna, Viral Zoonoses, Emerging and Vector-Borne Infections Group",Austria,2/17/14,NA,Orthoflavivirus nilense,11028,complete,Hungary,Hungary,NA,Equus caballus,NA,2010,Lineage_2
KC496016,West Nile virus,GenBank,set:KC496016,"Bakonyi,T., Petric,D., Szentpali-Gavaller,K., Barna,M., Bercic,R.L., Petrovic,T., Nowotny,N.","Institute of Virology, University of Veterinary Medicine Vienna, Viral Zoonoses, Emerging and Vector-Borne Infections Group",Austria,2/17/14,NA,Orthoflavivirus nilense,11028,complete,Serbia,Serbia,NA,Culex pipiens,NA,2010,Lineage_2
KF704147,West Nile virus,GenBank,set:KF704147,"Plante,J.A., Burkhalter,K.L., Mann,B.R., Godsey,M.S. Jr., Mutebi,J.P., Beasley,D.W., Mutebi,J.-P.",Centers for Disease Control and Prevention,USA,2/11/14,NA,Orthoflavivirus nilense,11008,complete,"USA: Glendale, Maricopa Co., AZ",USA,AZ,Culex quinquefasciatus,NA,8/1/10,Lineage_1
KF704153,West Nile virus,GenBank,set:KF704153,"Plante,J.A., Burkhalter,K.L., Mann,B.R., Godsey,M.S. Jr., Mutebi,J.P., Beasley,D.W., Mutebi,J.-P.",Centers for Disease Control and Prevention,USA,2/11/14,NA,Orthoflavivirus nilense,11017,complete,"USA: Gilbert, Maricopa Co., AZ",USA,AZ,Culex quinquefasciatus,NA,8/6/10,Lineage_1
KF704158,West Nile virus,GenBank,set:KF704158,"Plante,J.A., Burkhalter,K.L., Mann,B.R., Godsey,M.S. Jr., Mutebi,J.P., Beasley,D.W., Mutebi,J.-P.",Centers for Disease Control and Prevention,USA,2/11/14,NA,Orthoflavivirus nilense,11024,complete,"USA: Gilbert, Maricopa Co., AZ",USA,AZ,Culex quinquefasciatus,NA,8/9/10,Lineage_1
KJ145799,West Nile virus,GenBank,set:KJ145799,"Newman,R.M., Zody,M.C., Henn,M., Ebel,G., Pesko,K., Vossbrinck,C.R., Andreadis,T.G., Anderson,J.F., Poon,T.W., Charlebois,P., Weiner,B., Yang,X., Larson,L., Piper,M.E., Fitzgerald,M., Lui,A., Young,S., Gargeya,S., Levin,J., Malboeuf,C., Qu,J., Berlin,A.M., Chapman,S.B., Murphy,C., Wortman,J., Nusbaum,C., Birren,B.",Broad Institute of MIT & Harvard,USA,2/10/14,WNV-1/US/BID-V4106/2005,Orthoflavivirus nilense,10621,complete,USA,USA,NA,Ochlerotatus sollicitans,pooled insects,2005,Lineage_1
KJ145827,West Nile virus,GenBank,set:KJ145827,"Newman,R.M., Zody,M.C., Henn,M., Kramer,L., Ciota,A., Young,D., Poon,T.W., Charlebois,P., Weiner,B., Yang,X., Larson,L., Piper,M.E., Fitzgerald,M., Lui,A., Young,S., Gargeya,S., Levin,J., Malboeuf,C., Qu,J., Berlin,A.M., Chapman,S.B., Murphy,C., Wortman,J., Nusbaum,C., Birren,B.",Broad Institute of MIT & Harvard,USA,2/10/14,WNV-1/US/BID-V6056/2010,Orthoflavivirus nilense,10566,complete,USA,USA,NA,Corvus brachyrhynchos,brain,2010,Lineage_1
KJ145828,West Nile virus,GenBank,set:KJ145828,"Newman,R.M., Zody,M.C., Henn,M., Kramer,L., Ciota,A., Young,D., Poon,T.W., Charlebois,P., Weiner,B., Yang,X., Larson,L., Piper,M.E., Fitzgerald,M., Lui,A., Young,S., Gargeya,S., Levin,J., Malboeuf,C., Qu,J., Berlin,A.M., Chapman,S.B., Murphy,C., Wortman,J., Nusbaum,C., Birren,B.",Broad Institute of MIT & Harvard,USA,2/10/14,WNV-1/US/BID-V6057/2010,Orthoflavivirus nilense,10616,complete,USA,USA,NA,Corvus brachyrhynchos,brain,2010,Lineage_1
KJ145829,West Nile virus,GenBank,set:KJ145829,"Newman,R.M., Zody,M.C., Henn,M., Kramer,L., Ciota,A., Young,D., Poon,T.W., Charlebois,P., Weiner,B., Yang,X., Larson,L., Piper,M.E., Fitzgerald,M., Lui,A., Young,S., Gargeya,S., Levin,J., Malboeuf,C., Qu,J., Berlin,A.M., Chapman,S.B., Murphy,C., Wortman,J., Nusbaum,C., Birren,B.",Broad Institute of MIT & Harvard,USA,2/10/14,WNV-1/US/BID-V6058/2010,Orthoflavivirus nilense,10455,complete,USA,USA,NA,Corvus brachyrhynchos,brain,2010,Lineage_1
KJ145832,West Nile virus,GenBank,set:KJ145832,"Newman,R.M., Zody,M.C., Henn,M., Ebel,G., Brackney,D., Brown,I., Rosenberg,C., Poon,T.W., Charlebois,P., Weiner,B., Yang,X., Larson,L., Piper,M.E., Fitzgerald,M., Lui,A., Young,S., Gargeya,S., Levin,J., Malboeuf,C., Qu,J., Berlin,A.M., Chapman,S.B., Murphy,C., Wortman,J., Nusbaum,C., Birren,B.",Broad Institute of MIT & Harvard,USA,1/29/14,WNV-1/US/BID-V4529/2007,Orthoflavivirus nilense,10621,complete,USA,USA,NA,Loriini,"kidney, abdominal cavity",2007,Lineage_1
KF647249,West Nile virus,GenBank,set:KF647249,"Barzon,L., Pacenti,M., Franchin,E., Lavezzo,E., Masi,G., Squarzon,L., Pagni,S., Toppo,S., Russo,F., Cattai,M., Cusinato,R., Palu,G.","University of Padua, Department of Molecular Medicine",Italy,12/8/13,NA,Orthoflavivirus nilense,10986,complete,"Italy: Veneto region, Rovigo",Italy,NA,Homo sapiens,urine,2013-08,Lineage_2
KF647250,West Nile virus,GenBank,set:KF647250,"Barzon,L., Pacenti,M., Franchin,E., Lavezzo,E., Masi,G., Squarzon,L., Pagni,S., Toppo,S., Russo,F., Cattai,M., Cusinato,R., Palu,G.","University of Padua, Department of Molecular Medicine",Italy,12/8/13,NA,Orthoflavivirus nilense,11013,complete,"Italy: Veneto region, Rovigo",Italy,NA,Homo sapiens,urine,2013-08,Lineage_2
KF647251,West Nile virus,GenBank,set:KF647251,"Barzon,L., Pacenti,M., Franchin,E., Lavezzo,E., Masi,G., Squarzon,L., Pagni,S., Toppo,S., Russo,F., Cattai,M., Cusinato,R., Palu,G.","University of Padua, Department of Molecular Medicine",Italy,12/8/13,NA,Orthoflavivirus nilense,10994,complete,"Italy: Veneto region, Padova",Italy,NA,Homo sapiens,urine,2013-08,Lineage_2
KF647252,West Nile virus,GenBank,set:KF647252,"Barzon,L., Pacenti,M., Franchin,E., Lavezzo,E., Masi,G., Squarzon,L., Pagni,S., Toppo,S., Russo,F., Cattai,M., Cusinato,R., Palu,G.","University of Padua, Department of Molecular Medicine",Italy,12/8/13,NA,Orthoflavivirus nilense,10974,complete,"Italy: Veneto region, Rovigo",Italy,NA,Homo sapiens,urine,2013-08,Lineage_2
KF647253,West Nile virus,GenBank,set:KF647253,"Barzon,L., Pacenti,M., Franchin,E., Lavezzo,E., Masi,G., Squarzon,L., Pagni,S., Toppo,S., Russo,F., Cattai,M., Cusinato,R., Palu,G.","University of Padua, Department of Molecular Medicine",Italy,12/8/13,NA,Orthoflavivirus nilense,10483,complete,"Italy: Veneto region, Rovigo",Italy,NA,Homo sapiens,blood,2013-08,Lineage_1
KF588365,West Nile virus,GenBank,set:KF588365,"Barzon,L., Pacenti,M., Franchin,E., Lavezzo,E., Masi,G., Squarzon,L., Pagni,S., Toppo,S., Russo,F., Cattai,M., Cusinato,R., Palu,G.","University of Padua, Department of Molecular Medicine",Italy,10/28/13,NA,Orthoflavivirus nilense,10998,complete,"Italy: Veneto region, Rovigo",Italy,NA,Homo sapiens,urine,2013-08,Lineage_2
KF179639,West Nile virus,GenBank,set:KF179639,"Barzon,L., Pacenti,M., Franchin,E., Lavezzo,E., Squarzon,L., Toppo,S., Martello,T., Cattai,M., Cusinato,R., Papa,A., Palu,G.","University of Padua, Department of Molecular Medicine",Italy,10/27/13,NA,Orthoflavivirus nilense,11000,complete,Greece: Kavala prefecture,Greece,NA,Homo sapiens,urine,2012-09,Lineage_2
KF179640,West Nile virus,GenBank,set:KF179640,"Barzon,L., Pacenti,M., Franchin,E., Lavezzo,E., Squarzon,L., Toppo,S., Martello,T., Cattai,M., Cusinato,R., Papa,A., Palu,G., Nowotny,N.","University of Padua, Department of Molecular Medicine",Italy,10/27/13,NA,Orthoflavivirus nilense,10998,complete,Austria,Austria,NA,Accipiter gentilis,NA,2008,Lineage_2
KF234080,West Nile virus,GenBank,set:KF234080,"Lim,S.M., Koraka,P., van Boheemen,S., Roose,J.M., Jaarsma,D., van de Vijver,D.A., Osterhaus,A.D., Martina,B.E., Sambri,V., Rossini,G., van de Vijver,D.A.M.C., Osterhaus,A.D.M.E., Martina,B.E.E.","Erasmus MC, Viroscience Lab",Netherlands,9/25/13,NA,Orthoflavivirus nilense,11030,complete,Italy: Emilia-Romagna region,Italy,NA,Homo sapiens,NA,2009,Lineage_1
KC711057,West Nile virus,GenBank,set:KC711057,"Mann,B.R., McMullen,A.R., Swetnam,D.M., Salvato,V., Reyna,M., Guzman,H., Bueno,R. Jr., Dennett,J.A., Tesh,R.B., Barrett,A.D., Barrett,A.D.T.","University of Texas Medical Branch, Pathology",USA,9/23/13,TX_AR12-1486,Orthoflavivirus nilense,11027,complete,"USA: Denton, Denton Co., Texas",USA,TX,Culex quinquefasciatus,NA,5/30/12,Lineage_1
KC711059,West Nile virus,GenBank,set:KC711059,"Mann,B.R., McMullen,A.R., Swetnam,D.M., Salvato,V., Reyna,M., Guzman,H., Bueno,R. Jr., Dennett,J.A., Tesh,R.B., Barrett,A.D., Barrett,A.D.T.","University of Texas Medical Branch, Pathology",USA,9/23/13,TX_AR12-10674,Orthoflavivirus nilense,11029,complete,"USA: Fairview, Collin Co., Texas",USA,TX,Culex restuans,NA,10/9/12,Lineage_1
JN393308,West Nile virus,GenBank,set:JN393308,"Mentoor,J.L.D., Human,S., Venter,M.","University of Pretoria, Medical Virology",South Africa,8/26/13,NA,Orthoflavivirus nilense,11042,complete,"South Africa: Tiegerpoort, Pretoria",South Africa,NA,Equus caballus,NA,4/15/08,Lineage_2
KC954092,West Nile virus,GenBank,set:KC954092,"Barzon,L., Pacenti,M., Franchin,E., Pagni,S., Lavezzo,E., Squarzon,L., Martello,T., Russo,F., Nicoletti,L., Rezza,G., Castilletti,C., Capobianchi,M.R., Salcuni,P., Cattai,M., Cusinato,R., Palu,G., Toppo,S.","University of Padua, Department of Molecular Medicine",Italy,8/12/13,NA,Orthoflavivirus nilense,10781,complete,"Italy: Veneto region, Portogruaro",Italy,NA,Homo sapiens,urine,2012-09,Lineage_1
KC736486,West Nile virus,GenBank,set:KC736486,"Duggal,N.K., D'Anton,M., Xiang,J., Seiferth,R., Day,J., Nasci,R., Brault,A.C.","Centers for Disease Control and Prevention, Division of Vector-Borne Diseases",USA,6/19/13,AVA1202598,Orthoflavivirus nilense,11029,complete,USA: Texas,USA,TX,Culex quinquefasciatus,NA,2012,Lineage_1
KC736487,West Nile virus,GenBank,set:KC736487,"Duggal,N.K., D'Anton,M., Xiang,J., Seiferth,R., Day,J., Nasci,R., Brault,A.C.","Centers for Disease Control and Prevention, Division of Vector-Borne Diseases",USA,6/19/13,AVA1202600,Orthoflavivirus nilense,11029,complete,USA: Texas,USA,TX,Culex quinquefasciatus,NA,2012,Lineage_1
KC736488,West Nile virus,GenBank,set:KC736488,"Duggal,N.K., D'Anton,M., Xiang,J., Seiferth,R., Day,J., Nasci,R., Brault,A.C.","Centers for Disease Control and Prevention, Division of Vector-Borne Diseases",USA,6/19/13,AVA1202606,Orthoflavivirus nilense,11029,complete,USA: Texas,USA,TX,Culex quinquefasciatus,NA,2012,Lineage_1
KC736489,West Nile virus,GenBank,set:KC736489,"Duggal,N.K., D'Anton,M., Xiang,J., Seiferth,R., Day,J., Nasci,R., Brault,A.C.","Centers for Disease Control and Prevention, Division of Vector-Borne Diseases",USA,6/19/13,AVA1202615,Orthoflavivirus nilense,11029,complete,USA: Texas,USA,TX,Culex quinquefasciatus,NA,2012,Lineage_1
KC736490,West Nile virus,GenBank,set:KC736490,"Duggal,N.K., D'Anton,M., Xiang,J., Seiferth,R., Day,J., Nasci,R., Brault,A.C.","Centers for Disease Control and Prevention, Division of Vector-Borne Diseases",USA,6/19/13,AVA1202621,Orthoflavivirus nilense,11029,complete,USA: Texas,USA,TX,Culex quinquefasciatus,NA,2012,Lineage_1
KC736491,West Nile virus,GenBank,set:KC736491,"Duggal,N.K., D'Anton,M., Xiang,J., Seiferth,R., Day,J., Nasci,R., Brault,A.C.","Centers for Disease Control and Prevention, Division of Vector-Borne Diseases",USA,6/19/13,AVA1202624,Orthoflavivirus nilense,11029,complete,USA: Texas,USA,TX,Culex quinquefasciatus,NA,2012,Lineage_1
KC736492,West Nile virus,GenBank,set:KC736492,"Duggal,N.K., D'Anton,M., Xiang,J., Seiferth,R., Day,J., Nasci,R., Brault,A.C.","Centers for Disease Control and Prevention, Division of Vector-Borne Diseases",USA,6/19/13,AVA1202689,Orthoflavivirus nilense,11029,complete,USA: Texas,USA,TX,Culex quinquefasciatus,NA,2012,Lineage_1
KC736493,West Nile virus,GenBank,set:KC736493,"Duggal,N.K., D'Anton,M., Xiang,J., Seiferth,R., Day,J., Nasci,R., Brault,A.C.","Centers for Disease Control and Prevention, Division of Vector-Borne Diseases",USA,6/19/13,AVA1202696,Orthoflavivirus nilense,11029,complete,USA: Texas,USA,TX,Culex quinquefasciatus,NA,2012,Lineage_1
KC736494,West Nile virus,GenBank,set:KC736494,"Duggal,N.K., D'Anton,M., Xiang,J., Seiferth,R., Day,J., Nasci,R., Brault,A.C.","Centers for Disease Control and Prevention, Division of Vector-Borne Diseases",USA,6/19/13,AVA1204250,Orthoflavivirus nilense,11029,complete,USA: Texas,USA,TX,Culex quinquefasciatus,NA,2012,Lineage_1
KC736495,West Nile virus,GenBank,set:KC736495,"Duggal,N.K., D'Anton,M., Xiang,J., Seiferth,R., Day,J., Nasci,R., Brault,A.C.","Centers for Disease Control and Prevention, Division of Vector-Borne Diseases",USA,6/19/13,AVA1204331,Orthoflavivirus nilense,11029,complete,USA: Texas,USA,TX,Culex quinquefasciatus,NA,2012,Lineage_1
KC736496,West Nile virus,GenBank,set:KC736496,"Duggal,N.K., D'Anton,M., Xiang,J., Seiferth,R., Day,J., Nasci,R., Brault,A.C.","Centers for Disease Control and Prevention, Division of Vector-Borne Diseases",USA,6/19/13,AVA1204356,Orthoflavivirus nilense,11029,complete,USA: Texas,USA,TX,Culex quinquefasciatus,NA,2012,Lineage_1
KC736497,West Nile virus,GenBank,set:KC736497,"Duggal,N.K., D'Anton,M., Xiang,J., Seiferth,R., Day,J., Nasci,R., Brault,A.C.","Centers for Disease Control and Prevention, Division of Vector-Borne Diseases",USA,6/19/13,AVA1204485,Orthoflavivirus nilense,11029,complete,USA: Texas,USA,TX,Culex quinquefasciatus,NA,2012,Lineage_1
KC736498,West Nile virus,GenBank,set:KC736498,"Duggal,N.K., D'Anton,M., Xiang,J., Seiferth,R., Day,J., Nasci,R., Brault,A.C.","Centers for Disease Control and Prevention, Division of Vector-Borne Diseases",USA,6/19/13,AVA1204579,Orthoflavivirus nilense,11029,complete,USA: Texas,USA,TX,Culex quinquefasciatus,NA,2012,Lineage_1
KC736499,West Nile virus,GenBank,set:KC736499,"Duggal,N.K., D'Anton,M., Xiang,J., Seiferth,R., Day,J., Nasci,R., Brault,A.C.","Centers for Disease Control and Prevention, Division of Vector-Borne Diseases",USA,6/19/13,AVA1204580,Orthoflavivirus nilense,11029,complete,USA: Texas,USA,TX,Culex quinquefasciatus,NA,2012,Lineage_1
KC736500,West Nile virus,GenBank,set:KC736500,"Duggal,N.K., D'Anton,M., Xiang,J., Seiferth,R., Day,J., Nasci,R., Brault,A.C.","Centers for Disease Control and Prevention, Division of Vector-Borne Diseases",USA,6/19/13,AVA1204753,Orthoflavivirus nilense,11029,complete,USA: Texas,USA,TX,Culex quinquefasciatus,NA,2012,Lineage_1
KC736501,West Nile virus,GenBank,set:KC736501,"Duggal,N.K., D'Anton,M., Xiang,J., Seiferth,R., Day,J., Nasci,R., Brault,A.C.","Centers for Disease Control and Prevention, Division of Vector-Borne Diseases",USA,6/19/13,AVA1204895,Orthoflavivirus nilense,11029,complete,USA: Texas,USA,TX,Culex quinquefasciatus,NA,2012,Lineage_1
KC736502,West Nile virus,GenBank,set:KC736502,"Duggal,N.K., D'Anton,M., Xiang,J., Seiferth,R., Day,J., Nasci,R., Brault,A.C.","Centers for Disease Control and Prevention, Division of Vector-Borne Diseases",USA,6/19/13,AVA1204260,Orthoflavivirus nilense,11029,complete,USA: Texas,USA,TX,Culex quinquefasciatus,NA,2012,Lineage_1
JQ700437,West Nile virus,GenBank,set:JQ700437,"Anez,G., Grinev,A., Chancey,C., Ball,C., Akolkar,N., Land,K.J., Winkelman,V., Stramer,S.L., Kramer,L.D., Rios,M.",FDA/CBER,USA,6/12/13,NY10-03,Orthoflavivirus nilense,11028,complete,USA,USA,NA,Culex pipiens,NA,2003,Lineage_1
JQ700438,West Nile virus,GenBank,set:JQ700438,"Anez,G., Grinev,A., Chancey,C., Ball,C., Akolkar,N., Land,K.J., Winkelman,V., Stramer,S.L., Kramer,L.D., Rios,M.",FDA/CBER,USA,6/12/13,BSL4-11,Orthoflavivirus nilense,11016,complete,USA,USA,NA,Homo sapiens,NA,2011,Lineage_1
JQ700439,West Nile virus,GenBank,set:JQ700439,"Anez,G., Grinev,A., Chancey,C., Ball,C., Akolkar,N., Land,K.J., Winkelman,V., Stramer,S.L., Kramer,L.D., Rios,M.",FDA/CBER,USA,6/12/13,BSL6-11,Orthoflavivirus nilense,11029,complete,USA,USA,NA,Homo sapiens,NA,2011,Lineage_1
JQ700440,West Nile virus,GenBank,set:JQ700440,"Anez,G., Grinev,A., Chancey,C., Ball,C., Akolkar,N., Land,K.J., Winkelman,V., Stramer,S.L., Kramer,L.D., Rios,M.",FDA/CBER,USA,6/12/13,BSL23-11,Orthoflavivirus nilense,11029,complete,USA,USA,NA,Homo sapiens,NA,2011,Lineage_1
JQ700441,West Nile virus,GenBank,set:JQ700441,"Anez,G., Grinev,A., Chancey,C., Ball,C., Akolkar,N., Land,K.J., Winkelman,V., Stramer,S.L., Kramer,L.D., Rios,M.",FDA/CBER,USA,6/12/13,BSL24-11,Orthoflavivirus nilense,11029,complete,USA,USA,NA,Homo sapiens,NA,2011,Lineage_1
JQ700442,West Nile virus,GenBank,set:JQ700442,"Anez,G., Grinev,A., Chancey,C., Ball,C., Akolkar,N., Land,K.J., Winkelman,V., Stramer,S.L., Kramer,L.D., Rios,M.",FDA/CBER,USA,6/12/13,BSL26-11,Orthoflavivirus nilense,11029,complete,USA,USA,NA,Homo sapiens,NA,2011,Lineage_1
JF957161,West Nile virus,GenBank,set:JF957161,"Anez,G., Grinev,A., Chancey,C., Ball,C., Akolkar,N., Land,K.J., Winkelman,V., Stramer,S.L., Kramer,L.D., Rios,M.",FDA/CBER,USA,5/13/13,ARC10-06,Orthoflavivirus nilense,11016,complete,USA: ID,USA,ID,NA,NA,2006,Lineage_1
JF957162,West Nile virus,GenBank,set:JF957162,"Anez,G., Grinev,A., Chancey,C., Ball,C., Akolkar,N., Land,K.J., Winkelman,V., Stramer,S.L., Kramer,L.D., Rios,M.",FDA/CBER,USA,5/13/13,ARC13-06,Orthoflavivirus nilense,11016,complete,USA: ID,USA,ID,NA,NA,2006,Lineage_1
JF957163,West Nile virus,GenBank,set:JF957163,"Anez,G., Grinev,A., Chancey,C., Ball,C., Akolkar,N., Land,K.J., Winkelman,V., Stramer,S.L., Kramer,L.D., Rios,M.",FDA/CBER,USA,5/13/13,ARC17-06,Orthoflavivirus nilense,11016,complete,USA: ID,USA,ID,NA,NA,2006,Lineage_1
JF957164,West Nile virus,GenBank,set:JF957164,"Anez,G., Grinev,A., Chancey,C., Ball,C., Akolkar,N., Land,K.J., Winkelman,V., Stramer,S.L., Kramer,L.D., Rios,M.",FDA/CBER,USA,5/13/13,ARC23-06,Orthoflavivirus nilense,11029,complete,USA: ID,USA,ID,NA,NA,2006,Lineage_1
JF957165,West Nile virus,GenBank,set:JF957165,"Anez,G., Grinev,A., Chancey,C., Ball,C., Akolkar,N., Land,K.J., Winkelman,V., Stramer,S.L., Kramer,L.D., Rios,M.",FDA/CBER,USA,5/13/13,ARC27-06,Orthoflavivirus nilense,11016,complete,USA: ID,USA,ID,NA,NA,2006,Lineage_1
JF957166,West Nile virus,GenBank,set:JF957166,"Anez,G., Grinev,A., Chancey,C., Ball,C., Akolkar,N., Land,K.J., Winkelman,V., Stramer,S.L., Kramer,L.D., Rios,M.",FDA/CBER,USA,5/13/13,ARC33-06,Orthoflavivirus nilense,11029,complete,USA: UT,USA,UT,NA,NA,2006,Lineage_1
JF957167,West Nile virus,GenBank,set:JF957167,"Anez,G., Grinev,A., Chancey,C., Ball,C., Akolkar,N., Land,K.J., Winkelman,V., Stramer,S.L., Kramer,L.D., Rios,M.",FDA/CBER,USA,5/13/13,BSL106-06,Orthoflavivirus nilense,11016,complete,USA: ND,USA,ND,NA,NA,2006,Lineage_1
JF957168,West Nile virus,GenBank,set:JF957168,"Anez,G., Grinev,A., Chancey,C., Ball,C., Akolkar,N., Land,K.J., Winkelman,V., Stramer,S.L., Kramer,L.D., Rios,M.",FDA/CBER,USA,5/13/13,ARC140-07,Orthoflavivirus nilense,11016,complete,USA: ID,USA,ID,NA,NA,2007,Lineage_1
JF957169,West Nile virus,GenBank,set:JF957169,"Anez,G., Grinev,A., Chancey,C., Ball,C., Akolkar,N., Land,K.J., Winkelman,V., Stramer,S.L., Kramer,L.D., Rios,M.",FDA/CBER,USA,5/13/13,CO4-07,Orthoflavivirus nilense,11026,complete,USA: CO,USA,CO,NA,NA,2007,Lineage_1
JF957170,West Nile virus,GenBank,set:JF957170,"Anez,G., Grinev,A., Chancey,C., Ball,C., Akolkar,N., Land,K.J., Winkelman,V., Stramer,S.L., Kramer,L.D., Rios,M.",FDA/CBER,USA,5/13/13,CO5-07,Orthoflavivirus nilense,11029,complete,USA: CO,USA,CO,NA,NA,2007,Lineage_1
JF957171,West Nile virus,GenBank,set:JF957171,"Anez,G., Grinev,A., Chancey,C., Ball,C., Akolkar,N., Land,K.J., Winkelman,V., Stramer,S.L., Kramer,L.D., Rios,M.",FDA/CBER,USA,5/13/13,ID21bird-07,Orthoflavivirus nilense,11016,complete,USA: ID,USA,ID,NA,NA,2007,Lineage_1
JF957172,West Nile virus,GenBank,set:JF957172,"Anez,G., Grinev,A., Chancey,C., Ball,C., Akolkar,N., Land,K.J., Winkelman,V., Stramer,S.L., Kramer,L.D., Rios,M.",FDA/CBER,USA,5/13/13,ID28bird-07,Orthoflavivirus nilense,11016,complete,USA: ID,USA,ID,NA,NA,2007,Lineage_1
JF957173,West Nile virus,GenBank,set:JF957173,"Anez,G., Grinev,A., Chancey,C., Ball,C., Akolkar,N., Land,K.J., Winkelman,V., Stramer,S.L., Kramer,L.D., Rios,M.",FDA/CBER,USA,5/13/13,BSL173-08,Orthoflavivirus nilense,11029,complete,USA: AZ,USA,AZ,NA,NA,2008,Lineage_1
JF957174,West Nile virus,GenBank,set:JF957174,"Anez,G., Grinev,A., Chancey,C., Ball,C., Akolkar,N., Land,K.J., Winkelman,V., Stramer,S.L., Kramer,L.D., Rios,M.",FDA/CBER,USA,5/13/13,BSL176-08,Orthoflavivirus nilense,11029,complete,USA: NV,USA,NV,NA,NA,2008,Lineage_1
JF957175,West Nile virus,GenBank,set:JF957175,"Anez,G., Grinev,A., Chancey,C., Ball,C., Akolkar,N., Land,K.J., Winkelman,V., Stramer,S.L., Kramer,L.D., Rios,M.",FDA/CBER,USA,5/13/13,BSL2-09,Orthoflavivirus nilense,11016,complete,USA: NV,USA,NV,NA,NA,2009,Lineage_1
JF957176,West Nile virus,GenBank,set:JF957176,"Anez,G., Grinev,A., Chancey,C., Ball,C., Akolkar,N., Land,K.J., Winkelman,V., Stramer,S.L., Kramer,L.D., Rios,M.",FDA/CBER,USA,5/13/13,BSL5-09,Orthoflavivirus nilense,11029,complete,USA: AZ,USA,AZ,NA,NA,2009,Lineage_1
JF957177,West Nile virus,GenBank,set:JF957177,"Anez,G., Grinev,A., Chancey,C., Ball,C., Akolkar,N., Land,K.J., Winkelman,V., Stramer,S.L., Kramer,L.D., Rios,M.",FDA/CBER,USA,5/13/13,BSL6-09,Orthoflavivirus nilense,11029,complete,USA: NV,USA,NV,NA,NA,2009,Lineage_1
JF957178,West Nile virus,GenBank,set:JF957178,"Anez,G., Grinev,A., Chancey,C., Ball,C., Akolkar,N., Land,K.J., Winkelman,V., Stramer,S.L., Kramer,L.D., Rios,M.",FDA/CBER,USA,5/13/13,BSL11-09,Orthoflavivirus nilense,11029,complete,USA: NV,USA,NV,NA,NA,2009,Lineage_1
JF957179,West Nile virus,GenBank,set:JF957179,"Anez,G., Grinev,A., Chancey,C., Ball,C., Akolkar,N., Land,K.J., Winkelman,V., Stramer,S.L., Kramer,L.D., Rios,M.",FDA/CBER,USA,5/13/13,BSL18-09,Orthoflavivirus nilense,11029,complete,USA: LA,USA,LA,NA,NA,2009,Lineage_1
JF957180,West Nile virus,GenBank,set:JF957180,"Anez,G., Grinev,A., Chancey,C., Ball,C., Akolkar,N., Land,K.J., Winkelman,V., Stramer,S.L., Kramer,L.D., Rios,M.",FDA/CBER,USA,5/13/13,BSL20-09,Orthoflavivirus nilense,11029,complete,USA: NV,USA,NV,NA,NA,2009,Lineage_1
JF957181,West Nile virus,GenBank,set:JF957181,"Anez,G., Grinev,A., Chancey,C., Ball,C., Akolkar,N., Land,K.J., Winkelman,V., Stramer,S.L., Kramer,L.D., Rios,M.",FDA/CBER,USA,5/13/13,BSL22-09,Orthoflavivirus nilense,11029,complete,USA: SD,USA,SD,NA,NA,2009,Lineage_1
JF957182,West Nile virus,GenBank,set:JF957182,"Anez,G., Grinev,A., Chancey,C., Ball,C., Akolkar,N., Land,K.J., Winkelman,V., Stramer,S.L., Kramer,L.D., Rios,M.",FDA/CBER,USA,5/13/13,BSL24-09,Orthoflavivirus nilense,11029,complete,USA: TX,USA,TX,NA,NA,2009,Lineage_1
JF957183,West Nile virus,GenBank,set:JF957183,"Anez,G., Grinev,A., Chancey,C., Ball,C., Akolkar,N., Land,K.J., Winkelman,V., Stramer,S.L., Kramer,L.D., Rios,M.",FDA/CBER,USA,5/13/13,BSL27-09,Orthoflavivirus nilense,11029,complete,USA: TX,USA,TX,NA,NA,2009,Lineage_1
JF957184,West Nile virus,GenBank,set:JF957184,"Anez,G., Grinev,A., Chancey,C., Ball,C., Akolkar,N., Land,K.J., Winkelman,V., Stramer,S.L., Kramer,L.D., Rios,M.",FDA/CBER,USA,5/13/13,CO7-09,Orthoflavivirus nilense,11029,complete,USA: CO,USA,CO,NA,NA,2009,Lineage_1
JF957185,West Nile virus,GenBank,set:JF957185,"Anez,G., Grinev,A., Chancey,C., Ball,C., Akolkar,N., Land,K.J., Winkelman,V., Stramer,S.L., Kramer,L.D., Rios,M.",FDA/CBER,USA,5/13/13,BSL2-10,Orthoflavivirus nilense,11029,complete,USA: AZ,USA,AZ,NA,NA,2010,Lineage_1
JF957186,West Nile virus,GenBank,set:JF957186,"Anez,G., Grinev,A., Chancey,C., Ball,C., Akolkar,N., Land,K.J., Winkelman,V., Stramer,S.L., Kramer,L.D., Rios,M.",FDA/CBER,USA,5/13/13,BSL3-10,Orthoflavivirus nilense,11029,complete,USA: AZ,USA,AZ,NA,NA,2010,Lineage_1
KC407666,West Nile virus,GenBank,set:KC407666,"Blazquez,A.B.","Instit. Nac. Investigaciones Agrarias, Biotechnology",Spain,4/1/13,NA,Orthoflavivirus nilense,11029,complete,NA,NA,NA,NA,NA,NA,Lineage_1
KC407667,West Nile virus,GenBank,set:KC407667,"Blazquez,A.-B., Escribano-Romero,E., Saiz,J.-C., Martin-Acebes,M.A., Blazquez,A.B.","Instit. Nac. Investigaciones Agrarias, Biotechnology",Spain,4/1/13,NA,Orthoflavivirus nilense,11029,complete,Spain,Spain,NA,Mus musculus,NA,2007,Lineage_1
KC407673,West Nile virus,GenBank,set:KC407673,"Petrovic,T., Blazquez,A.B., Lupulovic,D., Lazic,G., Escribano-Romero,E., Fabijan,D., Kapetanov,M., Lazic,S., Saiz,J.-C.","Instit. Nac. Investigaciones Agrarias, Biotechnology",Spain,4/1/13,Sad/12,Orthoflavivirus nilense,11028,complete,Serbia,Serbia,NA,Accipiter gentilis,NA,2012,Lineage_2
KC601756,West Nile virus,GenBank,set:KC601756,"Balakrishnan,A., Butte,D.K., Jadhav,S.M., Anukumar,B., Mourya,D.T.","National Institute of Virology, Kerala Unit",India,4/1/13,1048813,Orthoflavivirus nilense,10948,complete,India: Kerala,India,NA,Homo sapiens,NA,2011-02,Lineage_1
JX123030,West Nile virus,GenBank,set:JX123030,"Mann,R.A., Fegan,M., O'Riley,K., Motha,J., Warner,S.","Department of Primary Industries Victoria, Biosciences Research Division",Australia,1/1/13,V11-03,Orthoflavivirus nilense,10983,complete,Australia,Australia,NA,Equus caballus,NA,3/7/11,Lineage_1
JX123031,West Nile virus,GenBank,set:JX123031,"Mann,R.A., Fegan,M., O'Riley,K., Motha,J., Warner,S.","Department of Primary Industries Victoria, Biosciences Research Division",Australia,1/1/13,V11-07,Orthoflavivirus nilense,10983,complete,Australia,Australia,NA,Equus caballus,NA,3/15/11,Lineage_1
JX556213,West Nile virus,GenBank,set:JX556213,"Barzon,L., Pacenti,M., Franchin,E., Martello,T., Lavezzo,E., Squarzon,L., Toppo,S., Fiorin,F., Marchiori,G., Scotton,G., Russo,F., Cattai,M., Cusinato,R., Palu,G.","University of Padua, Department of Molecular Medicine",Italy,9/12/12,NA,Orthoflavivirus nilense,10736,complete,"Italy: Veneto region, Venice province",Italy,NA,Homo sapiens,NA,8/3/12,Lineage_1
JQ928174,West Nile virus,GenBank,set:JQ928174,"Barzon,L., Pacenti,M., Franchin,E., Lavezzo,E., Martello,T., Squarzon,L., Toppo,S., Fiorin,F., Marchiori,G., Russo,F., Cattai,M., Cusinato,R., Palu,G.","University of Padua, Department of Molecular Medicine",Italy,8/12/12,NA,Orthoflavivirus nilense,10714,complete,"Italy: Veneto region, Treviso",Italy,NA,Homo sapiens,blood,2011-09,Lineage_1
JQ928175,West Nile virus,GenBank,set:JQ928175,"Barzon,L., Pacenti,M., Franchin,E., Lavezzo,E., Martello,T., Squarzon,L., Toppo,S., Fiorin,F., Marchiori,G., Russo,F., Cattai,M., Cusinato,R., Palu,G.","University of Padua, Department of Molecular Medicine",Italy,8/12/12,NA,Orthoflavivirus nilense,10477,complete,"Italy: Veneto region, Treviso",Italy,NA,Homo sapiens,urine,2011-09,Lineage_1
JX070655,West Nile virus,GenBank,set:JX070655,"Prilipov,A.G., Sadykova,G.K., Kinney,R.M.","The D.I.Ivanovsky Institute of Virology of The Ministry of Health and Social Development of The Russian Federation, Molecular Genetics",Russia,8/1/12,NA,Orthoflavivirus nilense,10845,complete,Tajikistan,Tajikistan,NA,NA,NA,NA,Lineage_1
JX041628,West Nile virus,GenBank,set:JX041628,"Prilipov,A.G., Kinney,R.M., Sadykova,G.K.","The D.I. Ivanovsky Institute of Virology of The Ministry of Health and Social Development of The Russian Federation, Molecular Genetics",Russia,7/31/12,NA,Orthoflavivirus nilense,10942,complete,Azerbaijan,Azerbaijan,NA,Alectorobius capensis,NA,1970,Lineage_1
JX041629,West Nile virus,GenBank,set:JX041629,"Prilipov,A.G., Kinney,R.M., Sadykova,G.K.","The D.I. Ivanovsky Institute of Virology of The Ministry of Health and Social Development of The Russian Federation, Molecular Genetics",Russia,7/31/12,NA,Orthoflavivirus nilense,10898,complete,Azerbaijan,Azerbaijan,NA,Aves,NA,1967,Lineage_1
JX041630,West Nile virus,GenBank,set:JX041630,"Prilipov,A.G., Kinney,R.M., Sadykova,G.K.","The D.I. Ivanovsky Institute of Virology of The Ministry of Health and Social Development of The Russian Federation, Molecular Genetics",Russia,7/31/12,NA,Orthoflavivirus nilense,10810,complete,Azerbaijan,Azerbaijan,NA,Aves,NA,1967,Lineage_1
JX041631,West Nile virus,GenBank,set:JX041631,"Prilipov,A.G., Kinney,R.M., Sadykova,G.K.","The D.I. Ivanovsky Institute of Virology of The Ministry of Health and Social Development of The Russian Federation, Molecular Genetics",Russia,7/31/12,NA,Orthoflavivirus nilense,10820,complete,Ukraine: Lviv region,Ukraine,NA,Aves,NA,1980,Lineage_2
JX041634,West Nile virus,GenBank,set:JX041634,"Prilipov,A.G., Kinney,R.M., Sadykova,G.K.","The D.I. Ivanovsky Institute of Virology of The Ministry of Health and Social Development of The Russian Federation, Molecular Genetics",Russia,7/31/12,NA,Orthoflavivirus nilense,10998,complete,Russia: Astrakhan region,Russia,NA,Homo sapiens,NA,1999,Lineage_1
JN819305,West Nile virus,GenBank,set:JN819305,"Henn,M.R., Newman,R.M., Levin,J., Malboeuf,C., Casali,M., Russ,C., Lennon,N., Erlich,R., Anderson,S., Rizzolo,K., Green,L., Ryan,E., Yu,Q., Young,S., Berlin,A., Heiman,D., Sykes,S., Koehrsen,M., Borenstein,D., Engels,R., Freedman,E., Gellesch,M., Heilman,E., Howarth,C., Jen,D., Larson,L., Neiman,D., Park,D., Pearson,M., Roberts,A., Sisk,P., Stolte,C., White,J., Alvarado,L., Godfrey,P., Shenoy,N., Yandava,C., Zeng,Q., Ebel,G., Nusbaum,C., Birren,B.",Broad Institute of MIT and Harvard,USA,2/8/12,WNV-1/BID-V5030,Orthoflavivirus nilense,10692,complete,NA,NA,NA,NA,NA,NA,Lineage_1
JN819306,West Nile virus,GenBank,set:JN819306,"Henn,M.R., Newman,R.M., Levin,J., Malboeuf,C., Casali,M., Russ,C., Lennon,N., Erlich,R., Anderson,S., Rizzolo,K., Green,L., Ryan,E., Yu,Q., Young,S., Berlin,A., Heiman,D., Sykes,S., Koehrsen,M., Borenstein,D., Engels,R., Freedman,E., Gellesch,M., Heilman,E., Howarth,C., Jen,D., Larson,L., Neiman,D., Park,D., Pearson,M., Roberts,A., Sisk,P., Stolte,C., White,J., Alvarado,L., Godfrey,P., Shenoy,N., Yandava,C., Zeng,Q., Ebel,G., Nusbaum,C., Birren,B.",Broad Institute of MIT and Harvard,USA,2/8/12,WNV-1/BID-V5031,Orthoflavivirus nilense,10592,complete,NA,NA,NA,NA,NA,NA,Lineage_1
JN819307,West Nile virus,GenBank,set:JN819307,"Henn,M.R., Newman,R.M., Levin,J., Malboeuf,C., Casali,M., Russ,C., Lennon,N., Erlich,R., Anderson,S., Rizzolo,K., Green,L., Ryan,E., Yu,Q., Young,S., Berlin,A., Heiman,D., Sykes,S., Koehrsen,M., Borenstein,D., Engels,R., Freedman,E., Gellesch,M., Heilman,E., Howarth,C., Jen,D., Larson,L., Neiman,D., Park,D., Pearson,M., Roberts,A., Sisk,P., Stolte,C., White,J., Alvarado,L., Godfrey,P., Shenoy,N., Yandava,C., Zeng,Q., Ebel,G., Nusbaum,C., Birren,B.",Broad Institute of MIT and Harvard,USA,2/8/12,WNV-1/BID-V5032,Orthoflavivirus nilense,10584,complete,NA,NA,NA,NA,NA,NA,Lineage_1
JN819309,West Nile virus,GenBank,set:JN819309,"Henn,M.R., Newman,R.M., Levin,J., Malboeuf,C., Casali,M., Russ,C., Lennon,N., Erlich,R., Anderson,S., Rizzolo,K., Green,L., Ryan,E., Yu,Q., Young,S., Berlin,A., Heiman,D., Sykes,S., Koehrsen,M., Borenstein,D., Engels,R., Freedman,E., Gellesch,M., Heilman,E., Howarth,C., Jen,D., Larson,L., Neiman,D., Park,D., Pearson,M., Roberts,A., Sisk,P., Stolte,C., White,J., Alvarado,L., Godfrey,P., Shenoy,N., Yandava,C., Zeng,Q., Ebel,G., Nusbaum,C., Birren,B.",Broad Institute of MIT and Harvard,USA,2/8/12,WNV-1/BID-V5036,Orthoflavivirus nilense,10464,complete,NA,NA,NA,NA,NA,NA,Lineage_1
JN819310,West Nile virus,GenBank,set:JN819310,"Henn,M.R., Newman,R.M., Levin,J., Malboeuf,C., Casali,M., Russ,C., Lennon,N., Erlich,R., Anderson,S., Rizzolo,K., Green,L., Ryan,E., Yu,Q., Young,S., Berlin,A., Heiman,D., Sykes,S., Koehrsen,M., Borenstein,D., Engels,R., Freedman,E., Gellesch,M., Heilman,E., Howarth,C., Jen,D., Larson,L., Neiman,D., Park,D., Pearson,M., Roberts,A., Sisk,P., Stolte,C., White,J., Alvarado,L., Godfrey,P., Shenoy,N., Yandava,C., Zeng,Q., Ebel,G., Nusbaum,C., Birren,B.",Broad Institute of MIT and Harvard,USA,2/8/12,WNV-1/BID-V5037,Orthoflavivirus nilense,10581,complete,NA,NA,NA,NA,NA,NA,Lineage_1
JN819311,West Nile virus,GenBank,set:JN819311,"Henn,M.R., Newman,R.M., Levin,J., Malboeuf,C., Casali,M., Russ,C., Lennon,N., Erlich,R., Anderson,S., Rizzolo,K., Green,L., Ryan,E., Yu,Q., Young,S., Berlin,A., Heiman,D., Sykes,S., Koehrsen,M., Borenstein,D., Engels,R., Freedman,E., Gellesch,M., Heilman,E., Howarth,C., Jen,D., Larson,L., Neiman,D., Park,D., Pearson,M., Roberts,A., Sisk,P., Stolte,C., White,J., Alvarado,L., Godfrey,P., Shenoy,N., Yandava,C., Zeng,Q., Ebel,G., Nusbaum,C., Birren,B.",Broad Institute of MIT and Harvard,USA,2/8/12,WNV-1/BID-V5038,Orthoflavivirus nilense,10451,complete,NA,NA,NA,Culicidae,NA,NA,Lineage_1
JN819312,West Nile virus,GenBank,set:JN819312,"Henn,M.R., Newman,R.M., Levin,J., Malboeuf,C., Casali,M., Russ,C., Lennon,N., Erlich,R., Anderson,S., Rizzolo,K., Green,L., Ryan,E., Yu,Q., Young,S., Berlin,A., Heiman,D., Sykes,S., Koehrsen,M., Borenstein,D., Engels,R., Freedman,E., Gellesch,M., Heilman,E., Howarth,C., Jen,D., Larson,L., Neiman,D., Park,D., Pearson,M., Roberts,A., Sisk,P., Stolte,C., White,J., Alvarado,L., Godfrey,P., Shenoy,N., Yandava,C., Zeng,Q., Ebel,G., Nusbaum,C., Birren,B.",Broad Institute of MIT and Harvard,USA,2/8/12,WNV-1/BID-V5039,Orthoflavivirus nilense,10584,complete,NA,NA,NA,Culicidae,NA,NA,Lineage_1
JN819313,West Nile virus,GenBank,set:JN819313,"Henn,M.R., Newman,R.M., Levin,J., Malboeuf,C., Casali,M., Russ,C., Lennon,N., Erlich,R., Anderson,S., Rizzolo,K., Green,L., Ryan,E., Yu,Q., Young,S., Berlin,A., Heiman,D., Sykes,S., Koehrsen,M., Borenstein,D., Engels,R., Freedman,E., Gellesch,M., Heilman,E., Howarth,C., Jen,D., Larson,L., Neiman,D., Park,D., Pearson,M., Roberts,A., Sisk,P., Stolte,C., White,J., Alvarado,L., Godfrey,P., Shenoy,N., Yandava,C., Zeng,Q., Ebel,G., Nusbaum,C., Birren,B.",Broad Institute of MIT and Harvard,USA,2/8/12,WNV-1/BID-V5040,Orthoflavivirus nilense,10436,complete,NA,NA,NA,Culicidae,NA,NA,Lineage_1
JN819315,West Nile virus,GenBank,set:JN819315,"Henn,M.R., Newman,R.M., Levin,J., Malboeuf,C., Casali,M., Russ,C., Lennon,N., Erlich,R., Anderson,S., Rizzolo,K., Green,L., Ryan,E., Yu,Q., Young,S., Berlin,A., Heiman,D., Sykes,S., Koehrsen,M., Borenstein,D., Engels,R., Freedman,E., Gellesch,M., Heilman,E., Howarth,C., Jen,D., Larson,L., Neiman,D., Park,D., Pearson,M., Roberts,A., Sisk,P., Stolte,C., White,J., Alvarado,L., Godfrey,P., Shenoy,N., Yandava,C., Zeng,Q., Ebel,G., Nusbaum,C., Birren,B.",Broad Institute of MIT and Harvard,USA,2/8/12,WNV-1/BID-V5042,Orthoflavivirus nilense,10583,complete,NA,NA,NA,Aves,NA,NA,Lineage_1
JN819316,West Nile virus,GenBank,set:JN819316,"Henn,M.R., Newman,R.M., Levin,J., Malboeuf,C., Casali,M., Russ,C., Lennon,N., Erlich,R., Anderson,S., Rizzolo,K., Green,L., Ryan,E., Yu,Q., Young,S., Berlin,A., Heiman,D., Sykes,S., Koehrsen,M., Borenstein,D., Engels,R., Freedman,E., Gellesch,M., Heilman,E., Howarth,C., Jen,D., Larson,L., Neiman,D., Park,D., Pearson,M., Roberts,A., Sisk,P., Stolte,C., White,J., Alvarado,L., Godfrey,P., Shenoy,N., Yandava,C., Zeng,Q., Ebel,G., Nusbaum,C., Birren,B.",Broad Institute of MIT and Harvard,USA,2/8/12,WNV-1/BID-V5043,Orthoflavivirus nilense,10584,complete,NA,NA,NA,NA,NA,NA,Lineage_1
JN819317,West Nile virus,GenBank,set:JN819317,"Henn,M.R., Newman,R.M., Levin,J., Malboeuf,C., Casali,M., Russ,C., Lennon,N., Erlich,R., Anderson,S., Rizzolo,K., Green,L., Ryan,E., Yu,Q., Young,S., Berlin,A., Heiman,D., Sykes,S., Koehrsen,M., Borenstein,D., Engels,R., Freedman,E., Gellesch,M., Heilman,E., Howarth,C., Jen,D., Larson,L., Neiman,D., Park,D., Pearson,M., Roberts,A., Sisk,P., Stolte,C., White,J., Alvarado,L., Godfrey,P., Shenoy,N., Yandava,C., Zeng,Q., Ebel,G., Nusbaum,C., Birren,B.",Broad Institute of MIT and Harvard,USA,2/8/12,WNV-1/BID-V5044,Orthoflavivirus nilense,10594,complete,NA,NA,NA,NA,NA,NA,Lineage_1
JN819318,West Nile virus,GenBank,set:JN819318,"Henn,M.R., Newman,R.M., Levin,J., Malboeuf,C., Casali,M., Russ,C., Lennon,N., Erlich,R., Anderson,S., Rizzolo,K., Green,L., Ryan,E., Yu,Q., Young,S., Berlin,A., Heiman,D., Sykes,S., Koehrsen,M., Borenstein,D., Engels,R., Freedman,E., Gellesch,M., Heilman,E., Howarth,C., Jen,D., Larson,L., Neiman,D., Park,D., Pearson,M., Roberts,A., Sisk,P., Stolte,C., White,J., Alvarado,L., Godfrey,P., Shenoy,N., Yandava,C., Zeng,Q., Ebel,G., Nusbaum,C., Birren,B.",Broad Institute of MIT and Harvard,USA,2/8/12,WNV-1/BID-V5045,Orthoflavivirus nilense,10584,complete,NA,NA,NA,Aves,NA,NA,Lineage_1
JN819319,West Nile virus,GenBank,set:JN819319,"Henn,M.R., Newman,R.M., Levin,J., Malboeuf,C., Casali,M., Russ,C., Lennon,N., Erlich,R., Anderson,S., Rizzolo,K., Green,L., Ryan,E., Yu,Q., Young,S., Berlin,A., Heiman,D., Sykes,S., Koehrsen,M., Borenstein,D., Engels,R., Freedman,E., Gellesch,M., Heilman,E., Howarth,C., Jen,D., Larson,L., Neiman,D., Park,D., Pearson,M., Roberts,A., Sisk,P., Stolte,C., White,J., Alvarado,L., Godfrey,P., Shenoy,N., Yandava,C., Zeng,Q., Ebel,G., Nusbaum,C., Birren,B.",Broad Institute of MIT and Harvard,USA,2/8/12,WNV-1/BID-V5047,Orthoflavivirus nilense,10380,complete,NA,NA,NA,Aves,NA,NA,Lineage_1
JN819320,West Nile virus,GenBank,set:JN819320,"Henn,M.R., Newman,R.M., Levin,J., Malboeuf,C., Casali,M., Russ,C., Lennon,N., Erlich,R., Anderson,S., Rizzolo,K., Green,L., Ryan,E., Yu,Q., Young,S., Berlin,A., Heiman,D., Sykes,S., Koehrsen,M., Borenstein,D., Engels,R., Freedman,E., Gellesch,M., Heilman,E., Howarth,C., Jen,D., Larson,L., Neiman,D., Park,D., Pearson,M., Roberts,A., Sisk,P., Stolte,C., White,J., Alvarado,L., Godfrey,P., Shenoy,N., Yandava,C., Zeng,Q., Ebel,G., Nusbaum,C., Birren,B.",Broad Institute of MIT and Harvard,USA,2/8/12,WNV-1/BID-V5048,Orthoflavivirus nilense,10414,complete,NA,NA,NA,Aves,NA,NA,Lineage_1
JN819321,West Nile virus,GenBank,set:JN819321,"Henn,M.R., Newman,R.M., Levin,J., Malboeuf,C., Casali,M., Russ,C., Lennon,N., Erlich,R., Anderson,S., Rizzolo,K., Green,L., Ryan,E., Yu,Q., Young,S., Berlin,A., Heiman,D., Sykes,S., Koehrsen,M., Borenstein,D., Engels,R., Freedman,E., Gellesch,M., Heilman,E., Howarth,C., Jen,D., Larson,L., Neiman,D., Park,D., Pearson,M., Roberts,A., Sisk,P., Stolte,C., White,J., Alvarado,L., Godfrey,P., Shenoy,N., Yandava,C., Zeng,Q., Ebel,G., Nusbaum,C., Birren,B.",Broad Institute of MIT and Harvard,USA,2/8/12,WNV-1/BID-V5051,Orthoflavivirus nilense,10584,complete,NA,NA,NA,NA,NA,NA,Lineage_1
JN819323,West Nile virus,GenBank,set:JN819323,"Henn,M.R., Newman,R.M., Levin,J., Malboeuf,C., Casali,M., Russ,C., Lennon,N., Erlich,R., Anderson,S., Rizzolo,K., Green,L., Ryan,E., Yu,Q., Young,S., Berlin,A., Heiman,D., Sykes,S., Koehrsen,M., Borenstein,D., Engels,R., Freedman,E., Gellesch,M., Heilman,E., Howarth,C., Jen,D., Larson,L., Neiman,D., Park,D., Pearson,M., Roberts,A., Sisk,P., Stolte,C., White,J., Alvarado,L., Godfrey,P., Shenoy,N., Yandava,C., Zeng,Q., Ebel,G., Nusbaum,C., Birren,B.",Broad Institute of MIT and Harvard,USA,2/8/12,WNV-1/BID-V5050,Orthoflavivirus nilense,10488,complete,NA,NA,NA,NA,NA,NA,Lineage_1
JN819324,West Nile virus,GenBank,set:JN819324,"Henn,M.R., Newman,R.M., Levin,J., Malboeuf,C., Casali,M., Russ,C., Lennon,N., Erlich,R., Anderson,S., Rizzolo,K., Green,L., Ryan,E., Yu,Q., Young,S., Berlin,A., Heiman,D., Sykes,S., Koehrsen,M., Borenstein,D., Engels,R., Freedman,E., Gellesch,M., Heilman,E., Howarth,C., Jen,D., Larson,L., Neiman,D., Park,D., Pearson,M., Roberts,A., Sisk,P., Stolte,C., White,J., Alvarado,L., Godfrey,P., Shenoy,N., Yandava,C., Zeng,Q., Ebel,G., Nusbaum,C., Birren,B.",Broad Institute of MIT and Harvard,USA,2/8/12,WNV-1/BID-V5052,Orthoflavivirus nilense,10588,complete,NA,NA,NA,NA,NA,NA,Lineage_1
JN858069,West Nile virus,GenBank,set:JN858069,"Bagnarelli,P., Trotta,D., Marinelli,K., Monachetti,A.","University Politecnica Marche, Biomedical Sciences & Public Health",Italy,12/6/11,Italy/2011/AN-1,Orthoflavivirus nilense,10895,complete,Italy,Italy,NA,Homo sapiens,urine,2011-09,Lineage_1
JN858070,West Nile virus,GenBank,set:JN858070,"Bagnarelli,P., Marinelli,K., Trotta,D., Monachetti,A., Tavio,M., Del Gobbo,R., Capobianchi,M., Menzo,S., Nicoletti,L., Magurano,F., Varaldo,P.","University Politecnica Marche, Biomedical Sciences & Public Health",Italy,12/6/11,Italy/2011/AN-2,Orthoflavivirus nilense,10520,complete,Italy,Italy,NA,Homo sapiens,urine,2011-09,Lineage_2
JN183885,West Nile virus,GenBank,set:JN183885,"Henn,M.R., Newman,R.M., Young,D., Ciota,A., Levin,J., Malboeuf,C., Casali,M., Russ,C., Lennon,N., Erlich,R., Anderson,S., Rizzolo,K., Green,L., Ryan,E., Yu,Q., Young,S., Berlin,A., Heiman,D., Sykes,S., Koehrsen,M., Borenstein,D., Engels,R., Freedman,E., Gellesch,M., Heilman,E., Howarth,C., Jen,D., Larson,L., Neiman,D., Park,D., Pearson,M., Roberts,A., Sisk,P., Stolte,C., White,J., Alvarado,L., Godfrey,P., Shenoy,N., Yandava,C., Zeng,Q., Kramer,L., Nusbaum,C., Birren,B.",Broad Institute of MIT and Harvard,USA,10/11/11,WNV-1/US/BID-V4626/2008,Orthoflavivirus nilense,10521,complete,USA: New York,USA,NY,Cyanocitta cristata,brain,2008,Lineage_1
JN183886,West Nile virus,GenBank,set:JN183886,"Henn,M.R., Newman,R.M., Young,D., Ciota,A., Levin,J., Malboeuf,C., Casali,M., Russ,C., Lennon,N., Erlich,R., Anderson,S., Rizzolo,K., Green,L., Ryan,E., Yu,Q., Young,S., Berlin,A., Heiman,D., Sykes,S., Koehrsen,M., Borenstein,D., Engels,R., Freedman,E., Gellesch,M., Heilman,E., Howarth,C., Jen,D., Larson,L., Neiman,D., Park,D., Pearson,M., Roberts,A., Sisk,P., Stolte,C., White,J., Alvarado,L., Godfrey,P., Shenoy,N., Yandava,C., Zeng,Q., Kramer,L., Nusbaum,C., Birren,B.",Broad Institute of MIT and Harvard,USA,10/11/11,WNV-1/US/BID-V4629/2008,Orthoflavivirus nilense,10671,complete,USA: New York,USA,NY,Cyanocitta cristata,brain,2008,Lineage_1
JN183887,West Nile virus,GenBank,set:JN183887,"Henn,M.R., Newman,R.M., Young,D., Ciota,A., Levin,J., Malboeuf,C., Casali,M., Russ,C., Lennon,N., Erlich,R., Anderson,S., Rizzolo,K., Green,L., Ryan,E., Yu,Q., Young,S., Berlin,A., Heiman,D., Sykes,S., Koehrsen,M., Borenstein,D., Engels,R., Freedman,E., Gellesch,M., Heilman,E., Howarth,C., Jen,D., Larson,L., Neiman,D., Park,D., Pearson,M., Roberts,A., Sisk,P., Stolte,C., White,J., Alvarado,L., Godfrey,P., Shenoy,N., Yandava,C., Zeng,Q., Kramer,L., Nusbaum,C., Birren,B.",Broad Institute of MIT and Harvard,USA,10/11/11,WNV-1/US/BID-V4706/2002,Orthoflavivirus nilense,10685,complete,USA: New York,USA,NY,Corvus brachyrhynchos,brain,2002,Lineage_1
JN183888,West Nile virus,GenBank,set:JN183888,"Henn,M.R., Newman,R.M., Young,D., Ciota,A., Levin,J., Malboeuf,C., Casali,M., Russ,C., Lennon,N., Erlich,R., Anderson,S., Rizzolo,K., Green,L., Ryan,E., Yu,Q., Young,S., Berlin,A., Heiman,D., Sykes,S., Koehrsen,M., Borenstein,D., Engels,R., Freedman,E., Gellesch,M., Heilman,E., Howarth,C., Jen,D., Larson,L., Neiman,D., Park,D., Pearson,M., Roberts,A., Sisk,P., Stolte,C., White,J., Alvarado,L., Godfrey,P., Shenoy,N., Yandava,C., Zeng,Q., Kramer,L., Nusbaum,C., Birren,B.",Broad Institute of MIT and Harvard,USA,10/11/11,WNV-1/US/BID-V4896/2006,Orthoflavivirus nilense,10635,complete,USA: New York,USA,NY,Corvus brachyrhynchos,brain,2006,Lineage_1
JN183889,West Nile virus,GenBank,set:JN183889,"Henn,M.R., Newman,R.M., Levin,J., Malboeuf,C., Casali,M., Russ,C., Lennon,N., Erlich,R., Anderson,S., Rizzolo,K., Green,L., Ryan,E., Yu,Q., Young,S., Berlin,A., Heiman,D., Sykes,S., Koehrsen,M., Borenstein,D., Engels,R., Freedman,E., Gellesch,M., Heilman,E., Howarth,C., Jen,D., Larson,L., Neiman,D., Park,D., Pearson,M., Roberts,A., Sisk,P., Stolte,C., White,J., Alvarado,L., Godfrey,P., Shenoy,N., Yandava,C., Zeng,Q., Armstrong,P., Anderson,J., Andreadis,T., Vossbrinck,C., Nusbaum,C., Ebel,G., Birren,B.",Broad Institute of MIT and Harvard,USA,10/11/11,WNV-1/US/BID-V4579/2003,Orthoflavivirus nilense,10521,complete,USA: Connecticut,USA,CT,Culex restuans,NA,2003,Lineage_1
JN183890,West Nile virus,GenBank,set:JN183890,"Henn,M.R., Newman,R.M., Levin,J., Malboeuf,C., Casali,M., Russ,C., Lennon,N., Erlich,R., Anderson,S., Rizzolo,K., Green,L., Ryan,E., Yu,Q., Young,S., Berlin,A., Heiman,D., Sykes,S., Koehrsen,M., Borenstein,D., Engels,R., Freedman,E., Gellesch,M., Heilman,E., Howarth,C., Jen,D., Larson,L., Neiman,D., Park,D., Pearson,M., Roberts,A., Sisk,P., Stolte,C., White,J., Alvarado,L., Godfrey,P., Shenoy,N., Yandava,C., Zeng,Q., Armstrong,P., Anderson,J., Andreadis,T., Vossbrinck,C., Nusbaum,C., Ebel,G., Birren,B.",Broad Institute of MIT and Harvard,USA,10/11/11,WNV-1/US/BID-V4699/2003,Orthoflavivirus nilense,10526,complete,USA: Connecticut,USA,CT,Culiseta melanura,NA,2003,Lineage_1
JN183891,West Nile virus,GenBank,set:JN183891,"Henn,M.R., Newman,R.M., Levin,J., Malboeuf,C., Casali,M., Russ,C., Lennon,N., Erlich,R., Anderson,S., Rizzolo,K., Green,L., Ryan,E., Yu,Q., Young,S., Berlin,A., Heiman,D., Sykes,S., Koehrsen,M., Borenstein,D., Engels,R., Freedman,E., Gellesch,M., Heilman,E., Howarth,C., Jen,D., Larson,L., Neiman,D., Park,D., Pearson,M., Roberts,A., Sisk,P., Stolte,C., White,J., Alvarado,L., Godfrey,P., Shenoy,N., Yandava,C., Zeng,Q., Goldberg,T.L., Kitron,U.D., Ruiz,M.O., Walker,E.D., Brawn,J.D., Loss,S.R., Hamer,G.L., Nusbaum,C., Ebel,G., Birren,B.",Broad Institute of MIT and Harvard,USA,10/11/11,WNV-1/US/BID-V4344/2002,Orthoflavivirus nilense,10520,complete,USA: Illinois,USA,IL,Cyanocitta cristata,NA,2002,Lineage_1
JN183892,West Nile virus,GenBank,set:JN183892,"Henn,M.R., Newman,R.M., Levin,J., Malboeuf,C., Casali,M., Russ,C., Lennon,N., Erlich,R., Anderson,S., Rizzolo,K., Green,L., Ryan,E., Yu,Q., Young,S., Berlin,A., Heiman,D., Sykes,S., Koehrsen,M., Borenstein,D., Engels,R., Freedman,E., Gellesch,M., Heilman,E., Howarth,C., Jen,D., Larson,L., Neiman,D., Park,D., Pearson,M., Roberts,A., Sisk,P., Stolte,C., White,J., Alvarado,L., Godfrey,P., Shenoy,N., Yandava,C., Zeng,Q., Goldberg,T.L., Kitron,U.D., Ruiz,M.O., Walker,E.D., Brawn,J.D., Loss,S.R., Hamer,G.L., Nusbaum,C., Ebel,G., Birren,B.",Broad Institute of MIT and Harvard,USA,10/11/11,WNV-1/US/BID-V4379/2005,Orthoflavivirus nilense,10622,complete,USA: Illinois,USA,IL,Culex pipiens,NA,2005,Lineage_1
JN183893,West Nile virus,GenBank,set:JN183893,"Henn,M.R., Newman,R.M., Young,D., Ciota,A., Levin,J., Malboeuf,C., Casali,M., Russ,C., Lennon,N., Erlich,R., Anderson,S., Rizzolo,K., Green,L., Ryan,E., Yu,Q., Young,S., Berlin,A., Heiman,D., Sykes,S., Koehrsen,M., Borenstein,D., Engels,R., Freedman,E., Gellesch,M., Heilman,E., Howarth,C., Jen,D., Larson,L., Neiman,D., Park,D., Pearson,M., Roberts,A., Sisk,P., Stolte,C., White,J., Alvarado,L., Godfrey,P., Shenoy,N., Yandava,C., Zeng,Q., Nusbaum,C., Kramer,L., Birren,B.",Broad Institute of MIT and Harvard,USA,10/11/11,WNV-1/Gallus/BID-V4954/kidney,Orthoflavivirus nilense,10610,complete,NA,NA,NA,Gallus gallus,"kidney, abdominal cavity",NA,Lineage_1
JN183894,West Nile virus,GenBank,set:JN183894,"Henn,M.R., Newman,R.M., Young,D., Ciota,A., Levin,J., Malboeuf,C., Casali,M., Russ,C., Lennon,N., Erlich,R., Anderson,S., Rizzolo,K., Green,L., Ryan,E., Yu,Q., Young,S., Berlin,A., Heiman,D., Sykes,S., Koehrsen,M., Borenstein,D., Engels,R., Freedman,E., Gellesch,M., Heilman,E., Howarth,C., Jen,D., Larson,L., Neiman,D., Park,D., Pearson,M., Roberts,A., Sisk,P., Stolte,C., White,J., Alvarado,L., Godfrey,P., Shenoy,N., Yandava,C., Zeng,Q., Nusbaum,C., Kramer,L., Birren,B.",Broad Institute of MIT and Harvard,USA,10/11/11,WNV-1/Gallus/BID-V4955/kidney,Orthoflavivirus nilense,10613,complete,NA,NA,NA,Gallus gallus,"kidney, abdominal cavity",NA,Lineage_1
JN183897,West Nile virus,GenBank,set:JN183897,"Henn,M.R., Newman,R.M., Levin,J., Malboeuf,C., Casali,M., Russ,C., Lennon,N., Erlich,R., Anderson,S., Rizzolo,K., Green,L., Ryan,E., Yu,Q., Young,S., Berlin,A., Heiman,D., Sykes,S., Koehrsen,M., Borenstein,D., Engels,R., Freedman,E., Gellesch,M., Heilman,E., Howarth,C., Jen,D., Larson,L., Neiman,D., Park,D., Pearson,M., Roberts,A., Sisk,P., Stolte,C., White,J., Alvarado,L., Godfrey,P., Shenoy,N., Yandava,C., Zeng,Q., Deardorff,E.R., Ebel,G.D., Nusbaum,C., Ebel,G., Birren,B.",Broad Institute of MIT and Harvard,USA,10/11/11,WNV-1/Culex/BID-V5808/midgut,Orthoflavivirus nilense,10622,complete,NA,NA,NA,Culex,abdominal cavity,NA,Lineage_1
JF719065,West Nile virus,GenBank,set:JF719065,"Sotelo,E., Fernandez-Pinero,J., Llorente,F., Vazquez,A., Moreno,A., Aguero,M., Cordioli,P., Tenorio,A., Jimenez-Clavero,M.A.",Centro de Investigacion en Sanidad Animal (CISA-INIA),Spain,8/2/11,Italy/2008/J-242853,Orthoflavivirus nilense,10969,complete,Italy,Italy,NA,Corvidae,NA,2008-10,Lineage_1
JF719066,West Nile virus,GenBank,set:JF719066,"Sotelo,E., Fernandez-Pinero,J., Llorente,F., Vazquez,A., Moreno,A., Aguero,M., Cordioli,P., Tenorio,A., Jimenez-Clavero,M.A.",Centro de Investigacion en Sanidad Animal (CISA-INIA),Spain,8/2/11,Italy/2008/M-203204,Orthoflavivirus nilense,10953,complete,Italy,Italy,NA,Corvidae,NA,2008-09,Lineage_1
JF719067,West Nile virus,GenBank,set:JF719067,"Sotelo,E., Fernandez-Pinero,J., Llorente,F., Vazquez,A., Moreno,A., Aguero,M., Cordioli,P., Tenorio,A., Jimenez-Clavero,M.A.",Centro de Investigacion en Sanidad Animal (CISA-INIA),Spain,8/2/11,Italy/2009/G-223184,Orthoflavivirus nilense,10926,complete,Italy,Italy,NA,Laridae,NA,2009-11,Lineage_1
JF719068,West Nile virus,GenBank,set:JF719068,"Sotelo,E., Fernandez-Pinero,J., Llorente,F., Vazquez,A., Moreno,A., Aguero,M., Cordioli,P., Tenorio,A., Jimenez-Clavero,M.A.",Centro de Investigacion en Sanidad Animal (CISA-INIA),Spain,8/2/11,Italy/2009/J-225677,Orthoflavivirus nilense,10926,complete,Italy,Italy,NA,Corvidae,NA,2009-10,Lineage_1
JF719069,West Nile virus,GenBank,set:JF719069,"Sotelo,E., Fernandez-Pinero,J., Llorente,F., Vazquez,A., Moreno,A., Aguero,M., Cordioli,P., Tenorio,A., Jimenez-Clavero,M.A.",Centro de Investigacion en Sanidad Animal (CISA-INIA),Spain,8/2/11,Spain/2010/H-1b,Orthoflavivirus nilense,10990,complete,Spain,Spain,NA,Equus caballus,brain,2010-08,Lineage_1
JF703161,West Nile virus,GenBank,set:JF703161,"Andrade,C.C., Maharaj,P.D., Reisen,W.K., Brault,A.C.","University of Davis - California, Veterinary Medicine - Pathology, Microbiology, Immunology; Center for Vector-borne Disease",USA,7/31/11,CA-04 COAV689,Orthoflavivirus nilense,11029,complete,USA,USA,NA,Culex tarsalis,NA,7/2/04,Lineage_1
JF703162,West Nile virus,GenBank,set:JF703162,"Andrade,C.C., Maharaj,P.D., Reisen,W.K., Brault,A.C.","University of Davis - California, Veterinary Medicine - Pathology, Microbiology, Immunology; Center for Vector-borne Disease",USA,7/31/11,CA-03 COAV997,Orthoflavivirus nilense,11029,complete,USA,USA,NA,Culex tarsalis,NA,2003-07,Lineage_1
JF703163,West Nile virus,GenBank,set:JF703163,"Andrade,C.C., Maharaj,P.D., Reisen,W.K., Brault,A.C.","University of Davis - California, Veterinary Medicine - Pathology, Microbiology, Immunology; Center for Vector-borne Disease",USA,7/31/11,CA-05 COAV2900,Orthoflavivirus nilense,11029,complete,USA,USA,NA,Culex tarsalis,NA,11/8/05,Lineage_1
JF703164,West Nile virus,GenBank,set:JF703164,"Andrade,C.C., Maharaj,P.D., Reisen,W.K., Brault,A.C.","University of Davis - California, Veterinary Medicine - Pathology, Microbiology, Immunology; Center for Vector-borne Disease",USA,7/31/11,CA-03 IMPR116,Orthoflavivirus nilense,11029,complete,USA,USA,NA,Culex tarsalis,NA,2003,Lineage_1
JN367277,West Nile virus,GenBank,set:JN367277,"Henn,M.R., Newman,R.M., Young,D., Ciota,A., Levin,J., Malboeuf,C., Casali,M., Russ,C., Lennon,N., Erlich,R., Anderson,S., Rizzolo,K., Green,L., Ryan,E., Yu,Q., Young,S., Berlin,A., Heiman,D., Sykes,S., Koehrsen,M., Borenstein,D., Engels,R., Freedman,E., Gellesch,M., Heilman,E., Howarth,C., Jen,D., Larson,L., Neiman,D., Park,D., Pearson,M., Roberts,A., Sisk,P., Stolte,C., White,J., Alvarado,L., Godfrey,P., Shenoy,N., Yandava,C., Zeng,Q., Kramer,L., Nusbaum,C., Birren,B.",Broad Institute of MIT and Harvard,USA,7/25/11,WNV-1/US/BID-V4803/2004,Orthoflavivirus nilense,10612,complete,USA: New York,USA,NY,Corvus brachyrhynchos,brain,2004,Lineage_1
JF415914,West Nile virus,GenBank,set:JF415914,"McMullen,A.R., May,F.J., Li,L., Guzman,H., Bueno,R. Jr., Dennett,J.A., Tesh,R.B., Barrett,A.D., Barrett,A.D.T.",University of Texas Medical Branch,USA,7/14/11,M12214,Orthoflavivirus nilense,11029,complete,USA: Texas,USA,TX,Culex quinquefasciatus,NA,2005,Lineage_1
JF415915,West Nile virus,GenBank,set:JF415915,"McMullen,A.R., May,F.J., Li,L., Guzman,H., Bueno,R. Jr., Dennett,J.A., Tesh,R.B., Barrett,A.D., Barrett,A.D.T.",University of Texas Medical Branch,USA,7/14/11,TX5810,Orthoflavivirus nilense,11029,complete,USA: Texas,USA,TX,Quiscalus quiscula,NA,2006,Lineage_1
JF415916,West Nile virus,GenBank,set:JF415916,"McMullen,A.R., May,F.J., Li,L., Guzman,H., Bueno,R. Jr., Dennett,J.A., Tesh,R.B., Barrett,A.D., Barrett,A.D.T.",University of Texas Medical Branch,USA,7/14/11,TX6276,Orthoflavivirus nilense,11029,complete,USA: Texas,USA,TX,Mimus polyglottos,NA,2006,Lineage_1
JF415917,West Nile virus,GenBank,set:JF415917,"McMullen,A.R., May,F.J., Li,L., Guzman,H., Bueno,R. Jr., Dennett,J.A., Tesh,R.B., Barrett,A.D., Barrett,A.D.T.",University of Texas Medical Branch,USA,7/14/11,TX6647,Orthoflavivirus nilense,11028,complete,USA: Texas,USA,TX,Cyanocitta cristata,NA,2007,Lineage_1
JF415918,West Nile virus,GenBank,set:JF415918,"McMullen,A.R., May,F.J., Li,L., Guzman,H., Bueno,R. Jr., Dennett,J.A., Tesh,R.B., Barrett,A.D., Barrett,A.D.T.",University of Texas Medical Branch,USA,7/14/11,TX6747,Orthoflavivirus nilense,11029,complete,USA: Texas,USA,TX,Cyanocitta cristata,NA,2007,Lineage_1
JF415919,West Nile virus,GenBank,set:JF415919,"McMullen,A.R., May,F.J., Li,L., Guzman,H., Bueno,R. Jr., Dennett,J.A., Tesh,R.B., Barrett,A.D., Barrett,A.D.T.",University of Texas Medical Branch,USA,7/14/11,M19433,Orthoflavivirus nilense,11029,complete,USA: Texas,USA,TX,Aedes albopictus,NA,2007,Lineage_1
JF415920,West Nile virus,GenBank,set:JF415920,"McMullen,A.R., May,F.J., Li,L., Guzman,H., Bueno,R. Jr., Dennett,J.A., Tesh,R.B., Barrett,A.D., Barrett,A.D.T.",University of Texas Medical Branch,USA,7/14/11,TX7191,Orthoflavivirus nilense,11029,complete,USA: Texas,USA,TX,Cyanocitta cristata,NA,2007,Lineage_1
JF415921,West Nile virus,GenBank,set:JF415921,"McMullen,A.R., May,F.J., Li,L., Guzman,H., Bueno,R. Jr., Dennett,J.A., Tesh,R.B., Barrett,A.D., Barrett,A.D.T.",University of Texas Medical Branch,USA,7/14/11,TX7558,Orthoflavivirus nilense,11028,complete,USA: Texas,USA,TX,Cyanocitta cristata,NA,2008,Lineage_1
JF415922,West Nile virus,GenBank,set:JF415922,"McMullen,A.R., May,F.J., Li,L., Guzman,H., Bueno,R. Jr., Dennett,J.A., Tesh,R.B., Barrett,A.D., Barrett,A.D.T.",University of Texas Medical Branch,USA,7/14/11,M37012,Orthoflavivirus nilense,11029,complete,USA: Texas,USA,TX,Culex quinquefasciatus,NA,2009,Lineage_1
JF415923,West Nile virus,GenBank,set:JF415923,"McMullen,A.R., May,F.J., Li,L., Guzman,H., Bueno,R. Jr., Dennett,J.A., Tesh,R.B., Barrett,A.D., Barrett,A.D.T.",University of Texas Medical Branch,USA,7/14/11,M37906,Orthoflavivirus nilense,11028,complete,USA: Texas,USA,TX,Culex quinquefasciatus,NA,2009,Lineage_1
JF415924,West Nile virus,GenBank,set:JF415924,"McMullen,A.R., May,F.J., Li,L., Guzman,H., Bueno,R. Jr., Dennett,J.A., Tesh,R.B., Barrett,A.D., Barrett,A.D.T.",University of Texas Medical Branch,USA,7/14/11,TX7827,Orthoflavivirus nilense,11028,complete,USA: Texas,USA,TX,Cyanocitta cristata,NA,2009,Lineage_1
JF415925,West Nile virus,GenBank,set:JF415925,"McMullen,A.R., May,F.J., Li,L., Guzman,H., Bueno,R. Jr., Dennett,J.A., Tesh,R.B., Barrett,A.D., Barrett,A.D.T.",University of Texas Medical Branch,USA,7/14/11,M38488,Orthoflavivirus nilense,11028,complete,USA: Texas,USA,TX,Aedes albopictus,NA,2009,Lineage_1
JF415926,West Nile virus,GenBank,set:JF415926,"McMullen,A.R., May,F.J., Li,L., Guzman,H., Bueno,R. Jr., Dennett,J.A., Tesh,R.B., Barrett,A.D., Barrett,A.D.T.",University of Texas Medical Branch,USA,7/14/11,M20140,Orthoflavivirus nilense,11029,complete,USA: Texas,USA,TX,Culex quinquefasciatus,NA,2009,Lineage_1
JF415927,West Nile virus,GenBank,set:JF415927,"McMullen,A.R., May,F.J., Li,L., Guzman,H., Bueno,R. Jr., Dennett,J.A., Tesh,R.B., Barrett,A.D., Barrett,A.D.T.",University of Texas Medical Branch,USA,7/14/11,M20141,Orthoflavivirus nilense,11031,complete,USA: Texas,USA,TX,Aedes albopictus,NA,2009,Lineage_1
JF415928,West Nile virus,GenBank,set:JF415928,"McMullen,A.R., May,F.J., Li,L., Guzman,H., Bueno,R. Jr., Dennett,J.A., Tesh,R.B., Barrett,A.D., Barrett,A.D.T.",University of Texas Medical Branch,USA,7/14/11,M20122,Orthoflavivirus nilense,11029,complete,USA: Texas,USA,TX,Culex quinquefasciatus,NA,2009,Lineage_1
JF415929,West Nile virus,GenBank,set:JF415929,"McMullen,A.R., May,F.J., Li,L., Guzman,H., Bueno,R. Jr., Dennett,J.A., Tesh,R.B., Barrett,A.D., Barrett,A.D.T.",University of Texas Medical Branch,USA,7/14/11,TX5058,Orthoflavivirus nilense,11023,complete,USA: Texas,USA,TX,Cyanocitta cristata,NA,2005,Lineage_1
JF415930,West Nile virus,GenBank,set:JF415930,"McMullen,A.R., May,F.J., Li,L., Guzman,H., Bueno,R. Jr., Dennett,J.A., Tesh,R.B., Barrett,A.D., Barrett,A.D.T.",University of Texas Medical Branch,USA,7/14/11,M6019,Orthoflavivirus nilense,11029,complete,USA: Texas,USA,TX,Culex quinquefasciatus,NA,2006,Lineage_1
JF972636,West Nile virus,GenBank,set:JF972636,"Henn,M.R., Newman,R.M., Levin,J., Malboeuf,C., Casali,M., Russ,C., Lennon,N., Erlich,R., Anderson,S., Rizzolo,K., Green,L., Ryan,E., Yu,Q., Young,S., Berlin,A., Heiman,D., Sykes,S., Koehrsen,M., Borenstein,D., Engels,R., Freedman,E., Gellesch,M., Heilman,E., Howarth,C., Jen,D., Larson,L., Neiman,D., Park,D., Pearson,M., Roberts,A., Sisk,P., Stolte,C., White,J., Alvarado,L., Godfrey,P., Shenoy,N., Yandava,C., Zeng,Q., Armstrong,P., Anderson,J., Andreadis,T., Vossbrinck,C., Nusbaum,C., Ebel,G., Birren,B.",Broad Institute of MIT and Harvard,USA,5/24/11,WNV-1/US/BID-V5228/2008,Orthoflavivirus nilense,10623,complete,USA: Connecticut,USA,CT,Culiseta melanura,NA,2008,Lineage_1
HQ671742,West Nile virus,GenBank,set:HQ671742,"Henn,M.R., Newman,R.M., Levin,J., Malboeuf,C., Casali,M., Russ,C., Lennon,N., Erlich,R., Anderson,S., Rizzolo,K., Green,L., Ryan,E., Yu,Q., Young,S., Berlin,A., Heiman,D., Sykes,S., Koehrsen,M., Borenstein,D., Engels,R., Freedman,E., Gellesch,M., Heilman,E., Howarth,C., Jen,D., Larson,L., Neiman,D., Park,D., Pearson,M., Roberts,A., Sisk,P., Stolte,C., White,J., Alvarado,L., Godfrey,P., Shenoy,N., Yandava,C., Zeng,Q., Goldberg,T.L., Kitron,U.D., Ruiz,M.O., Walker,E.D., Brawn,J.D., Loss,S.R., Hamer,G.L., Nusbaum,C., Ebel,G., Birren,B.",Broad Institute of MIT and Harvard,USA,5/18/11,WNV-1/US/BID-V4343/2002,Orthoflavivirus nilense,10622,complete,USA: Illinois,USA,IL,Cyanocitta cristata,NA,2002,Lineage_1
JF899528,West Nile virus,GenBank,set:JF899528,"Henn,M.R., Newman,R.M., Young,D., Ciota,A., Levin,J., Malboeuf,C., Casali,M., Russ,C., Lennon,N., Erlich,R., Anderson,S., Rizzolo,K., Green,L., Ryan,E., Yu,Q., Young,S., Berlin,A., Heiman,D., Sykes,S., Koehrsen,M., Borenstein,D., Engels,R., Freedman,E., Gellesch,M., Heilman,E., Howarth,C., Jen,D., Larson,L., Neiman,D., Park,D., Pearson,M., Roberts,A., Sisk,P., Stolte,C., White,J., Alvarado,L., Godfrey,P., Shenoy,N., Yandava,C., Zeng,Q., Kramer,L., Nusbaum,C., Birren,B.",Broad Institute of MIT and Harvard,USA,5/17/11,WNV-1/US/BID-V4800/2004,Orthoflavivirus nilense,10610,complete,USA: New York,USA,NY,Corvus brachyrhynchos,brain,2004,Lineage_1
JF899529,West Nile virus,GenBank,set:JF899529,"Henn,M.R., Newman,R.M., Young,D., Ciota,A., Levin,J., Malboeuf,C., Casali,M., Russ,C., Lennon,N., Erlich,R., Anderson,S., Rizzolo,K., Green,L., Ryan,E., Yu,Q., Young,S., Berlin,A., Heiman,D., Sykes,S., Koehrsen,M., Borenstein,D., Engels,R., Freedman,E., Gellesch,M., Heilman,E., Howarth,C., Jen,D., Larson,L., Neiman,D., Park,D., Pearson,M., Roberts,A., Sisk,P., Stolte,C., White,J., Alvarado,L., Godfrey,P., Shenoy,N., Yandava,C., Zeng,Q., Kramer,L., Nusbaum,C., Birren,B.",Broad Institute of MIT and Harvard,USA,5/17/11,WNV-1/US/BID-V4808/2005,Orthoflavivirus nilense,10613,complete,USA: New York,USA,NY,Corvus brachyrhynchos,brain,2005,Lineage_1
JF899530,West Nile virus,GenBank,set:JF899530,"Henn,M.R., Newman,R.M., Brien,J., Levin,J., Malboeuf,C., Casali,M., Russ,C., Lennon,N., Erlich,R., Anderson,S., Rizzolo,K., Green,L., Ryan,E., Yu,Q., Young,S., Berlin,A., Heiman,D., Sykes,S., Koehrsen,M., Borenstein,D., Engels,R., Freedman,E., Gellesch,M., Heilman,E., Howarth,C., Jen,D., Larson,L., Neiman,D., Park,D., Pearson,M., Roberts,A., Sisk,P., Stolte,C., White,J., Alvarado,L., Godfrey,P., Shenoy,N., Yandava,C., Zeng,Q., Brien,J.D., Diamond,M.S., Nusbaum,C., Birren,B.",Broad Institute of MIT and Harvard,USA,5/17/11,WNV-1/Mus/BID-V4923/spleen,Orthoflavivirus nilense,10613,complete,NA,NA,NA,Mus musculus,"spleen, abdominal cavity",NA,Lineage_1
JF899534,West Nile virus,GenBank,set:JF899534,"Henn,M.R., Newman,R.M., Brien,J., Levin,J., Malboeuf,C., Casali,M., Russ,C., Lennon,N., Erlich,R., Anderson,S., Rizzolo,K., Green,L., Ryan,E., Yu,Q., Young,S., Berlin,A., Heiman,D., Sykes,S., Koehrsen,M., Borenstein,D., Engels,R., Freedman,E., Gellesch,M., Heilman,E., Howarth,C., Jen,D., Larson,L., Neiman,D., Park,D., Pearson,M., Roberts,A., Sisk,P., Stolte,C., White,J., Alvarado,L., Godfrey,P., Shenoy,N., Yandava,C., Zeng,Q., Brien,J.D., Diamond,M.S., Nusbaum,C., Birren,B.",Broad Institute of MIT and Harvard,USA,5/17/11,WNV-1/Mus/BID-V5002/brain,Orthoflavivirus nilense,10434,complete,NA,NA,NA,Mus musculus,brain,NA,Lineage_1
JF899536,West Nile virus,GenBank,set:JF899536,"Henn,M.R., Newman,R.M., Brien,J., Levin,J., Malboeuf,C., Casali,M., Russ,C., Lennon,N., Erlich,R., Anderson,S., Rizzolo,K., Green,L., Ryan,E., Yu,Q., Young,S., Berlin,A., Heiman,D., Sykes,S., Koehrsen,M., Borenstein,D., Engels,R., Freedman,E., Gellesch,M., Heilman,E., Howarth,C., Jen,D., Larson,L., Neiman,D., Park,D., Pearson,M., Roberts,A., Sisk,P., Stolte,C., White,J., Alvarado,L., Godfrey,P., Shenoy,N., Yandava,C., Zeng,Q., Brien,J.D., Diamond,M.S., Nusbaum,C., Birren,B.",Broad Institute of MIT and Harvard,USA,5/17/11,WNV-1/Mus/BID-V5145/brain,Orthoflavivirus nilense,10601,complete,NA,NA,NA,Mus musculus,brain,NA,Lineage_1
JF899537,West Nile virus,GenBank,set:JF899537,"Henn,M.R., Newman,R.M., Brien,J., Levin,J., Malboeuf,C., Casali,M., Russ,C., Lennon,N., Erlich,R., Anderson,S., Rizzolo,K., Green,L., Ryan,E., Yu,Q., Young,S., Berlin,A., Heiman,D., Sykes,S., Koehrsen,M., Borenstein,D., Engels,R., Freedman,E., Gellesch,M., Heilman,E., Howarth,C., Jen,D., Larson,L., Neiman,D., Park,D., Pearson,M., Roberts,A., Sisk,P., Stolte,C., White,J., Alvarado,L., Godfrey,P., Shenoy,N., Yandava,C., Zeng,Q., Brien,J.D., Diamond,M.S., Nusbaum,C., Birren,B.",Broad Institute of MIT and Harvard,USA,5/17/11,WNV-1/Mus/BID-V5146/brain,Orthoflavivirus nilense,10622,complete,NA,NA,NA,Mus musculus,brain,NA,Lineage_1
JF920306,West Nile virus,GenBank,set:JF920306,"Henn,M.R., Newman,R.M., Levin,J., Malboeuf,C., Casali,M., Russ,C., Lennon,N., Erlich,R., Anderson,S., Rizzolo,K., Green,L., Ryan,E., Yu,Q., Young,S., Berlin,A., Heiman,D., Sykes,S., Koehrsen,M., Borenstein,D., Engels,R., Freedman,E., Gellesch,M., Heilman,E., Howarth,C., Jen,D., Larson,L., Neiman,D., Park,D., Pearson,M., Roberts,A., Sisk,P., Stolte,C., White,J., Alvarado,L., Godfrey,P., Shenoy,N., Yandava,C., Zeng,Q., Armstrong,P., Anderson,J., Andreadis,T., Vossbrinck,C., Nusbaum,C., Ebel,G., Birren,B.",Broad Institute of MIT and Harvard,USA,5/17/11,WNV-1/US/BID-V4597/2003,Orthoflavivirus nilense,10700,complete,USA: Connecticut,USA,CT,Culex pipiens,NA,2003,Lineage_1
JF920307,West Nile virus,GenBank,set:JF920307,"Henn,M.R., Newman,R.M., Levin,J., Malboeuf,C., Casali,M., Russ,C., Lennon,N., Erlich,R., Anderson,S., Rizzolo,K., Green,L., Ryan,E., Yu,Q., Young,S., Berlin,A., Heiman,D., Sykes,S., Koehrsen,M., Borenstein,D., Engels,R., Freedman,E., Gellesch,M., Heilman,E., Howarth,C., Jen,D., Larson,L., Neiman,D., Park,D., Pearson,M., Roberts,A., Sisk,P., Stolte,C., White,J., Alvarado,L., Godfrey,P., Shenoy,N., Yandava,C., Zeng,Q., Armstrong,P., Anderson,J., Andreadis,T., Vossbrinck,C., Nusbaum,C., Ebel,G., Birren,B.",Broad Institute of MIT and Harvard,USA,5/17/11,WNV-1/US/BID-V4907/2001,Orthoflavivirus nilense,10613,complete,USA: Connecticut,USA,CT,Culiseta melanura,NA,2001,Lineage_1
JF920728,West Nile virus,GenBank,set:JF920728,"Henn,M.R., Newman,R.M., Levin,J., Malboeuf,C., Casali,M., Russ,C., Lennon,N., Erlich,R., Anderson,S., Rizzolo,K., Green,L., Ryan,E., Yu,Q., Young,S., Berlin,A., Heiman,D., Sykes,S., Koehrsen,M., Borenstein,D., Engels,R., Freedman,E., Gellesch,M., Heilman,E., Howarth,C., Jen,D., Larson,L., Neiman,D., Park,D., Pearson,M., Roberts,A., Sisk,P., Stolte,C., White,J., Alvarado,L., Godfrey,P., Shenoy,N., Yandava,C., Zeng,Q., Armstrong,P., Anderson,J., Andreadis,T., Vossbrinck,C., Nusbaum,C., Ebel,G., Birren,B.",Broad Institute of MIT and Harvard,USA,5/17/11,WNV-1/US/BID-V4568/2003,Orthoflavivirus nilense,10622,complete,USA: Connecticut,USA,CT,Culex pipiens,NA,2003,Lineage_1
JF920729,West Nile virus,GenBank,set:JF920729,"Henn,M.R., Newman,R.M., Levin,J., Malboeuf,C., Casali,M., Russ,C., Lennon,N., Erlich,R., Anderson,S., Rizzolo,K., Green,L., Ryan,E., Yu,Q., Young,S., Berlin,A., Heiman,D., Sykes,S., Koehrsen,M., Borenstein,D., Engels,R., Freedman,E., Gellesch,M., Heilman,E., Howarth,C., Jen,D., Larson,L., Neiman,D., Park,D., Pearson,M., Roberts,A., Sisk,P., Stolte,C., White,J., Alvarado,L., Godfrey,P., Shenoy,N., Yandava,C., Zeng,Q., Armstrong,P., Anderson,J., Andreadis,T., Vossbrinck,C., Nusbaum,C., Ebel,G., Birren,B.",Broad Institute of MIT and Harvard,USA,5/17/11,WNV-1/US/BID-V5196/2006,Orthoflavivirus nilense,10622,complete,USA: Connecticut,USA,CT,Culex pipiens,NA,2006,Lineage_1
JF920730,West Nile virus,GenBank,set:JF920730,"Henn,M.R., Newman,R.M., Levin,J., Malboeuf,C., Casali,M., Russ,C., Lennon,N., Erlich,R., Anderson,S., Rizzolo,K., Green,L., Ryan,E., Yu,Q., Young,S., Berlin,A., Heiman,D., Sykes,S., Koehrsen,M., Borenstein,D., Engels,R., Freedman,E., Gellesch,M., Heilman,E., Howarth,C., Jen,D., Larson,L., Neiman,D., Park,D., Pearson,M., Roberts,A., Sisk,P., Stolte,C., White,J., Alvarado,L., Godfrey,P., Shenoy,N., Yandava,C., Zeng,Q., Armstrong,P., Anderson,J., Andreadis,T., Vossbrinck,C., Nusbaum,C., Ebel,G., Birren,B.",Broad Institute of MIT and Harvard,USA,5/17/11,WNV-1/US/BID-V5197/2006,Orthoflavivirus nilense,10695,complete,USA: Connecticut,USA,CT,Culex pipiens,NA,2006,Lineage_1
JF920731,West Nile virus,GenBank,set:JF920731,"Henn,M.R., Newman,R.M., Levin,J., Malboeuf,C., Casali,M., Russ,C., Lennon,N., Erlich,R., Anderson,S., Rizzolo,K., Green,L., Ryan,E., Yu,Q., Young,S., Berlin,A., Heiman,D., Sykes,S., Koehrsen,M., Borenstein,D., Engels,R., Freedman,E., Gellesch,M., Heilman,E., Howarth,C., Jen,D., Larson,L., Neiman,D., Park,D., Pearson,M., Roberts,A., Sisk,P., Stolte,C., White,J., Alvarado,L., Godfrey,P., Shenoy,N., Yandava,C., Zeng,Q., Armstrong,P., Anderson,J., Andreadis,T., Vossbrinck,C., Nusbaum,C., Ebel,G., Birren,B.",Broad Institute of MIT and Harvard,USA,5/17/11,WNV-1/US/BID-V5201/2006,Orthoflavivirus nilense,10778,complete,USA: Connecticut,USA,CT,Culex pipiens,NA,2006,Lineage_1
JF920732,West Nile virus,GenBank,set:JF920732,"Henn,M.R., Newman,R.M., Levin,J., Malboeuf,C., Casali,M., Russ,C., Lennon,N., Erlich,R., Anderson,S., Rizzolo,K., Green,L., Ryan,E., Yu,Q., Young,S., Berlin,A., Heiman,D., Sykes,S., Koehrsen,M., Borenstein,D., Engels,R., Freedman,E., Gellesch,M., Heilman,E., Howarth,C., Jen,D., Larson,L., Neiman,D., Park,D., Pearson,M., Roberts,A., Sisk,P., Stolte,C., White,J., Alvarado,L., Godfrey,P., Shenoy,N., Yandava,C., Zeng,Q., Armstrong,P., Anderson,J., Andreadis,T., Vossbrinck,C., Nusbaum,C., Ebel,G., Birren,B.",Broad Institute of MIT and Harvard,USA,5/17/11,WNV-1/US/BID-V5202/2006,Orthoflavivirus nilense,10811,complete,USA: Connecticut,USA,CT,Culex pipiens,NA,2006,Lineage_1
JF920733,West Nile virus,GenBank,set:JF920733,"Henn,M.R., Newman,R.M., Levin,J., Malboeuf,C., Casali,M., Russ,C., Lennon,N., Erlich,R., Anderson,S., Rizzolo,K., Green,L., Ryan,E., Yu,Q., Young,S., Berlin,A., Heiman,D., Sykes,S., Koehrsen,M., Borenstein,D., Engels,R., Freedman,E., Gellesch,M., Heilman,E., Howarth,C., Jen,D., Larson,L., Neiman,D., Park,D., Pearson,M., Roberts,A., Sisk,P., Stolte,C., White,J., Alvarado,L., Godfrey,P., Shenoy,N., Yandava,C., Zeng,Q., Armstrong,P., Anderson,J., Andreadis,T., Vossbrinck,C., Nusbaum,C., Ebel,G., Birren,B.",Broad Institute of MIT and Harvard,USA,5/17/11,WNV-1/US/BID-V5203/2006,Orthoflavivirus nilense,10622,complete,USA: Connecticut,USA,CT,Culex pipiens,NA,2006,Lineage_1
JF920734,West Nile virus,GenBank,set:JF920734,"Henn,M.R., Newman,R.M., Levin,J., Malboeuf,C., Casali,M., Russ,C., Lennon,N., Erlich,R., Anderson,S., Rizzolo,K., Green,L., Ryan,E., Yu,Q., Young,S., Berlin,A., Heiman,D., Sykes,S., Koehrsen,M., Borenstein,D., Engels,R., Freedman,E., Gellesch,M., Heilman,E., Howarth,C., Jen,D., Larson,L., Neiman,D., Park,D., Pearson,M., Roberts,A., Sisk,P., Stolte,C., White,J., Alvarado,L., Godfrey,P., Shenoy,N., Yandava,C., Zeng,Q., Armstrong,P., Anderson,J., Andreadis,T., Vossbrinck,C., Nusbaum,C., Ebel,G., Birren,B.",Broad Institute of MIT and Harvard,USA,5/17/11,WNV-1/US/BID-V5204/2006,Orthoflavivirus nilense,10492,complete,USA: Connecticut,USA,CT,Culex restuans,NA,2006,Lineage_1
JF920735,West Nile virus,GenBank,set:JF920735,"Henn,M.R., Newman,R.M., Levin,J., Malboeuf,C., Casali,M., Russ,C., Lennon,N., Erlich,R., Anderson,S., Rizzolo,K., Green,L., Ryan,E., Yu,Q., Young,S., Berlin,A., Heiman,D., Sykes,S., Koehrsen,M., Borenstein,D., Engels,R., Freedman,E., Gellesch,M., Heilman,E., Howarth,C., Jen,D., Larson,L., Neiman,D., Park,D., Pearson,M., Roberts,A., Sisk,P., Stolte,C., White,J., Alvarado,L., Godfrey,P., Shenoy,N., Yandava,C., Zeng,Q., Armstrong,P., Anderson,J., Andreadis,T., Vossbrinck,C., Nusbaum,C., Ebel,G., Birren,B.",Broad Institute of MIT and Harvard,USA,5/17/11,WNV-1/US/BID-V5205/2006,Orthoflavivirus nilense,10625,complete,USA: Connecticut,USA,CT,Culex pipiens,NA,2006,Lineage_1
JF920736,West Nile virus,GenBank,set:JF920736,"Henn,M.R., Newman,R.M., Levin,J., Malboeuf,C., Casali,M., Russ,C., Lennon,N., Erlich,R., Anderson,S., Rizzolo,K., Green,L., Ryan,E., Yu,Q., Young,S., Berlin,A., Heiman,D., Sykes,S., Koehrsen,M., Borenstein,D., Engels,R., Freedman,E., Gellesch,M., Heilman,E., Howarth,C., Jen,D., Larson,L., Neiman,D., Park,D., Pearson,M., Roberts,A., Sisk,P., Stolte,C., White,J., Alvarado,L., Godfrey,P., Shenoy,N., Yandava,C., Zeng,Q., Armstrong,P., Anderson,J., Andreadis,T., Vossbrinck,C., Nusbaum,C., Ebel,G., Birren,B.",Broad Institute of MIT and Harvard,USA,5/17/11,WNV-1/US/BID-V5206/2006,Orthoflavivirus nilense,10796,complete,USA: Connecticut,USA,CT,Culex pipiens,NA,2006,Lineage_1
JF920737,West Nile virus,GenBank,set:JF920737,"Henn,M.R., Newman,R.M., Levin,J., Malboeuf,C., Casali,M., Russ,C., Lennon,N., Erlich,R., Anderson,S., Rizzolo,K., Green,L., Ryan,E., Yu,Q., Young,S., Berlin,A., Heiman,D., Sykes,S., Koehrsen,M., Borenstein,D., Engels,R., Freedman,E., Gellesch,M., Heilman,E., Howarth,C., Jen,D., Larson,L., Neiman,D., Park,D., Pearson,M., Roberts,A., Sisk,P., Stolte,C., White,J., Alvarado,L., Godfrey,P., Shenoy,N., Yandava,C., Zeng,Q., Armstrong,P., Anderson,J., Andreadis,T., Vossbrinck,C., Nusbaum,C., Ebel,G., Birren,B.",Broad Institute of MIT and Harvard,USA,5/17/11,WNV-1/US/BID-V5207/2006,Orthoflavivirus nilense,10513,complete,USA: Connecticut,USA,CT,Culex pipiens,NA,2006,Lineage_1
JF920738,West Nile virus,GenBank,set:JF920738,"Henn,M.R., Newman,R.M., Levin,J., Malboeuf,C., Casali,M., Russ,C., Lennon,N., Erlich,R., Anderson,S., Rizzolo,K., Green,L., Ryan,E., Yu,Q., Young,S., Berlin,A., Heiman,D., Sykes,S., Koehrsen,M., Borenstein,D., Engels,R., Freedman,E., Gellesch,M., Heilman,E., Howarth,C., Jen,D., Larson,L., Neiman,D., Park,D., Pearson,M., Roberts,A., Sisk,P., Stolte,C., White,J., Alvarado,L., Godfrey,P., Shenoy,N., Yandava,C., Zeng,Q., Armstrong,P., Anderson,J., Andreadis,T., Vossbrinck,C., Nusbaum,C., Ebel,G., Birren,B.",Broad Institute of MIT and Harvard,USA,5/17/11,WNV-1/US/BID-V5208/2007,Orthoflavivirus nilense,10621,complete,USA: Connecticut,USA,CT,Culex pipiens,NA,2007,Lineage_1
JF920739,West Nile virus,GenBank,set:JF920739,"Henn,M.R., Newman,R.M., Levin,J., Malboeuf,C., Casali,M., Russ,C., Lennon,N., Erlich,R., Anderson,S., Rizzolo,K., Green,L., Ryan,E., Yu,Q., Young,S., Berlin,A., Heiman,D., Sykes,S., Koehrsen,M., Borenstein,D., Engels,R., Freedman,E., Gellesch,M., Heilman,E., Howarth,C., Jen,D., Larson,L., Neiman,D., Park,D., Pearson,M., Roberts,A., Sisk,P., Stolte,C., White,J., Alvarado,L., Godfrey,P., Shenoy,N., Yandava,C., Zeng,Q., Armstrong,P., Anderson,J., Andreadis,T., Vossbrinck,C., Nusbaum,C., Ebel,G., Birren,B.",Broad Institute of MIT and Harvard,USA,5/17/11,WNV-1/US/BID-V5209/2007,Orthoflavivirus nilense,10791,complete,USA: Connecticut,USA,CT,Culex pipiens,NA,2007,Lineage_1
JF920740,West Nile virus,GenBank,set:JF920740,"Henn,M.R., Newman,R.M., Levin,J., Malboeuf,C., Casali,M., Russ,C., Lennon,N., Erlich,R., Anderson,S., Rizzolo,K., Green,L., Ryan,E., Yu,Q., Young,S., Berlin,A., Heiman,D., Sykes,S., Koehrsen,M., Borenstein,D., Engels,R., Freedman,E., Gellesch,M., Heilman,E., Howarth,C., Jen,D., Larson,L., Neiman,D., Park,D., Pearson,M., Roberts,A., Sisk,P., Stolte,C., White,J., Alvarado,L., Godfrey,P., Shenoy,N., Yandava,C., Zeng,Q., Armstrong,P., Anderson,J., Andreadis,T., Vossbrinck,C., Nusbaum,C., Ebel,G., Birren,B.",Broad Institute of MIT and Harvard,USA,5/17/11,WNV-1/US/BID-V5210/2007,Orthoflavivirus nilense,10512,complete,USA: Connecticut,USA,CT,Culex pipiens,NA,2007,Lineage_1
JF920741,West Nile virus,GenBank,set:JF920741,"Henn,M.R., Newman,R.M., Levin,J., Malboeuf,C., Casali,M., Russ,C., Lennon,N., Erlich,R., Anderson,S., Rizzolo,K., Green,L., Ryan,E., Yu,Q., Young,S., Berlin,A., Heiman,D., Sykes,S., Koehrsen,M., Borenstein,D., Engels,R., Freedman,E., Gellesch,M., Heilman,E., Howarth,C., Jen,D., Larson,L., Neiman,D., Park,D., Pearson,M., Roberts,A., Sisk,P., Stolte,C., White,J., Alvarado,L., Godfrey,P., Shenoy,N., Yandava,C., Zeng,Q., Armstrong,P., Anderson,J., Andreadis,T., Vossbrinck,C., Nusbaum,C., Ebel,G., Birren,B.",Broad Institute of MIT and Harvard,USA,5/17/11,WNV-1/US/BID-V5212/2007,Orthoflavivirus nilense,10622,complete,USA: Connecticut,USA,CT,Culex pipiens,NA,2007,Lineage_1
JF920742,West Nile virus,GenBank,set:JF920742,"Henn,M.R., Newman,R.M., Levin,J., Malboeuf,C., Casali,M., Russ,C., Lennon,N., Erlich,R., Anderson,S., Rizzolo,K., Green,L., Ryan,E., Yu,Q., Young,S., Berlin,A., Heiman,D., Sykes,S., Koehrsen,M., Borenstein,D., Engels,R., Freedman,E., Gellesch,M., Heilman,E., Howarth,C., Jen,D., Larson,L., Neiman,D., Park,D., Pearson,M., Roberts,A., Sisk,P., Stolte,C., White,J., Alvarado,L., Godfrey,P., Shenoy,N., Yandava,C., Zeng,Q., Armstrong,P., Anderson,J., Andreadis,T., Vossbrinck,C., Nusbaum,C., Ebel,G., Birren,B.",Broad Institute of MIT and Harvard,USA,5/17/11,WNV-1/US/BID-V5213/2007,Orthoflavivirus nilense,10622,complete,USA: Connecticut,USA,CT,Culex pipiens,NA,2007,Lineage_1
JF920743,West Nile virus,GenBank,set:JF920743,"Henn,M.R., Newman,R.M., Levin,J., Malboeuf,C., Casali,M., Russ,C., Lennon,N., Erlich,R., Anderson,S., Rizzolo,K., Green,L., Ryan,E., Yu,Q., Young,S., Berlin,A., Heiman,D., Sykes,S., Koehrsen,M., Borenstein,D., Engels,R., Freedman,E., Gellesch,M., Heilman,E., Howarth,C., Jen,D., Larson,L., Neiman,D., Park,D., Pearson,M., Roberts,A., Sisk,P., Stolte,C., White,J., Alvarado,L., Godfrey,P., Shenoy,N., Yandava,C., Zeng,Q., Armstrong,P., Anderson,J., Andreadis,T., Vossbrinck,C., Nusbaum,C., Ebel,G., Birren,B.",Broad Institute of MIT and Harvard,USA,5/17/11,WNV-1/US/BID-V5214/2007,Orthoflavivirus nilense,10466,complete,USA: Connecticut,USA,CT,Culex pipiens,NA,2007,Lineage_1
JF920744,West Nile virus,GenBank,set:JF920744,"Henn,M.R., Newman,R.M., Levin,J., Malboeuf,C., Casali,M., Russ,C., Lennon,N., Erlich,R., Anderson,S., Rizzolo,K., Green,L., Ryan,E., Yu,Q., Young,S., Berlin,A., Heiman,D., Sykes,S., Koehrsen,M., Borenstein,D., Engels,R., Freedman,E., Gellesch,M., Heilman,E., Howarth,C., Jen,D., Larson,L., Neiman,D., Park,D., Pearson,M., Roberts,A., Sisk,P., Stolte,C., White,J., Alvarado,L., Godfrey,P., Shenoy,N., Yandava,C., Zeng,Q., Armstrong,P., Anderson,J., Andreadis,T., Vossbrinck,C., Nusbaum,C., Ebel,G., Birren,B.",Broad Institute of MIT and Harvard,USA,5/17/11,WNV-1/US/BID-V5215/2007,Orthoflavivirus nilense,10623,complete,USA: Connecticut,USA,CT,Culex pipiens,NA,2007,Lineage_1
JF920745,West Nile virus,GenBank,set:JF920745,"Henn,M.R., Newman,R.M., Levin,J., Malboeuf,C., Casali,M., Russ,C., Lennon,N., Erlich,R., Anderson,S., Rizzolo,K., Green,L., Ryan,E., Yu,Q., Young,S., Berlin,A., Heiman,D., Sykes,S., Koehrsen,M., Borenstein,D., Engels,R., Freedman,E., Gellesch,M., Heilman,E., Howarth,C., Jen,D., Larson,L., Neiman,D., Park,D., Pearson,M., Roberts,A., Sisk,P., Stolte,C., White,J., Alvarado,L., Godfrey,P., Shenoy,N., Yandava,C., Zeng,Q., Armstrong,P., Anderson,J., Andreadis,T., Vossbrinck,C., Nusbaum,C., Ebel,G., Birren,B.",Broad Institute of MIT and Harvard,USA,5/17/11,WNV-1/US/BID-V5216/2007,Orthoflavivirus nilense,10622,complete,USA: Connecticut,USA,CT,Culex pipiens,NA,2007,Lineage_1
JF920746,West Nile virus,GenBank,set:JF920746,"Henn,M.R., Newman,R.M., Levin,J., Malboeuf,C., Casali,M., Russ,C., Lennon,N., Erlich,R., Anderson,S., Rizzolo,K., Green,L., Ryan,E., Yu,Q., Young,S., Berlin,A., Heiman,D., Sykes,S., Koehrsen,M., Borenstein,D., Engels,R., Freedman,E., Gellesch,M., Heilman,E., Howarth,C., Jen,D., Larson,L., Neiman,D., Park,D., Pearson,M., Roberts,A., Sisk,P., Stolte,C., White,J., Alvarado,L., Godfrey,P., Shenoy,N., Yandava,C., Zeng,Q., Armstrong,P., Anderson,J., Andreadis,T., Vossbrinck,C., Nusbaum,C., Ebel,G., Birren,B.",Broad Institute of MIT and Harvard,USA,5/17/11,WNV-1/US/BID-V5217/2007,Orthoflavivirus nilense,10511,complete,USA: Connecticut,USA,CT,Culex pipiens,NA,2007,Lineage_1
JF920747,West Nile virus,GenBank,set:JF920747,"Henn,M.R., Newman,R.M., Levin,J., Malboeuf,C., Casali,M., Russ,C., Lennon,N., Erlich,R., Anderson,S., Rizzolo,K., Green,L., Ryan,E., Yu,Q., Young,S., Berlin,A., Heiman,D., Sykes,S., Koehrsen,M., Borenstein,D., Engels,R., Freedman,E., Gellesch,M., Heilman,E., Howarth,C., Jen,D., Larson,L., Neiman,D., Park,D., Pearson,M., Roberts,A., Sisk,P., Stolte,C., White,J., Alvarado,L., Godfrey,P., Shenoy,N., Yandava,C., Zeng,Q., Armstrong,P., Anderson,J., Andreadis,T., Vossbrinck,C., Nusbaum,C., Ebel,G., Birren,B.",Broad Institute of MIT and Harvard,USA,5/17/11,WNV-1/US/BID-V5218/2008,Orthoflavivirus nilense,10968,complete,USA: Connecticut,USA,CT,Culex salinarius,NA,2008,Lineage_1
JF920749,West Nile virus,GenBank,set:JF920749,"Henn,M.R., Newman,R.M., Levin,J., Malboeuf,C., Casali,M., Russ,C., Lennon,N., Erlich,R., Anderson,S., Rizzolo,K., Green,L., Ryan,E., Yu,Q., Young,S., Berlin,A., Heiman,D., Sykes,S., Koehrsen,M., Borenstein,D., Engels,R., Freedman,E., Gellesch,M., Heilman,E., Howarth,C., Jen,D., Larson,L., Neiman,D., Park,D., Pearson,M., Roberts,A., Sisk,P., Stolte,C., White,J., Alvarado,L., Godfrey,P., Shenoy,N., Yandava,C., Zeng,Q., Armstrong,P., Anderson,J., Andreadis,T., Vossbrinck,C., Nusbaum,C., Ebel,G., Birren,B.",Broad Institute of MIT and Harvard,USA,5/17/11,WNV-1/US/BID-V5220/2008,Orthoflavivirus nilense,10622,complete,USA: Connecticut,USA,CT,Culex pipiens,NA,2008,Lineage_1
JF920750,West Nile virus,GenBank,set:JF920750,"Henn,M.R., Newman,R.M., Levin,J., Malboeuf,C., Casali,M., Russ,C., Lennon,N., Erlich,R., Anderson,S., Rizzolo,K., Green,L., Ryan,E., Yu,Q., Young,S., Berlin,A., Heiman,D., Sykes,S., Koehrsen,M., Borenstein,D., Engels,R., Freedman,E., Gellesch,M., Heilman,E., Howarth,C., Jen,D., Larson,L., Neiman,D., Park,D., Pearson,M., Roberts,A., Sisk,P., Stolte,C., White,J., Alvarado,L., Godfrey,P., Shenoy,N., Yandava,C., Zeng,Q., Armstrong,P., Anderson,J., Andreadis,T., Vossbrinck,C., Nusbaum,C., Ebel,G., Birren,B.",Broad Institute of MIT and Harvard,USA,5/17/11,WNV-1/US/BID-V5222/2008,Orthoflavivirus nilense,10622,complete,USA: Connecticut,USA,CT,Culex pipiens,NA,2008,Lineage_1
JF920751,West Nile virus,GenBank,set:JF920751,"Henn,M.R., Newman,R.M., Levin,J., Malboeuf,C., Casali,M., Russ,C., Lennon,N., Erlich,R., Anderson,S., Rizzolo,K., Green,L., Ryan,E., Yu,Q., Young,S., Berlin,A., Heiman,D., Sykes,S., Koehrsen,M., Borenstein,D., Engels,R., Freedman,E., Gellesch,M., Heilman,E., Howarth,C., Jen,D., Larson,L., Neiman,D., Park,D., Pearson,M., Roberts,A., Sisk,P., Stolte,C., White,J., Alvarado,L., Godfrey,P., Shenoy,N., Yandava,C., Zeng,Q., Armstrong,P., Anderson,J., Andreadis,T., Vossbrinck,C., Nusbaum,C., Ebel,G., Birren,B.",Broad Institute of MIT and Harvard,USA,5/17/11,WNV-1/US/BID-V5223/2008,Orthoflavivirus nilense,10622,complete,USA: Connecticut,USA,CT,Culex restuans,NA,2008,Lineage_1
JF920752,West Nile virus,GenBank,set:JF920752,"Henn,M.R., Newman,R.M., Levin,J., Malboeuf,C., Casali,M., Russ,C., Lennon,N., Erlich,R., Anderson,S., Rizzolo,K., Green,L., Ryan,E., Yu,Q., Young,S., Berlin,A., Heiman,D., Sykes,S., Koehrsen,M., Borenstein,D., Engels,R., Freedman,E., Gellesch,M., Heilman,E., Howarth,C., Jen,D., Larson,L., Neiman,D., Park,D., Pearson,M., Roberts,A., Sisk,P., Stolte,C., White,J., Alvarado,L., Godfrey,P., Shenoy,N., Yandava,C., Zeng,Q., Armstrong,P., Anderson,J., Andreadis,T., Vossbrinck,C., Nusbaum,C., Ebel,G., Birren,B.",Broad Institute of MIT and Harvard,USA,5/17/11,WNV-1/US/BID-V5224/2008,Orthoflavivirus nilense,10569,complete,USA: Connecticut,USA,CT,Culex pipiens,NA,2008,Lineage_1
JF920753,West Nile virus,GenBank,set:JF920753,"Henn,M.R., Newman,R.M., Levin,J., Malboeuf,C., Casali,M., Russ,C., Lennon,N., Erlich,R., Anderson,S., Rizzolo,K., Green,L., Ryan,E., Yu,Q., Young,S., Berlin,A., Heiman,D., Sykes,S., Koehrsen,M., Borenstein,D., Engels,R., Freedman,E., Gellesch,M., Heilman,E., Howarth,C., Jen,D., Larson,L., Neiman,D., Park,D., Pearson,M., Roberts,A., Sisk,P., Stolte,C., White,J., Alvarado,L., Godfrey,P., Shenoy,N., Yandava,C., Zeng,Q., Armstrong,P., Anderson,J., Andreadis,T., Vossbrinck,C., Nusbaum,C., Ebel,G., Birren,B.",Broad Institute of MIT and Harvard,USA,5/17/11,WNV-1/US/BID-V5225/2008,Orthoflavivirus nilense,10622,complete,USA: Connecticut,USA,CT,Culex restuans,NA,2008,Lineage_1
JF920754,West Nile virus,GenBank,set:JF920754,"Henn,M.R., Newman,R.M., Levin,J., Malboeuf,C., Casali,M., Russ,C., Lennon,N., Erlich,R., Anderson,S., Rizzolo,K., Green,L., Ryan,E., Yu,Q., Young,S., Berlin,A., Heiman,D., Sykes,S., Koehrsen,M., Borenstein,D., Engels,R., Freedman,E., Gellesch,M., Heilman,E., Howarth,C., Jen,D., Larson,L., Neiman,D., Park,D., Pearson,M., Roberts,A., Sisk,P., Stolte,C., White,J., Alvarado,L., Godfrey,P., Shenoy,N., Yandava,C., Zeng,Q., Armstrong,P., Anderson,J., Andreadis,T., Vossbrinck,C., Nusbaum,C., Ebel,G., Birren,B.",Broad Institute of MIT and Harvard,USA,5/17/11,WNV-1/US/BID-V5226/2008,Orthoflavivirus nilense,10620,complete,USA: Connecticut,USA,CT,Culex pipiens,NA,2008,Lineage_1
JF920755,West Nile virus,GenBank,set:JF920755,"Henn,M.R., Newman,R.M., Levin,J., Malboeuf,C., Casali,M., Russ,C., Lennon,N., Erlich,R., Anderson,S., Rizzolo,K., Green,L., Ryan,E., Yu,Q., Young,S., Berlin,A., Heiman,D., Sykes,S., Koehrsen,M., Borenstein,D., Engels,R., Freedman,E., Gellesch,M., Heilman,E., Howarth,C., Jen,D., Larson,L., Neiman,D., Park,D., Pearson,M., Roberts,A., Sisk,P., Stolte,C., White,J., Alvarado,L., Godfrey,P., Shenoy,N., Yandava,C., Zeng,Q., Armstrong,P., Anderson,J., Andreadis,T., Vossbrinck,C., Nusbaum,C., Ebel,G., Birren,B.",Broad Institute of MIT and Harvard,USA,5/17/11,WNV-1/US/BID-V5227/2008,Orthoflavivirus nilense,10622,complete,USA: Connecticut,USA,CT,Culex pipiens,NA,2008,Lineage_1
JF920756,West Nile virus,GenBank,set:JF920756,"Henn,M.R., Newman,R.M., Levin,J., Malboeuf,C., Casali,M., Russ,C., Lennon,N., Erlich,R., Anderson,S., Rizzolo,K., Green,L., Ryan,E., Yu,Q., Young,S., Berlin,A., Heiman,D., Sykes,S., Koehrsen,M., Borenstein,D., Engels,R., Freedman,E., Gellesch,M., Heilman,E., Howarth,C., Jen,D., Larson,L., Neiman,D., Park,D., Pearson,M., Roberts,A., Sisk,P., Stolte,C., White,J., Alvarado,L., Godfrey,P., Shenoy,N., Yandava,C., Zeng,Q., Armstrong,P., Anderson,J., Andreadis,T., Vossbrinck,C., Nusbaum,C., Ebel,G., Birren,B.",Broad Institute of MIT and Harvard,USA,5/17/11,WNV-1/US/BID-V5229/2008,Orthoflavivirus nilense,10622,complete,USA: Connecticut,USA,CT,Culex pipiens,NA,2008,Lineage_1
JF920757,West Nile virus,GenBank,set:JF920757,"Henn,M.R., Newman,R.M., Levin,J., Malboeuf,C., Casali,M., Russ,C., Lennon,N., Erlich,R., Anderson,S., Rizzolo,K., Green,L., Ryan,E., Yu,Q., Young,S., Berlin,A., Heiman,D., Sykes,S., Koehrsen,M., Borenstein,D., Engels,R., Freedman,E., Gellesch,M., Heilman,E., Howarth,C., Jen,D., Larson,L., Neiman,D., Park,D., Pearson,M., Roberts,A., Sisk,P., Stolte,C., White,J., Alvarado,L., Godfrey,P., Shenoy,N., Yandava,C., Zeng,Q., Armstrong,P., Anderson,J., Andreadis,T., Vossbrinck,C., Nusbaum,C., Ebel,G., Birren,B.",Broad Institute of MIT and Harvard,USA,5/17/11,WNV-1/US/BID-V5230/2008,Orthoflavivirus nilense,10622,complete,USA: Connecticut,USA,CT,Culex pipiens,NA,2008,Lineage_1
JF920758,West Nile virus,GenBank,set:JF920758,"Henn,M.R., Newman,R.M., Levin,J., Malboeuf,C., Casali,M., Russ,C., Lennon,N., Erlich,R., Anderson,S., Rizzolo,K., Green,L., Ryan,E., Yu,Q., Young,S., Berlin,A., Heiman,D., Sykes,S., Koehrsen,M., Borenstein,D., Engels,R., Freedman,E., Gellesch,M., Heilman,E., Howarth,C., Jen,D., Larson,L., Neiman,D., Park,D., Pearson,M., Roberts,A., Sisk,P., Stolte,C., White,J., Alvarado,L., Godfrey,P., Shenoy,N., Yandava,C., Zeng,Q., Armstrong,P., Anderson,J., Andreadis,T., Vossbrinck,C., Nusbaum,C., Ebel,G., Birren,B.",Broad Institute of MIT and Harvard,USA,5/17/11,WNV-1/US/BID-V5233/2009,Orthoflavivirus nilense,10621,complete,USA: Connecticut,USA,CT,Culiseta melanura,NA,2009,Lineage_1
JF920759,West Nile virus,GenBank,set:JF920759,"Henn,M.R., Newman,R.M., Levin,J., Malboeuf,C., Casali,M., Russ,C., Lennon,N., Erlich,R., Anderson,S., Rizzolo,K., Green,L., Ryan,E., Yu,Q., Young,S., Berlin,A., Heiman,D., Sykes,S., Koehrsen,M., Borenstein,D., Engels,R., Freedman,E., Gellesch,M., Heilman,E., Howarth,C., Jen,D., Larson,L., Neiman,D., Park,D., Pearson,M., Roberts,A., Sisk,P., Stolte,C., White,J., Alvarado,L., Godfrey,P., Shenoy,N., Yandava,C., Zeng,Q., Armstrong,P., Anderson,J., Andreadis,T., Vossbrinck,C., Nusbaum,C., Ebel,G., Birren,B.",Broad Institute of MIT and Harvard,USA,5/17/11,WNV-1/US/BID-V5234/2009,Orthoflavivirus nilense,10616,complete,USA: Connecticut,USA,CT,Culex pipiens,NA,2009,Lineage_1
JF920760,West Nile virus,GenBank,set:JF920760,"Henn,M.R., Newman,R.M., Levin,J., Malboeuf,C., Casali,M., Russ,C., Lennon,N., Erlich,R., Anderson,S., Rizzolo,K., Green,L., Ryan,E., Yu,Q., Young,S., Berlin,A., Heiman,D., Sykes,S., Koehrsen,M., Borenstein,D., Engels,R., Freedman,E., Gellesch,M., Heilman,E., Howarth,C., Jen,D., Larson,L., Neiman,D., Park,D., Pearson,M., Roberts,A., Sisk,P., Stolte,C., White,J., Alvarado,L., Godfrey,P., Shenoy,N., Yandava,C., Zeng,Q., Armstrong,P., Anderson,J., Andreadis,T., Vossbrinck,C., Nusbaum,C., Ebel,G., Birren,B.",Broad Institute of MIT and Harvard,USA,5/17/11,WNV-1/US/BID-V5235/2009,Orthoflavivirus nilense,10497,complete,USA: Connecticut,USA,CT,Culex pipiens,NA,2009,Lineage_1
JF730041,West Nile virus,GenBank,set:JF730041,"Henn,M.R., Newman,R.M., Brien,J., Levin,J., Malboeuf,C., Casali,M., Russ,C., Lennon,N., Erlich,R., Anderson,S., Rizzolo,K., Green,L., Ryan,E., Yu,Q., Young,S., Berlin,A., Heiman,D., Sykes,S., Koehrsen,M., Borenstein,D., Engels,R., Freedman,E., Gellesch,M., Heilman,E., Howarth,C., Jen,D., Larson,L., Neiman,D., Park,D., Pearson,M., Roberts,A., Sisk,P., Stolte,C., White,J., Alvarado,L., Godfrey,P., Shenoy,N., Yandava,C., Zeng,Q., Brien,J.D., Diamond,M.S., Nusbaum,C., Birren,B.",Broad Institute of MIT and Harvard,USA,5/12/11,WNV-1/Mus/BID-V4729/spleen,Orthoflavivirus nilense,10497,complete,NA,NA,NA,Mus musculus,"spleen, abdominal cavity",NA,Lineage_1
HQ537483,West Nile virus,GenBank,set:HQ537483,"Papa,A., Bakonyi,T., Xanthopoulou,K., Vazquez,A., Tenorio,A., Nowotny,N.","University of Veterinary Medicine, Vienna, Zoonoses and Emerging Infectious Group, Clinical Virology, Department of Pathobiology",Austria,5/8/11,Nea Santa-Greece-2010,Orthoflavivirus nilense,11028,complete,Greece,Greece,NA,Culex pipiens,NA,2010,Lineage_2
HM147822,West Nile virus,GenBank,set:HM147822,"McMullen,A.R., Albayrak,H., May,F.J., Davis,C.T., Beasley,D.W., Barrett,A.D., Barrett,A.","UTMB, Pathology",USA,4/21/11,NA,Orthoflavivirus nilense,11065,complete,South Africa,South Africa,NA,NA,NA,1958,Lineage_2
HM147823,West Nile virus,GenBank,set:HM147823,"McMullen,A.R., Albayrak,H., May,F.J., Davis,C.T., Beasley,D.W., Barrett,A.D., Barrett,A.","UTMB, Pathology",USA,4/21/11,NA,Orthoflavivirus nilense,11051,complete,Madagascar,Madagascar,NA,NA,NA,1988,Lineage_2
HM147824,West Nile virus,GenBank,set:HM147824,"McMullen,A.R., Albayrak,H., May,F.J., Davis,C.T., Beasley,D.W., Barrett,A.D., Barrett,A.","UTMB, Pathology",USA,4/21/11,NA,Orthoflavivirus nilense,11050,complete,Democratic Republic of the Congo,Democratic Republic of the Congo,NA,NA,NA,1958,Lineage_2
JF488086,West Nile virus,GenBank,set:JF488086,"Henn,M.R., Newman,R.M., Levin,J., Malboeuf,C., Casali,M., Russ,C., Lennon,N., Erlich,R., Anderson,S., Rizzolo,K., Green,L., Ryan,E., Yu,Q., Young,S., Berlin,A., Heiman,D., Sykes,S., Koehrsen,M., Borenstein,D., Engels,R., Freedman,E., Gellesch,M., Heilman,E., Howarth,C., Jen,D., Larson,L., Neiman,D., Park,D., Pearson,M., Roberts,A., Sisk,P., Stolte,C., White,J., Alvarado,L., Godfrey,P., Shenoy,N., Yandava,C., Zeng,Q., Armstrong,P., Anderson,J., Andreadis,T., Vossbrinck,C., Nusbaum,C., Ebel,G., Birren,B.",Broad Institute of MIT and Harvard,USA,4/19/11,WNV-1/US/BID-V5176/2004,Orthoflavivirus nilense,10981,complete,USA: Connecticut,USA,CT,Culex pipiens,NA,2004,Lineage_1
JF488087,West Nile virus,GenBank,set:JF488087,"Henn,M.R., Newman,R.M., Levin,J., Malboeuf,C., Casali,M., Russ,C., Lennon,N., Erlich,R., Anderson,S., Rizzolo,K., Green,L., Ryan,E., Yu,Q., Young,S., Berlin,A., Heiman,D., Sykes,S., Koehrsen,M., Borenstein,D., Engels,R., Freedman,E., Gellesch,M., Heilman,E., Howarth,C., Jen,D., Larson,L., Neiman,D., Park,D., Pearson,M., Roberts,A., Sisk,P., Stolte,C., White,J., Alvarado,L., Godfrey,P., Shenoy,N., Yandava,C., Zeng,Q., Armstrong,P., Anderson,J., Andreadis,T., Vossbrinck,C., Nusbaum,C., Ebel,G., Birren,B.",Broad Institute of MIT and Harvard,USA,4/19/11,WNV-1/US/BID-V5177/2004,Orthoflavivirus nilense,10828,complete,USA: Connecticut,USA,CT,Culex pipiens,NA,2004,Lineage_1
JF488088,West Nile virus,GenBank,set:JF488088,"Henn,M.R., Newman,R.M., Levin,J., Malboeuf,C., Casali,M., Russ,C., Lennon,N., Erlich,R., Anderson,S., Rizzolo,K., Green,L., Ryan,E., Yu,Q., Young,S., Berlin,A., Heiman,D., Sykes,S., Koehrsen,M., Borenstein,D., Engels,R., Freedman,E., Gellesch,M., Heilman,E., Howarth,C., Jen,D., Larson,L., Neiman,D., Park,D., Pearson,M., Roberts,A., Sisk,P., Stolte,C., White,J., Alvarado,L., Godfrey,P., Shenoy,N., Yandava,C., Zeng,Q., Armstrong,P., Anderson,J., Andreadis,T., Vossbrinck,C., Nusbaum,C., Ebel,G., Birren,B.",Broad Institute of MIT and Harvard,USA,4/19/11,WNV-1/US/BID-V5178/2004,Orthoflavivirus nilense,11355,complete,USA: Connecticut,USA,CT,Culex pipiens,NA,2004,Lineage_1
JF488089,West Nile virus,GenBank,set:JF488089,"Henn,M.R., Newman,R.M., Levin,J., Malboeuf,C., Casali,M., Russ,C., Lennon,N., Erlich,R., Anderson,S., Rizzolo,K., Green,L., Ryan,E., Yu,Q., Young,S., Berlin,A., Heiman,D., Sykes,S., Koehrsen,M., Borenstein,D., Engels,R., Freedman,E., Gellesch,M., Heilman,E., Howarth,C., Jen,D., Larson,L., Neiman,D., Park,D., Pearson,M., Roberts,A., Sisk,P., Stolte,C., White,J., Alvarado,L., Godfrey,P., Shenoy,N., Yandava,C., Zeng,Q., Armstrong,P., Anderson,J., Andreadis,T., Vossbrinck,C., Nusbaum,C., Ebel,G., Birren,B.",Broad Institute of MIT and Harvard,USA,4/19/11,WNV-1/US/BID-V5179/2004,Orthoflavivirus nilense,10620,complete,USA: Connecticut,USA,CT,Culex restuans,NA,2004,Lineage_1
JF488090,West Nile virus,GenBank,set:JF488090,"Henn,M.R., Newman,R.M., Levin,J., Malboeuf,C., Casali,M., Russ,C., Lennon,N., Erlich,R., Anderson,S., Rizzolo,K., Green,L., Ryan,E., Yu,Q., Young,S., Berlin,A., Heiman,D., Sykes,S., Koehrsen,M., Borenstein,D., Engels,R., Freedman,E., Gellesch,M., Heilman,E., Howarth,C., Jen,D., Larson,L., Neiman,D., Park,D., Pearson,M., Roberts,A., Sisk,P., Stolte,C., White,J., Alvarado,L., Godfrey,P., Shenoy,N., Yandava,C., Zeng,Q., Armstrong,P., Anderson,J., Andreadis,T., Vossbrinck,C., Nusbaum,C., Ebel,G., Birren,B.",Broad Institute of MIT and Harvard,USA,4/19/11,WNV-1/US/BID-V5180/2004,Orthoflavivirus nilense,10783,complete,USA: Connecticut,USA,CT,Culex pipiens,NA,2004,Lineage_1
JF488091,West Nile virus,GenBank,set:JF488091,"Henn,M.R., Newman,R.M., Levin,J., Malboeuf,C., Casali,M., Russ,C., Lennon,N., Erlich,R., Anderson,S., Rizzolo,K., Green,L., Ryan,E., Yu,Q., Young,S., Berlin,A., Heiman,D., Sykes,S., Koehrsen,M., Borenstein,D., Engels,R., Freedman,E., Gellesch,M., Heilman,E., Howarth,C., Jen,D., Larson,L., Neiman,D., Park,D., Pearson,M., Roberts,A., Sisk,P., Stolte,C., White,J., Alvarado,L., Godfrey,P., Shenoy,N., Yandava,C., Zeng,Q., Armstrong,P., Anderson,J., Andreadis,T., Vossbrinck,C., Nusbaum,C., Ebel,G., Birren,B.",Broad Institute of MIT and Harvard,USA,4/19/11,WNV-1/US/BID-V5181/2004,Orthoflavivirus nilense,10841,complete,USA: Connecticut,USA,CT,Culex salinarius,NA,2004,Lineage_1
JF488092,West Nile virus,GenBank,set:JF488092,"Henn,M.R., Newman,R.M., Levin,J., Malboeuf,C., Casali,M., Russ,C., Lennon,N., Erlich,R., Anderson,S., Rizzolo,K., Green,L., Ryan,E., Yu,Q., Young,S., Berlin,A., Heiman,D., Sykes,S., Koehrsen,M., Borenstein,D., Engels,R., Freedman,E., Gellesch,M., Heilman,E., Howarth,C., Jen,D., Larson,L., Neiman,D., Park,D., Pearson,M., Roberts,A., Sisk,P., Stolte,C., White,J., Alvarado,L., Godfrey,P., Shenoy,N., Yandava,C., Zeng,Q., Armstrong,P., Anderson,J., Andreadis,T., Vossbrinck,C., Nusbaum,C., Ebel,G., Birren,B.",Broad Institute of MIT and Harvard,USA,4/19/11,WNV-1/US/BID-V5182/2004,Orthoflavivirus nilense,10769,complete,USA: Connecticut,USA,CT,Culex restuans,NA,2004,Lineage_1
JF488093,West Nile virus,GenBank,set:JF488093,"Henn,M.R., Newman,R.M., Levin,J., Malboeuf,C., Casali,M., Russ,C., Lennon,N., Erlich,R., Anderson,S., Rizzolo,K., Green,L., Ryan,E., Yu,Q., Young,S., Berlin,A., Heiman,D., Sykes,S., Koehrsen,M., Borenstein,D., Engels,R., Freedman,E., Gellesch,M., Heilman,E., Howarth,C., Jen,D., Larson,L., Neiman,D., Park,D., Pearson,M., Roberts,A., Sisk,P., Stolte,C., White,J., Alvarado,L., Godfrey,P., Shenoy,N., Yandava,C., Zeng,Q., Armstrong,P., Anderson,J., Andreadis,T., Vossbrinck,C., Nusbaum,C., Ebel,G., Birren,B.",Broad Institute of MIT and Harvard,USA,4/19/11,WNV-1/US/BID-V5188/2005,Orthoflavivirus nilense,10990,complete,USA: Connecticut,USA,CT,Culex pipiens,NA,2005,Lineage_1
JF488094,West Nile virus,GenBank,set:JF488094,"Henn,M.R., Newman,R.M., Young,D., Ciota,A., Levin,J., Malboeuf,C., Casali,M., Russ,C., Lennon,N., Erlich,R., Anderson,S., Rizzolo,K., Green,L., Ryan,E., Yu,Q., Young,S., Berlin,A., Heiman,D., Sykes,S., Koehrsen,M., Borenstein,D., Engels,R., Freedman,E., Gellesch,M., Heilman,E., Howarth,C., Jen,D., Larson,L., Neiman,D., Park,D., Pearson,M., Roberts,A., Sisk,P., Stolte,C., White,J., Alvarado,L., Godfrey,P., Shenoy,N., Yandava,C., Zeng,Q., Nusbaum,C., Kramer,L., Birren,B.",Broad Institute of MIT and Harvard,USA,4/19/11,WNV-1/US/BID-V5150/2004,Orthoflavivirus nilense,10622,complete,USA: New York,USA,NY,Corvus brachyrhynchos,brain,2004,Lineage_1
JF488095,West Nile virus,GenBank,set:JF488095,"Henn,M.R., Newman,R.M., Young,D., Ciota,A., Levin,J., Malboeuf,C., Casali,M., Russ,C., Lennon,N., Erlich,R., Anderson,S., Rizzolo,K., Green,L., Ryan,E., Yu,Q., Young,S., Berlin,A., Heiman,D., Sykes,S., Koehrsen,M., Borenstein,D., Engels,R., Freedman,E., Gellesch,M., Heilman,E., Howarth,C., Jen,D., Larson,L., Neiman,D., Park,D., Pearson,M., Roberts,A., Sisk,P., Stolte,C., White,J., Alvarado,L., Godfrey,P., Shenoy,N., Yandava,C., Zeng,Q., Nusbaum,C., Kramer,L., Birren,B.",Broad Institute of MIT and Harvard,USA,4/19/11,WNV-1/US/BID-V5157/2009,Orthoflavivirus nilense,10622,complete,USA: New York,USA,NY,Corvus brachyrhynchos,brain,2009,Lineage_1
JF488096,West Nile virus,GenBank,set:JF488096,"Henn,M.R., Newman,R.M., Young,D., Ciota,A., Levin,J., Malboeuf,C., Casali,M., Russ,C., Lennon,N., Erlich,R., Anderson,S., Rizzolo,K., Green,L., Ryan,E., Yu,Q., Young,S., Berlin,A., Heiman,D., Sykes,S., Koehrsen,M., Borenstein,D., Engels,R., Freedman,E., Gellesch,M., Heilman,E., Howarth,C., Jen,D., Larson,L., Neiman,D., Park,D., Pearson,M., Roberts,A., Sisk,P., Stolte,C., White,J., Alvarado,L., Godfrey,P., Shenoy,N., Yandava,C., Zeng,Q., Nusbaum,C., Kramer,L., Birren,B.",Broad Institute of MIT and Harvard,USA,4/19/11,WNV-1/US/BID-V5159/2009,Orthoflavivirus nilense,10579,complete,USA: New York,USA,NY,Corvus brachyrhynchos,brain,2009,Lineage_1
JF488097,West Nile virus,GenBank,set:JF488097,"Henn,M.R., Newman,R.M., Young,D., Ciota,A., Levin,J., Malboeuf,C., Casali,M., Russ,C., Lennon,N., Erlich,R., Anderson,S., Rizzolo,K., Green,L., Ryan,E., Yu,Q., Young,S., Berlin,A., Heiman,D., Sykes,S., Koehrsen,M., Borenstein,D., Engels,R., Freedman,E., Gellesch,M., Heilman,E., Howarth,C., Jen,D., Larson,L., Neiman,D., Park,D., Pearson,M., Roberts,A., Sisk,P., Stolte,C., White,J., Alvarado,L., Godfrey,P., Shenoy,N., Yandava,C., Zeng,Q., Kramer,L., Nusbaum,C., Birren,B.",Broad Institute of MIT and Harvard,USA,4/19/11,WNV-1/US/BID-V5148/2007,Orthoflavivirus nilense,10619,complete,USA: New York,USA,NY,Corvus brachyrhynchos,brain,2007,Lineage_1
JF730042,West Nile virus,GenBank,set:JF730042,"Henn,M.R., Newman,R.M., Young,D., Ciota,A., Levin,J., Malboeuf,C., Casali,M., Russ,C., Lennon,N., Erlich,R., Anderson,S., Rizzolo,K., Green,L., Ryan,E., Yu,Q., Young,S., Berlin,A., Heiman,D., Sykes,S., Koehrsen,M., Borenstein,D., Engels,R., Freedman,E., Gellesch,M., Heilman,E., Howarth,C., Jen,D., Larson,L., Neiman,D., Park,D., Pearson,M., Roberts,A., Sisk,P., Stolte,C., White,J., Alvarado,L., Godfrey,P., Shenoy,N., Yandava,C., Zeng,Q., Kramer,L., Nusbaum,C., Birren,B.",Broad Institute of MIT and Harvard,USA,4/19/11,WNV-1/US/BID-V5147/2007,Orthoflavivirus nilense,10414,complete,USA: New York,USA,NY,Corvus brachyrhynchos,brain,2007,Lineage_1
JF730043,West Nile virus,GenBank,set:JF730043,"Henn,M.R., Newman,R.M., Levin,J., Malboeuf,C., Casali,M., Russ,C., Lennon,N., Erlich,R., Anderson,S., Rizzolo,K., Green,L., Ryan,E., Yu,Q., Young,S., Berlin,A., Heiman,D., Sykes,S., Koehrsen,M., Borenstein,D., Engels,R., Freedman,E., Gellesch,M., Heilman,E., Howarth,C., Jen,D., Larson,L., Neiman,D., Park,D., Pearson,M., Roberts,A., Sisk,P., Stolte,C., White,J., Alvarado,L., Godfrey,P., Shenoy,N., Yandava,C., Zeng,Q., Armstrong,P., Anderson,J., Andreadis,T., Vossbrinck,C., Nusbaum,C., Ebel,G., Birren,B.",Broad Institute of MIT and Harvard,USA,4/19/11,WNV-1/US/BID-V5170/2002,Orthoflavivirus nilense,10743,complete,USA: Connecticut,USA,CT,Culex pipiens,NA,2002,Lineage_1
JF784158,West Nile virus,GenBank,set:JF784158,"Henn,M.R., Newman,R.M., Brien,J., Levin,J., Malboeuf,C., Casali,M., Russ,C., Lennon,N., Erlich,R., Anderson,S., Rizzolo,K., Green,L., Ryan,E., Yu,Q., Young,S., Berlin,A., Heiman,D., Sykes,S., Koehrsen,M., Borenstein,D., Engels,R., Freedman,E., Gellesch,M., Heilman,E., Howarth,C., Jen,D., Larson,L., Neiman,D., Park,D., Pearson,M., Roberts,A., Sisk,P., Stolte,C., White,J., Alvarado,L., Godfrey,P., Shenoy,N., Yandava,C., Zeng,Q., Brien,J.D., Diamond,M.S., Nusbaum,C., Birren,B.",Broad Institute of MIT and Harvard,USA,4/19/11,WNV-1/Mus/BID-V4974/serum,Orthoflavivirus nilense,10621,complete,NA,NA,NA,Mus musculus,blood,NA,Lineage_1
HM051416,West Nile virus,GenBank,set:HM051416,"Albayrak,H., Barrett,A.","UTMB, Pathology",USA,4/5/11,twn9,Orthoflavivirus nilense,11029,complete,Israel,Israel,NA,Homo sapiens,NA,1953,Lineage_1
HQ671669,West Nile virus,GenBank,set:HQ671669,"Henn,M.R., Newman,R.M., Brien,J., Levin,J., Malboeuf,C., Casali,M., Russ,C., Lennon,N., Erlich,R., Anderson,S., Rizzolo,K., Green,L., Ryan,E., Yu,Q., Young,S., Berlin,A., Heiman,D., Sykes,S., Koehrsen,M., Borenstein,D., Engels,R., Freedman,E., Gellesch,M., Heilman,E., Howarth,C., Jen,D., Larson,L., Neiman,D., Park,D., Pearson,M., Roberts,A., Sisk,P., Stolte,C., White,J., Alvarado,L., Godfrey,P., Shenoy,N., Yandava,C., Zeng,Q., Brien,J.D., Diamond,M.S., Nusbaum,C., Birren,B.",Broad Institute of MIT and Harvard,USA,3/12/11,WNV-1/Mus/BID-V4730/spleen,Orthoflavivirus nilense,10957,complete,NA,NA,NA,Mus musculus,"spleen, abdominal cavity",NA,Lineage_1
HQ671672,West Nile virus,GenBank,set:HQ671672,"Henn,M.R., Newman,R.M., Brien,J., Levin,J., Malboeuf,C., Casali,M., Russ,C., Lennon,N., Erlich,R., Anderson,S., Rizzolo,K., Green,L., Ryan,E., Yu,Q., Young,S., Berlin,A., Heiman,D., Sykes,S., Koehrsen,M., Borenstein,D., Engels,R., Freedman,E., Gellesch,M., Heilman,E., Howarth,C., Jen,D., Larson,L., Neiman,D., Park,D., Pearson,M., Roberts,A., Sisk,P., Stolte,C., White,J., Alvarado,L., Godfrey,P., Shenoy,N., Yandava,C., Zeng,Q., Brien,J.D., Diamond,M.S., Nusbaum,C., Birren,B.",Broad Institute of MIT and Harvard,USA,3/12/11,WNV-1/Mus/BID-V4921/spleen,Orthoflavivirus nilense,10610,complete,NA,NA,NA,Mus musculus,"spleen, abdominal cavity",NA,Lineage_1
HQ671673,West Nile virus,GenBank,set:HQ671673,"Henn,M.R., Newman,R.M., Brien,J., Levin,J., Malboeuf,C., Casali,M., Russ,C., Lennon,N., Erlich,R., Anderson,S., Rizzolo,K., Green,L., Ryan,E., Yu,Q., Young,S., Berlin,A., Heiman,D., Sykes,S., Koehrsen,M., Borenstein,D., Engels,R., Freedman,E., Gellesch,M., Heilman,E., Howarth,C., Jen,D., Larson,L., Neiman,D., Park,D., Pearson,M., Roberts,A., Sisk,P., Stolte,C., White,J., Alvarado,L., Godfrey,P., Shenoy,N., Yandava,C., Zeng,Q., Brien,J.D., Diamond,M.S., Nusbaum,C., Birren,B.",Broad Institute of MIT and Harvard,USA,3/12/11,WNV-1/Mus/BID-V4924/spleen,Orthoflavivirus nilense,10614,complete,NA,NA,NA,Mus musculus,"spleen, abdominal cavity",NA,Lineage_1
HQ671676,West Nile virus,GenBank,set:HQ671676,"Henn,M.R., Newman,R.M., Brien,J., Levin,J., Malboeuf,C., Casali,M., Russ,C., Lennon,N., Erlich,R., Anderson,S., Rizzolo,K., Green,L., Ryan,E., Yu,Q., Young,S., Berlin,A., Heiman,D., Sykes,S., Koehrsen,M., Borenstein,D., Engels,R., Freedman,E., Gellesch,M., Heilman,E., Howarth,C., Jen,D., Larson,L., Neiman,D., Park,D., Pearson,M., Roberts,A., Sisk,P., Stolte,C., White,J., Alvarado,L., Godfrey,P., Shenoy,N., Yandava,C., Zeng,Q., Brien,J.D., Diamond,M.S., Nusbaum,C., Birren,B.",Broad Institute of MIT and Harvard,USA,3/12/11,WNV-1/Mus/BID-V4937/spleen,Orthoflavivirus nilense,10504,complete,NA,NA,NA,Mus musculus,"spleen, abdominal cavity",NA,Lineage_1
HQ671677,West Nile virus,GenBank,set:HQ671677,"Henn,M.R., Newman,R.M., Brien,J., Levin,J., Malboeuf,C., Casali,M., Russ,C., Lennon,N., Erlich,R., Anderson,S., Rizzolo,K., Green,L., Ryan,E., Yu,Q., Young,S., Berlin,A., Heiman,D., Sykes,S., Koehrsen,M., Borenstein,D., Engels,R., Freedman,E., Gellesch,M., Heilman,E., Howarth,C., Jen,D., Larson,L., Neiman,D., Park,D., Pearson,M., Roberts,A., Sisk,P., Stolte,C., White,J., Alvarado,L., Godfrey,P., Shenoy,N., Yandava,C., Zeng,Q., Brien,J.D., Diamond,M.S., Nusbaum,C., Birren,B.",Broad Institute of MIT and Harvard,USA,3/12/11,WNV-1/Mus/BID-V4938/spleen,Orthoflavivirus nilense,10621,complete,NA,NA,NA,Mus musculus,"spleen, abdominal cavity",NA,Lineage_1
HQ671682,West Nile virus,GenBank,set:HQ671682,"Henn,M.R., Newman,R.M., Brien,J., Levin,J., Malboeuf,C., Casali,M., Russ,C., Lennon,N., Erlich,R., Anderson,S., Rizzolo,K., Green,L., Ryan,E., Yu,Q., Young,S., Berlin,A., Heiman,D., Sykes,S., Koehrsen,M., Borenstein,D., Engels,R., Freedman,E., Gellesch,M., Heilman,E., Howarth,C., Jen,D., Larson,L., Neiman,D., Park,D., Pearson,M., Roberts,A., Sisk,P., Stolte,C., White,J., Alvarado,L., Godfrey,P., Shenoy,N., Yandava,C., Zeng,Q., Brien,J.D., Diamond,M.S., Nusbaum,C., Birren,B.",Broad Institute of MIT and Harvard,USA,3/12/11,WNV-1/Mus/BID-V4986/spleen,Orthoflavivirus nilense,10599,complete,NA,NA,NA,Mus musculus,"spleen, abdominal cavity",NA,Lineage_1
HQ671683,West Nile virus,GenBank,set:HQ671683,"Henn,M.R., Newman,R.M., Brien,J., Levin,J., Malboeuf,C., Casali,M., Russ,C., Lennon,N., Erlich,R., Anderson,S., Rizzolo,K., Green,L., Ryan,E., Yu,Q., Young,S., Berlin,A., Heiman,D., Sykes,S., Koehrsen,M., Borenstein,D., Engels,R., Freedman,E., Gellesch,M., Heilman,E., Howarth,C., Jen,D., Larson,L., Neiman,D., Park,D., Pearson,M., Roberts,A., Sisk,P., Stolte,C., White,J., Alvarado,L., Godfrey,P., Shenoy,N., Yandava,C., Zeng,Q., Brien,J.D., Diamond,M.S., Nusbaum,C., Birren,B.",Broad Institute of MIT and Harvard,USA,3/12/11,WNV-1/Mus/BID-V5006/brain,Orthoflavivirus nilense,10785,complete,NA,NA,NA,Mus musculus,brain,NA,Lineage_1
HQ671685,West Nile virus,GenBank,set:HQ671685,"Henn,M.R., Newman,R.M., Brien,J., Levin,J., Malboeuf,C., Casali,M., Russ,C., Lennon,N., Erlich,R., Anderson,S., Rizzolo,K., Green,L., Ryan,E., Yu,Q., Young,S., Berlin,A., Heiman,D., Sykes,S., Koehrsen,M., Borenstein,D., Engels,R., Freedman,E., Gellesch,M., Heilman,E., Howarth,C., Jen,D., Larson,L., Neiman,D., Park,D., Pearson,M., Roberts,A., Sisk,P., Stolte,C., White,J., Alvarado,L., Godfrey,P., Shenoy,N., Yandava,C., Zeng,Q., Brien,J.D., Diamond,M.S., Nusbaum,C., Birren,B.",Broad Institute of MIT and Harvard,USA,3/12/11,WNV-1/Mus/BID-V5008/brain,Orthoflavivirus nilense,10584,complete,NA,NA,NA,Mus musculus,brain,NA,Lineage_1
HQ671687,West Nile virus,GenBank,set:HQ671687,"Henn,M.R., Newman,R.M., Levin,J., Malboeuf,C., Casali,M., Russ,C., Lennon,N., Erlich,R., Anderson,S., Rizzolo,K., Green,L., Ryan,E., Yu,Q., Young,S., Berlin,A., Heiman,D., Sykes,S., Koehrsen,M., Borenstein,D., Engels,R., Freedman,E., Gellesch,M., Heilman,E., Howarth,C., Jen,D., Larson,L., Neiman,D., Park,D., Pearson,M., Roberts,A., Sisk,P., Stolte,C., White,J., Alvarado,L., Godfrey,P., Shenoy,N., Yandava,C., Zeng,Q., Brown,I.K., Ebel,G.D., Pesko,K., Nusbaum,C., Ebel,G., Birren,B.",Broad Institute of MIT and Harvard,USA,3/12/11,WNV-1/Culex/BID-V4161/legs,Orthoflavivirus nilense,10622,complete,NA,NA,NA,Culex quinquefasciatus,legs,NA,Lineage_1
HQ671688,West Nile virus,GenBank,set:HQ671688,"Henn,M.R., Newman,R.M., Levin,J., Malboeuf,C., Casali,M., Russ,C., Lennon,N., Erlich,R., Anderson,S., Rizzolo,K., Green,L., Ryan,E., Yu,Q., Young,S., Berlin,A., Heiman,D., Sykes,S., Koehrsen,M., Borenstein,D., Engels,R., Freedman,E., Gellesch,M., Heilman,E., Howarth,C., Jen,D., Larson,L., Neiman,D., Park,D., Pearson,M., Roberts,A., Sisk,P., Stolte,C., White,J., Alvarado,L., Godfrey,P., Shenoy,N., Yandava,C., Zeng,Q., Brown,I.K., Ebel,G.D., Pesko,K., Nusbaum,C., Ebel,G., Birren,B.",Broad Institute of MIT and Harvard,USA,3/12/11,WNV-1/Culex/BID-V4165/legs,Orthoflavivirus nilense,10619,complete,NA,NA,NA,Culex quinquefasciatus,legs,NA,Lineage_1
HQ671689,West Nile virus,GenBank,set:HQ671689,"Henn,M.R., Newman,R.M., Levin,J., Malboeuf,C., Casali,M., Russ,C., Lennon,N., Erlich,R., Anderson,S., Rizzolo,K., Green,L., Ryan,E., Yu,Q., Young,S., Berlin,A., Heiman,D., Sykes,S., Koehrsen,M., Borenstein,D., Engels,R., Freedman,E., Gellesch,M., Heilman,E., Howarth,C., Jen,D., Larson,L., Neiman,D., Park,D., Pearson,M., Roberts,A., Sisk,P., Stolte,C., White,J., Alvarado,L., Godfrey,P., Shenoy,N., Yandava,C., Zeng,Q., Brown,I.K., Ebel,G.D., Pesko,K., Nusbaum,C., Ebel,G., Birren,B.",Broad Institute of MIT and Harvard,USA,3/12/11,WNV-1/Culex/BID-V4174/legs,Orthoflavivirus nilense,10619,complete,NA,NA,NA,Culex quinquefasciatus,legs,NA,Lineage_1
HQ671692,West Nile virus,GenBank,set:HQ671692,"Henn,M.R., Newman,R.M., Young,D., Ciota,A., Levin,J., Malboeuf,C., Casali,M., Russ,C., Lennon,N., Erlich,R., Anderson,S., Rizzolo,K., Green,L., Ryan,E., Yu,Q., Young,S., Berlin,A., Heiman,D., Sykes,S., Koehrsen,M., Borenstein,D., Engels,R., Freedman,E., Gellesch,M., Heilman,E., Howarth,C., Jen,D., Larson,L., Neiman,D., Park,D., Pearson,M., Roberts,A., Sisk,P., Stolte,C., White,J., Alvarado,L., Godfrey,P., Shenoy,N., Yandava,C., Zeng,Q., Nusbaum,C., Kramer,L., Birren,B.",Broad Institute of MIT and Harvard,USA,3/12/11,WNV-1/Gallus/BID-V4959/kidney,Orthoflavivirus nilense,10624,complete,NA,NA,NA,Gallus gallus,"kidney, abdominal cavity",NA,Lineage_1
HQ671693,West Nile virus,GenBank,set:HQ671693,"Henn,M.R., Newman,R.M., Young,D., Ciota,A., Levin,J., Malboeuf,C., Casali,M., Russ,C., Lennon,N., Erlich,R., Anderson,S., Rizzolo,K., Green,L., Ryan,E., Yu,Q., Young,S., Berlin,A., Heiman,D., Sykes,S., Koehrsen,M., Borenstein,D., Engels,R., Freedman,E., Gellesch,M., Heilman,E., Howarth,C., Jen,D., Larson,L., Neiman,D., Park,D., Pearson,M., Roberts,A., Sisk,P., Stolte,C., White,J., Alvarado,L., Godfrey,P., Shenoy,N., Yandava,C., Zeng,Q., Nusbaum,C., Kramer,L., Birren,B.",Broad Institute of MIT and Harvard,USA,3/12/11,WNV-1/Gallus/BID-V4961/kidney,Orthoflavivirus nilense,10614,complete,NA,NA,NA,Gallus gallus,"kidney, abdominal cavity",NA,Lineage_1
HQ705670,West Nile virus,GenBank,set:HQ705670,"Henn,M.R., Newman,R.M., Levin,J., Malboeuf,C., Casali,M., Russ,C., Lennon,N., Erlich,R., Anderson,S., Rizzolo,K., Green,L., Ryan,E., Yu,Q., Young,S., Berlin,A., Heiman,D., Sykes,S., Koehrsen,M., Borenstein,D., Engels,R., Freedman,E., Gellesch,M., Heilman,E., Howarth,C., Jen,D., Larson,L., Neiman,D., Park,D., Pearson,M., Roberts,A., Sisk,P., Stolte,C., White,J., Alvarado,L., Godfrey,P., Shenoy,N., Yandava,C., Zeng,Q., Brown,I.K., Ebel,G.D., Pesko,K., Nusbaum,C., Ebel,G., Birren,B.",Broad Institute of MIT and Harvard,USA,3/12/11,WNV-1/Culex/BID-V4163/legs,Orthoflavivirus nilense,10623,complete,NA,NA,NA,Culex quinquefasciatus,legs,NA,Lineage_1
HQ705672,West Nile virus,GenBank,set:HQ705672,"Henn,M.R., Newman,R.M., Levin,J., Malboeuf,C., Casali,M., Russ,C., Lennon,N., Erlich,R., Anderson,S., Rizzolo,K., Green,L., Ryan,E., Yu,Q., Young,S., Berlin,A., Heiman,D., Sykes,S., Koehrsen,M., Borenstein,D., Engels,R., Freedman,E., Gellesch,M., Heilman,E., Howarth,C., Jen,D., Larson,L., Neiman,D., Park,D., Pearson,M., Roberts,A., Sisk,P., Stolte,C., White,J., Alvarado,L., Godfrey,P., Shenoy,N., Yandava,C., Zeng,Q., Brown,I.K., Ebel,G.D., Pesko,K., Nusbaum,C., Ebel,G., Birren,B.",Broad Institute of MIT and Harvard,USA,3/12/11,WNV-1/Culex/BID-V4168/legs,Orthoflavivirus nilense,10623,complete,NA,NA,NA,Culex quinquefasciatus,legs,NA,Lineage_1
HQ705674,West Nile virus,GenBank,set:HQ705674,"Henn,M.R., Newman,R.M., Levin,J., Malboeuf,C., Casali,M., Russ,C., Lennon,N., Erlich,R., Anderson,S., Rizzolo,K., Green,L., Ryan,E., Yu,Q., Young,S., Berlin,A., Heiman,D., Sykes,S., Koehrsen,M., Borenstein,D., Engels,R., Freedman,E., Gellesch,M., Heilman,E., Howarth,C., Jen,D., Larson,L., Neiman,D., Park,D., Pearson,M., Roberts,A., Sisk,P., Stolte,C., White,J., Alvarado,L., Godfrey,P., Shenoy,N., Yandava,C., Zeng,Q., Brown,I.K., Ebel,G.D., Pesko,K., Nusbaum,C., Ebel,G., Birren,B.",Broad Institute of MIT and Harvard,USA,3/12/11,WNV-1/Culex/BID-V4173/midgut,Orthoflavivirus nilense,10623,complete,NA,NA,NA,Culex quinquefasciatus,abdominal cavity,NA,Lineage_1
HQ705675,West Nile virus,GenBank,set:HQ705675,"Henn,M.R., Newman,R.M., Levin,J., Malboeuf,C., Casali,M., Russ,C., Lennon,N., Erlich,R., Anderson,S., Rizzolo,K., Green,L., Ryan,E., Yu,Q., Young,S., Berlin,A., Heiman,D., Sykes,S., Koehrsen,M., Borenstein,D., Engels,R., Freedman,E., Gellesch,M., Heilman,E., Howarth,C., Jen,D., Larson,L., Neiman,D., Park,D., Pearson,M., Roberts,A., Sisk,P., Stolte,C., White,J., Alvarado,L., Godfrey,P., Shenoy,N., Yandava,C., Zeng,Q., Brown,I.K., Ebel,G.D., Pesko,K., Nusbaum,C., Ebel,G., Birren,B.",Broad Institute of MIT and Harvard,USA,3/12/11,WNV-1/Culex/BID-V4184/legs,Orthoflavivirus nilense,10620,complete,NA,NA,NA,Culex quinquefasciatus,legs,NA,Lineage_1
HQ705678,West Nile virus,GenBank,set:HQ705678,"Henn,M.R., Newman,R.M., Young,D., Ciota,A., Levin,J., Malboeuf,C., Casali,M., Russ,C., Lennon,N., Erlich,R., Anderson,S., Rizzolo,K., Green,L., Ryan,E., Yu,Q., Young,S., Berlin,A., Heiman,D., Sykes,S., Koehrsen,M., Borenstein,D., Engels,R., Freedman,E., Gellesch,M., Heilman,E., Howarth,C., Jen,D., Larson,L., Neiman,D., Park,D., Pearson,M., Roberts,A., Sisk,P., Stolte,C., White,J., Alvarado,L., Godfrey,P., Shenoy,N., Yandava,C., Zeng,Q., Nusbaum,C., Kramer,L., Birren,B.",Broad Institute of MIT and Harvard,USA,3/12/11,WNV-1/Gallus/BID-V4962/kidney,Orthoflavivirus nilense,10609,complete,NA,NA,NA,Gallus gallus,"kidney, abdominal cavity",NA,Lineage_1
HQ891012,West Nile virus,GenBank,set:HQ891012,"Henn,M.R., Newman,R.M., Brien,J., Levin,J., Malboeuf,C., Casali,M., Russ,C., Lennon,N., Erlich,R., Anderson,S., Rizzolo,K., Green,L., Ryan,E., Yu,Q., Young,S., Berlin,A., Heiman,D., Sykes,S., Koehrsen,M., Borenstein,D., Engels,R., Freedman,E., Gellesch,M., Heilman,E., Howarth,C., Jen,D., Larson,L., Neiman,D., Park,D., Pearson,M., Roberts,A., Sisk,P., Stolte,C., White,J., Alvarado,L., Godfrey,P., Shenoy,N., Yandava,C., Zeng,Q., Brien,J.D., Diamond,M.S., Nusbaum,C., Birren,B.",Broad Institute of MIT and Harvard,USA,3/12/11,WNV-1/Mus/BID-V5118/serum,Orthoflavivirus nilense,10585,complete,NA,NA,NA,Mus musculus,blood,NA,Lineage_1
JF357958,West Nile virus,GenBank,set:JF357958,"Henn,M.R., Newman,R.M., Brien,J., Levin,J., Malboeuf,C., Casali,M., Russ,C., Lennon,N., Erlich,R., Anderson,S., Rizzolo,K., Green,L., Ryan,E., Yu,Q., Young,S., Berlin,A., Heiman,D., Sykes,S., Koehrsen,M., Borenstein,D., Engels,R., Freedman,E., Gellesch,M., Heilman,E., Howarth,C., Jen,D., Larson,L., Neiman,D., Park,D., Pearson,M., Roberts,A., Sisk,P., Stolte,C., White,J., Alvarado,L., Godfrey,P., Shenoy,N., Yandava,C., Zeng,Q., Brien,J.D., Diamond,M.S., Nusbaum,C., Birren,B.",Broad Institute of MIT and Harvard,USA,3/12/11,WNV-1/Mus/BID-V4997/brain,Orthoflavivirus nilense,10617,complete,NA,NA,NA,Mus musculus,brain,NA,Lineage_1
JF357959,West Nile virus,GenBank,set:JF357959,"Henn,M.R., Newman,R.M., Brien,J., Levin,J., Malboeuf,C., Casali,M., Russ,C., Lennon,N., Erlich,R., Anderson,S., Rizzolo,K., Green,L., Ryan,E., Yu,Q., Young,S., Berlin,A., Heiman,D., Sykes,S., Koehrsen,M., Borenstein,D., Engels,R., Freedman,E., Gellesch,M., Heilman,E., Howarth,C., Jen,D., Larson,L., Neiman,D., Park,D., Pearson,M., Roberts,A., Sisk,P., Stolte,C., White,J., Alvarado,L., Godfrey,P., Shenoy,N., Yandava,C., Zeng,Q., Brien,J.D., Diamond,M.S., Nusbaum,C., Birren,B.",Broad Institute of MIT and Harvard,USA,3/12/11,WNV-1/Mus/BID-V4999/brain,Orthoflavivirus nilense,10546,complete,NA,NA,NA,Mus musculus,brain,NA,Lineage_1
JF357960,West Nile virus,GenBank,set:JF357960,"Henn,M.R., Newman,R.M., Young,D., Ciota,A., Levin,J., Malboeuf,C., Casali,M., Russ,C., Lennon,N., Erlich,R., Anderson,S., Rizzolo,K., Green,L., Ryan,E., Yu,Q., Young,S., Berlin,A., Heiman,D., Sykes,S., Koehrsen,M., Borenstein,D., Engels,R., Freedman,E., Gellesch,M., Heilman,E., Howarth,C., Jen,D., Larson,L., Neiman,D., Park,D., Pearson,M., Roberts,A., Sisk,P., Stolte,C., White,J., Alvarado,L., Godfrey,P., Shenoy,N., Yandava,C., Zeng,Q., Nusbaum,C., Kramer,L., Birren,B.",Broad Institute of MIT and Harvard,USA,3/12/11,WNV-1/Gallus/BID-V5109/skin,Orthoflavivirus nilense,10621,complete,NA,NA,NA,Gallus gallus,skin,NA,Lineage_1
HQ671696,West Nile virus,GenBank,set:HQ671696,"Henn,M.R., Newman,R.M., Levin,J., Malboeuf,C., Casali,M., Russ,C., Lennon,N., Erlich,R., Anderson,S., Rizzolo,K., Green,L., Ryan,E., Yu,Q., Young,S., Berlin,A., Heiman,D., Sykes,S., Koehrsen,M., Borenstein,D., Engels,R., Freedman,E., Gellesch,M., Heilman,E., Howarth,C., Jen,D., Larson,L., Neiman,D., Park,D., Pearson,M., Roberts,A., Sisk,P., Stolte,C., White,J., Alvarado,L., Godfrey,P., Shenoy,N., Yandava,C., Zeng,Q., Armstrong,P., Anderson,J., Andreadis,T., Vossbrinck,C., Nusbaum,C., Ebel,G., Birren,B.",Broad Institute of MIT and Harvard,USA,1/10/11,WNV-1/US/BID-V4196/2001,Orthoflavivirus nilense,10618,complete,USA: Connecticut,USA,CT,Culex salinarius,NA,2001,Lineage_1
HQ671697,West Nile virus,GenBank,set:HQ671697,"Henn,M.R., Newman,R.M., Levin,J., Malboeuf,C., Casali,M., Russ,C., Lennon,N., Erlich,R., Anderson,S., Rizzolo,K., Green,L., Ryan,E., Yu,Q., Young,S., Berlin,A., Heiman,D., Sykes,S., Koehrsen,M., Borenstein,D., Engels,R., Freedman,E., Gellesch,M., Heilman,E., Howarth,C., Jen,D., Larson,L., Neiman,D., Park,D., Pearson,M., Roberts,A., Sisk,P., Stolte,C., White,J., Alvarado,L., Godfrey,P., Shenoy,N., Yandava,C., Zeng,Q., Armstrong,P., Anderson,J., Andreadis,T., Vossbrinck,C., Nusbaum,C., Ebel,G., Birren,B.",Broad Institute of MIT and Harvard,USA,1/10/11,WNV-1/US/BID-V4197/2001,Orthoflavivirus nilense,10621,complete,USA: Connecticut,USA,CT,Aedes vexans,NA,2001,Lineage_1
HQ671698,West Nile virus,GenBank,set:HQ671698,"Henn,M.R., Newman,R.M., Levin,J., Malboeuf,C., Casali,M., Russ,C., Lennon,N., Erlich,R., Anderson,S., Rizzolo,K., Green,L., Ryan,E., Yu,Q., Young,S., Berlin,A., Heiman,D., Sykes,S., Koehrsen,M., Borenstein,D., Engels,R., Freedman,E., Gellesch,M., Heilman,E., Howarth,C., Jen,D., Larson,L., Neiman,D., Park,D., Pearson,M., Roberts,A., Sisk,P., Stolte,C., White,J., Alvarado,L., Godfrey,P., Shenoy,N., Yandava,C., Zeng,Q., Armstrong,P., Anderson,J., Andreadis,T., Vossbrinck,C., Nusbaum,C., Ebel,G., Birren,B.",Broad Institute of MIT and Harvard,USA,1/10/11,WNV-1/US/BID-V4203/2002,Orthoflavivirus nilense,10554,complete,USA: Connecticut,USA,CT,Culex restuans,NA,2002,Lineage_1
HQ671699,West Nile virus,GenBank,set:HQ671699,"Henn,M.R., Newman,R.M., Levin,J., Malboeuf,C., Casali,M., Russ,C., Lennon,N., Erlich,R., Anderson,S., Rizzolo,K., Green,L., Ryan,E., Yu,Q., Young,S., Berlin,A., Heiman,D., Sykes,S., Koehrsen,M., Borenstein,D., Engels,R., Freedman,E., Gellesch,M., Heilman,E., Howarth,C., Jen,D., Larson,L., Neiman,D., Park,D., Pearson,M., Roberts,A., Sisk,P., Stolte,C., White,J., Alvarado,L., Godfrey,P., Shenoy,N., Yandava,C., Zeng,Q., Armstrong,P., Anderson,J., Andreadis,T., Vossbrinck,C., Nusbaum,C., Ebel,G., Birren,B.",Broad Institute of MIT and Harvard,USA,1/10/11,WNV-1/US/BID-V4206/2002,Orthoflavivirus nilense,10667,complete,USA: Connecticut,USA,CT,Ochlerotatus sollicitans,NA,2002,Lineage_1
HQ671700,West Nile virus,GenBank,set:HQ671700,"Henn,M.R., Newman,R.M., Levin,J., Malboeuf,C., Casali,M., Russ,C., Lennon,N., Erlich,R., Anderson,S., Rizzolo,K., Green,L., Ryan,E., Yu,Q., Young,S., Berlin,A., Heiman,D., Sykes,S., Koehrsen,M., Borenstein,D., Engels,R., Freedman,E., Gellesch,M., Heilman,E., Howarth,C., Jen,D., Larson,L., Neiman,D., Park,D., Pearson,M., Roberts,A., Sisk,P., Stolte,C., White,J., Alvarado,L., Godfrey,P., Shenoy,N., Yandava,C., Zeng,Q., Armstrong,P., Anderson,J., Andreadis,T., Vossbrinck,C., Nusbaum,C., Ebel,G., Birren,B.",Broad Institute of MIT and Harvard,USA,1/10/11,WNV-1/US/BID-V4576/2003,Orthoflavivirus nilense,10645,complete,USA: Connecticut,USA,CT,Culiseta melanura,NA,2003,Lineage_1
HQ671701,West Nile virus,GenBank,set:HQ671701,"Henn,M.R., Newman,R.M., Levin,J., Malboeuf,C., Casali,M., Russ,C., Lennon,N., Erlich,R., Anderson,S., Rizzolo,K., Green,L., Ryan,E., Yu,Q., Young,S., Berlin,A., Heiman,D., Sykes,S., Koehrsen,M., Borenstein,D., Engels,R., Freedman,E., Gellesch,M., Heilman,E., Howarth,C., Jen,D., Larson,L., Neiman,D., Park,D., Pearson,M., Roberts,A., Sisk,P., Stolte,C., White,J., Alvarado,L., Godfrey,P., Shenoy,N., Yandava,C., Zeng,Q., Armstrong,P., Anderson,J., Andreadis,T., Vossbrinck,C., Nusbaum,C., Ebel,G., Birren,B.",Broad Institute of MIT and Harvard,USA,1/10/11,WNV-1/US/BID-V4590/2003,Orthoflavivirus nilense,10734,complete,USA: Connecticut,USA,CT,Culex salinarius,NA,2003,Lineage_1
HQ671702,West Nile virus,GenBank,set:HQ671702,"Henn,M.R., Newman,R.M., Levin,J., Malboeuf,C., Casali,M., Russ,C., Lennon,N., Erlich,R., Anderson,S., Rizzolo,K., Green,L., Ryan,E., Yu,Q., Young,S., Berlin,A., Heiman,D., Sykes,S., Koehrsen,M., Borenstein,D., Engels,R., Freedman,E., Gellesch,M., Heilman,E., Howarth,C., Jen,D., Larson,L., Neiman,D., Park,D., Pearson,M., Roberts,A., Sisk,P., Stolte,C., White,J., Alvarado,L., Godfrey,P., Shenoy,N., Yandava,C., Zeng,Q., Armstrong,P., Anderson,J., Andreadis,T., Vossbrinck,C., Nusbaum,C., Ebel,G., Birren,B.",Broad Institute of MIT and Harvard,USA,1/10/11,WNV-1/US/BID-V4595/2003,Orthoflavivirus nilense,10662,complete,USA: Connecticut,USA,CT,Ochlerotatus canadensis,NA,2003,Lineage_1
HQ671703,West Nile virus,GenBank,set:HQ671703,"Henn,M.R., Newman,R.M., Levin,J., Malboeuf,C., Casali,M., Russ,C., Lennon,N., Erlich,R., Anderson,S., Rizzolo,K., Green,L., Ryan,E., Yu,Q., Young,S., Berlin,A., Heiman,D., Sykes,S., Koehrsen,M., Borenstein,D., Engels,R., Freedman,E., Gellesch,M., Heilman,E., Howarth,C., Jen,D., Larson,L., Neiman,D., Park,D., Pearson,M., Roberts,A., Sisk,P., Stolte,C., White,J., Alvarado,L., Godfrey,P., Shenoy,N., Yandava,C., Zeng,Q., Armstrong,P., Anderson,J., Andreadis,T., Vossbrinck,C., Nusbaum,C., Ebel,G., Birren,B.",Broad Institute of MIT and Harvard,USA,1/10/11,WNV-1/US/BID-V4611/2003,Orthoflavivirus nilense,10613,complete,USA: Connecticut,USA,CT,Culiseta melanura,NA,2003,Lineage_1
HQ671704,West Nile virus,GenBank,set:HQ671704,"Henn,M.R., Newman,R.M., Levin,J., Malboeuf,C., Casali,M., Russ,C., Lennon,N., Erlich,R., Anderson,S., Rizzolo,K., Green,L., Ryan,E., Yu,Q., Young,S., Berlin,A., Heiman,D., Sykes,S., Koehrsen,M., Borenstein,D., Engels,R., Freedman,E., Gellesch,M., Heilman,E., Howarth,C., Jen,D., Larson,L., Neiman,D., Park,D., Pearson,M., Roberts,A., Sisk,P., Stolte,C., White,J., Alvarado,L., Godfrey,P., Shenoy,N., Yandava,C., Zeng,Q., Armstrong,P., Anderson,J., Andreadis,T., Vossbrinck,C., Nusbaum,C., Ebel,G., Birren,B.",Broad Institute of MIT and Harvard,USA,1/10/11,WNV-1/US/BID-V4618/2003,Orthoflavivirus nilense,10804,complete,USA: Connecticut,USA,CT,Culex pipiens,NA,2003,Lineage_1
HQ671705,West Nile virus,GenBank,set:HQ671705,"Henn,M.R., Newman,R.M., Levin,J., Malboeuf,C., Casali,M., Russ,C., Lennon,N., Erlich,R., Anderson,S., Rizzolo,K., Green,L., Ryan,E., Yu,Q., Young,S., Berlin,A., Heiman,D., Sykes,S., Koehrsen,M., Borenstein,D., Engels,R., Freedman,E., Gellesch,M., Heilman,E., Howarth,C., Jen,D., Larson,L., Neiman,D., Park,D., Pearson,M., Roberts,A., Sisk,P., Stolte,C., White,J., Alvarado,L., Godfrey,P., Shenoy,N., Yandava,C., Zeng,Q., Armstrong,P., Anderson,J., Andreadis,T., Vossbrinck,C., Nusbaum,C., Ebel,G., Birren,B.",Broad Institute of MIT and Harvard,USA,1/10/11,WNV-1/US/BID-V4620/2003,Orthoflavivirus nilense,10731,complete,USA: Connecticut,USA,CT,Culiseta melanura,NA,2003,Lineage_1
HQ671706,West Nile virus,GenBank,set:HQ671706,"Henn,M.R., Newman,R.M., Levin,J., Malboeuf,C., Casali,M., Russ,C., Lennon,N., Erlich,R., Anderson,S., Rizzolo,K., Green,L., Ryan,E., Yu,Q., Young,S., Berlin,A., Heiman,D., Sykes,S., Koehrsen,M., Borenstein,D., Engels,R., Freedman,E., Gellesch,M., Heilman,E., Howarth,C., Jen,D., Larson,L., Neiman,D., Park,D., Pearson,M., Roberts,A., Sisk,P., Stolte,C., White,J., Alvarado,L., Godfrey,P., Shenoy,N., Yandava,C., Zeng,Q., Armstrong,P., Anderson,J., Andreadis,T., Vossbrinck,C., Nusbaum,C., Ebel,G., Birren,B.",Broad Institute of MIT and Harvard,USA,1/10/11,WNV-1/US/BID-V4898/1999,Orthoflavivirus nilense,10614,complete,USA: Connecticut,USA,CT,Aedes vexans,NA,1999,Lineage_1
HQ671708,West Nile virus,GenBank,set:HQ671708,"Henn,M.R., Newman,R.M., Levin,J., Malboeuf,C., Casali,M., Russ,C., Lennon,N., Erlich,R., Anderson,S., Rizzolo,K., Green,L., Ryan,E., Yu,Q., Young,S., Berlin,A., Heiman,D., Sykes,S., Koehrsen,M., Borenstein,D., Engels,R., Freedman,E., Gellesch,M., Heilman,E., Howarth,C., Jen,D., Larson,L., Neiman,D., Park,D., Pearson,M., Roberts,A., Sisk,P., Stolte,C., White,J., Alvarado,L., Godfrey,P., Shenoy,N., Yandava,C., Zeng,Q., Armstrong,P., Anderson,J., Andreadis,T., Vossbrinck,C., Nusbaum,C., Ebel,G., Birren,B.",Broad Institute of MIT and Harvard,USA,1/10/11,WNV-1/US/BID-V4900/2000,Orthoflavivirus nilense,10613,complete,USA: Connecticut,USA,CT,Culex restuans,NA,2000,Lineage_1
HQ671709,West Nile virus,GenBank,set:HQ671709,"Henn,M.R., Newman,R.M., Levin,J., Malboeuf,C., Casali,M., Russ,C., Lennon,N., Erlich,R., Anderson,S., Rizzolo,K., Green,L., Ryan,E., Yu,Q., Young,S., Berlin,A., Heiman,D., Sykes,S., Koehrsen,M., Borenstein,D., Engels,R., Freedman,E., Gellesch,M., Heilman,E., Howarth,C., Jen,D., Larson,L., Neiman,D., Park,D., Pearson,M., Roberts,A., Sisk,P., Stolte,C., White,J., Alvarado,L., Godfrey,P., Shenoy,N., Yandava,C., Zeng,Q., Armstrong,P., Anderson,J., Andreadis,T., Vossbrinck,C., Nusbaum,C., Ebel,G., Birren,B.",Broad Institute of MIT and Harvard,USA,1/10/11,WNV-1/US/BID-V4901/2000,Orthoflavivirus nilense,10488,complete,USA: Connecticut,USA,CT,Culex pipiens,NA,2000,Lineage_1
HQ671710,West Nile virus,GenBank,set:HQ671710,"Henn,M.R., Newman,R.M., Levin,J., Malboeuf,C., Casali,M., Russ,C., Lennon,N., Erlich,R., Anderson,S., Rizzolo,K., Green,L., Ryan,E., Yu,Q., Young,S., Berlin,A., Heiman,D., Sykes,S., Koehrsen,M., Borenstein,D., Engels,R., Freedman,E., Gellesch,M., Heilman,E., Howarth,C., Jen,D., Larson,L., Neiman,D., Park,D., Pearson,M., Roberts,A., Sisk,P., Stolte,C., White,J., Alvarado,L., Godfrey,P., Shenoy,N., Yandava,C., Zeng,Q., Armstrong,P., Anderson,J., Andreadis,T., Vossbrinck,C., Nusbaum,C., Ebel,G., Birren,B.",Broad Institute of MIT and Harvard,USA,1/10/11,WNV-1/US/BID-V4902/2000,Orthoflavivirus nilense,10612,complete,USA: Connecticut,USA,CT,Culex pipiens,NA,2000,Lineage_1
HQ671711,West Nile virus,GenBank,set:HQ671711,"Henn,M.R., Newman,R.M., Levin,J., Malboeuf,C., Casali,M., Russ,C., Lennon,N., Erlich,R., Anderson,S., Rizzolo,K., Green,L., Ryan,E., Yu,Q., Young,S., Berlin,A., Heiman,D., Sykes,S., Koehrsen,M., Borenstein,D., Engels,R., Freedman,E., Gellesch,M., Heilman,E., Howarth,C., Jen,D., Larson,L., Neiman,D., Park,D., Pearson,M., Roberts,A., Sisk,P., Stolte,C., White,J., Alvarado,L., Godfrey,P., Shenoy,N., Yandava,C., Zeng,Q., Armstrong,P., Anderson,J., Andreadis,T., Vossbrinck,C., Nusbaum,C., Ebel,G., Birren,B.",Broad Institute of MIT and Harvard,USA,1/10/11,WNV-1/US/BID-V4903/2000,Orthoflavivirus nilense,10613,complete,USA: Connecticut,USA,CT,Culex pipiens,NA,2000,Lineage_1
HQ671712,West Nile virus,GenBank,set:HQ671712,"Henn,M.R., Newman,R.M., Levin,J., Malboeuf,C., Casali,M., Russ,C., Lennon,N., Erlich,R., Anderson,S., Rizzolo,K., Green,L., Ryan,E., Yu,Q., Young,S., Berlin,A., Heiman,D., Sykes,S., Koehrsen,M., Borenstein,D., Engels,R., Freedman,E., Gellesch,M., Heilman,E., Howarth,C., Jen,D., Larson,L., Neiman,D., Park,D., Pearson,M., Roberts,A., Sisk,P., Stolte,C., White,J., Alvarado,L., Godfrey,P., Shenoy,N., Yandava,C., Zeng,Q., Armstrong,P., Anderson,J., Andreadis,T., Vossbrinck,C., Nusbaum,C., Ebel,G., Birren,B.",Broad Institute of MIT and Harvard,USA,1/10/11,WNV-1/US/BID-V4904/2000,Orthoflavivirus nilense,10613,complete,USA: Connecticut,USA,CT,Culiseta melanura,NA,2000,Lineage_1
HQ671713,West Nile virus,GenBank,set:HQ671713,"Henn,M.R., Newman,R.M., Levin,J., Malboeuf,C., Casali,M., Russ,C., Lennon,N., Erlich,R., Anderson,S., Rizzolo,K., Green,L., Ryan,E., Yu,Q., Young,S., Berlin,A., Heiman,D., Sykes,S., Koehrsen,M., Borenstein,D., Engels,R., Freedman,E., Gellesch,M., Heilman,E., Howarth,C., Jen,D., Larson,L., Neiman,D., Park,D., Pearson,M., Roberts,A., Sisk,P., Stolte,C., White,J., Alvarado,L., Godfrey,P., Shenoy,N., Yandava,C., Zeng,Q., Armstrong,P., Anderson,J., Andreadis,T., Vossbrinck,C., Nusbaum,C., Ebel,G., Birren,B.",Broad Institute of MIT and Harvard,USA,1/10/11,WNV-1/US/BID-V4905/2001,Orthoflavivirus nilense,10677,complete,USA: Connecticut,USA,CT,Corvus brachyrhynchos,NA,2001,Lineage_1
HQ671714,West Nile virus,GenBank,set:HQ671714,"Henn,M.R., Newman,R.M., Levin,J., Malboeuf,C., Casali,M., Russ,C., Lennon,N., Erlich,R., Anderson,S., Rizzolo,K., Green,L., Ryan,E., Yu,Q., Young,S., Berlin,A., Heiman,D., Sykes,S., Koehrsen,M., Borenstein,D., Engels,R., Freedman,E., Gellesch,M., Heilman,E., Howarth,C., Jen,D., Larson,L., Neiman,D., Park,D., Pearson,M., Roberts,A., Sisk,P., Stolte,C., White,J., Alvarado,L., Godfrey,P., Shenoy,N., Yandava,C., Zeng,Q., Armstrong,P., Anderson,J., Andreadis,T., Vossbrinck,C., Nusbaum,C., Ebel,G., Birren,B.",Broad Institute of MIT and Harvard,USA,1/10/11,WNV-1/US/BID-V4906/2001,Orthoflavivirus nilense,10613,complete,USA: Connecticut,USA,CT,Culex salinarius,NA,2001,Lineage_1
HQ671715,West Nile virus,GenBank,set:HQ671715,"Henn,M.R., Newman,R.M., Levin,J., Malboeuf,C., Casali,M., Russ,C., Lennon,N., Erlich,R., Anderson,S., Rizzolo,K., Green,L., Ryan,E., Yu,Q., Young,S., Berlin,A., Heiman,D., Sykes,S., Koehrsen,M., Borenstein,D., Engels,R., Freedman,E., Gellesch,M., Heilman,E., Howarth,C., Jen,D., Larson,L., Neiman,D., Park,D., Pearson,M., Roberts,A., Sisk,P., Stolte,C., White,J., Alvarado,L., Godfrey,P., Shenoy,N., Yandava,C., Zeng,Q., Armstrong,P., Anderson,J., Andreadis,T., Vossbrinck,C., Nusbaum,C., Ebel,G., Birren,B.",Broad Institute of MIT and Harvard,USA,1/10/11,WNV-1/US/BID-V4908/2001,Orthoflavivirus nilense,10614,complete,USA: Connecticut,USA,CT,Culex pipiens,NA,2001,Lineage_1
HQ671716,West Nile virus,GenBank,set:HQ671716,"Henn,M.R., Newman,R.M., Levin,J., Malboeuf,C., Casali,M., Russ,C., Lennon,N., Erlich,R., Anderson,S., Rizzolo,K., Green,L., Ryan,E., Yu,Q., Young,S., Berlin,A., Heiman,D., Sykes,S., Koehrsen,M., Borenstein,D., Engels,R., Freedman,E., Gellesch,M., Heilman,E., Howarth,C., Jen,D., Larson,L., Neiman,D., Park,D., Pearson,M., Roberts,A., Sisk,P., Stolte,C., White,J., Alvarado,L., Godfrey,P., Shenoy,N., Yandava,C., Zeng,Q., Armstrong,P., Anderson,J., Andreadis,T., Vossbrinck,C., Nusbaum,C., Ebel,G., Birren,B.",Broad Institute of MIT and Harvard,USA,1/10/11,WNV-1/US/BID-V4909/2001,Orthoflavivirus nilense,10610,complete,USA: Connecticut,USA,CT,Culiseta melanura,NA,2001,Lineage_1
HQ671717,West Nile virus,GenBank,set:HQ671717,"Henn,M.R., Newman,R.M., Levin,J., Malboeuf,C., Casali,M., Russ,C., Lennon,N., Erlich,R., Anderson,S., Rizzolo,K., Green,L., Ryan,E., Yu,Q., Young,S., Berlin,A., Heiman,D., Sykes,S., Koehrsen,M., Borenstein,D., Engels,R., Freedman,E., Gellesch,M., Heilman,E., Howarth,C., Jen,D., Larson,L., Neiman,D., Park,D., Pearson,M., Roberts,A., Sisk,P., Stolte,C., White,J., Alvarado,L., Godfrey,P., Shenoy,N., Yandava,C., Zeng,Q., Armstrong,P., Anderson,J., Andreadis,T., Vossbrinck,C., Nusbaum,C., Ebel,G., Birren,B.",Broad Institute of MIT and Harvard,USA,1/10/11,WNV-1/US/BID-V4910/2001,Orthoflavivirus nilense,10614,complete,USA: Connecticut,USA,CT,Aedes cinereus,NA,2001,Lineage_1
HQ671718,West Nile virus,GenBank,set:HQ671718,"Henn,M.R., Newman,R.M., Levin,J., Malboeuf,C., Casali,M., Russ,C., Lennon,N., Erlich,R., Anderson,S., Rizzolo,K., Green,L., Ryan,E., Yu,Q., Young,S., Berlin,A., Heiman,D., Sykes,S., Koehrsen,M., Borenstein,D., Engels,R., Freedman,E., Gellesch,M., Heilman,E., Howarth,C., Jen,D., Larson,L., Neiman,D., Park,D., Pearson,M., Roberts,A., Sisk,P., Stolte,C., White,J., Alvarado,L., Godfrey,P., Shenoy,N., Yandava,C., Zeng,Q., Armstrong,P., Anderson,J., Andreadis,T., Vossbrinck,C., Nusbaum,C., Ebel,G., Birren,B.",Broad Institute of MIT and Harvard,USA,1/10/11,WNV-1/US/BID-V4911/2001,Orthoflavivirus nilense,10614,complete,USA: Connecticut,USA,CT,Culex salinarius,NA,2001,Lineage_1
HQ671719,West Nile virus,GenBank,set:HQ671719,"Henn,M.R., Newman,R.M., Levin,J., Malboeuf,C., Casali,M., Russ,C., Lennon,N., Erlich,R., Anderson,S., Rizzolo,K., Green,L., Ryan,E., Yu,Q., Young,S., Berlin,A., Heiman,D., Sykes,S., Koehrsen,M., Borenstein,D., Engels,R., Freedman,E., Gellesch,M., Heilman,E., Howarth,C., Jen,D., Larson,L., Neiman,D., Park,D., Pearson,M., Roberts,A., Sisk,P., Stolte,C., White,J., Alvarado,L., Godfrey,P., Shenoy,N., Yandava,C., Zeng,Q., Armstrong,P., Anderson,J., Andreadis,T., Vossbrinck,C., Nusbaum,C., Ebel,G., Birren,B.",Broad Institute of MIT and Harvard,USA,1/10/11,WNV-1/US/BID-V4912/2001,Orthoflavivirus nilense,10612,complete,USA: Connecticut,USA,CT,Culex pipiens,NA,2001,Lineage_1
HQ671720,West Nile virus,GenBank,set:HQ671720,"Henn,M.R., Newman,R.M., Levin,J., Malboeuf,C., Casali,M., Russ,C., Lennon,N., Erlich,R., Anderson,S., Rizzolo,K., Green,L., Ryan,E., Yu,Q., Young,S., Berlin,A., Heiman,D., Sykes,S., Koehrsen,M., Borenstein,D., Engels,R., Freedman,E., Gellesch,M., Heilman,E., Howarth,C., Jen,D., Larson,L., Neiman,D., Park,D., Pearson,M., Roberts,A., Sisk,P., Stolte,C., White,J., Alvarado,L., Godfrey,P., Shenoy,N., Yandava,C., Zeng,Q., Armstrong,P., Anderson,J., Andreadis,T., Vossbrinck,C., Nusbaum,C., Ebel,G., Birren,B.",Broad Institute of MIT and Harvard,USA,1/10/11,WNV-1/US/BID-V4913/2002,Orthoflavivirus nilense,10737,complete,USA: Connecticut,USA,CT,Corvus brachyrhynchos,NA,2002,Lineage_1
HQ671721,West Nile virus,GenBank,set:HQ671721,"Henn,M.R., Newman,R.M., Young,D., Ciota,A., Levin,J., Malboeuf,C., Casali,M., Russ,C., Lennon,N., Erlich,R., Anderson,S., Rizzolo,K., Green,L., Ryan,E., Yu,Q., Young,S., Berlin,A., Heiman,D., Sykes,S., Koehrsen,M., Borenstein,D., Engels,R., Freedman,E., Gellesch,M., Heilman,E., Howarth,C., Jen,D., Larson,L., Neiman,D., Park,D., Pearson,M., Roberts,A., Sisk,P., Stolte,C., White,J., Alvarado,L., Godfrey,P., Shenoy,N., Yandava,C., Zeng,Q., Kramer,L., Nusbaum,C., Birren,B.",Broad Institute of MIT and Harvard,USA,1/10/11,WNV-1/US/BID-V4625/2008,Orthoflavivirus nilense,10622,complete,USA: New York,USA,NY,Corvus brachyrhynchos,brain,2008,Lineage_1
HQ671722,West Nile virus,GenBank,set:HQ671722,"Henn,M.R., Newman,R.M., Young,D., Ciota,A., Levin,J., Malboeuf,C., Casali,M., Russ,C., Lennon,N., Erlich,R., Anderson,S., Rizzolo,K., Green,L., Ryan,E., Yu,Q., Young,S., Berlin,A., Heiman,D., Sykes,S., Koehrsen,M., Borenstein,D., Engels,R., Freedman,E., Gellesch,M., Heilman,E., Howarth,C., Jen,D., Larson,L., Neiman,D., Park,D., Pearson,M., Roberts,A., Sisk,P., Stolte,C., White,J., Alvarado,L., Godfrey,P., Shenoy,N., Yandava,C., Zeng,Q., Kramer,L., Nusbaum,C., Birren,B.",Broad Institute of MIT and Harvard,USA,1/10/11,WNV-1/US/BID-V4704/2002,Orthoflavivirus nilense,10454,complete,USA: New York,USA,NY,Corvus brachyrhynchos,brain,2002,Lineage_1
HQ671723,West Nile virus,GenBank,set:HQ671723,"Henn,M.R., Newman,R.M., Young,D., Ciota,A., Levin,J., Malboeuf,C., Casali,M., Russ,C., Lennon,N., Erlich,R., Anderson,S., Rizzolo,K., Green,L., Ryan,E., Yu,Q., Young,S., Berlin,A., Heiman,D., Sykes,S., Koehrsen,M., Borenstein,D., Engels,R., Freedman,E., Gellesch,M., Heilman,E., Howarth,C., Jen,D., Larson,L., Neiman,D., Park,D., Pearson,M., Roberts,A., Sisk,P., Stolte,C., White,J., Alvarado,L., Godfrey,P., Shenoy,N., Yandava,C., Zeng,Q., Kramer,L., Nusbaum,C., Birren,B.",Broad Institute of MIT and Harvard,USA,1/10/11,WNV-1/US/BID-V4715/2003,Orthoflavivirus nilense,10608,complete,USA: New York,USA,NY,Corvus brachyrhynchos,brain,2003,Lineage_1
HQ671724,West Nile virus,GenBank,set:HQ671724,"Henn,M.R., Newman,R.M., Young,D., Ciota,A., Levin,J., Malboeuf,C., Casali,M., Russ,C., Lennon,N., Erlich,R., Anderson,S., Rizzolo,K., Green,L., Ryan,E., Yu,Q., Young,S., Berlin,A., Heiman,D., Sykes,S., Koehrsen,M., Borenstein,D., Engels,R., Freedman,E., Gellesch,M., Heilman,E., Howarth,C., Jen,D., Larson,L., Neiman,D., Park,D., Pearson,M., Roberts,A., Sisk,P., Stolte,C., White,J., Alvarado,L., Godfrey,P., Shenoy,N., Yandava,C., Zeng,Q., Kramer,L., Nusbaum,C., Birren,B.",Broad Institute of MIT and Harvard,USA,1/10/11,WNV-1/US/BID-V4883/2005,Orthoflavivirus nilense,10389,complete,USA: New York,USA,NY,Corvus brachyrhynchos,brain,2005,Lineage_1
HQ671725,West Nile virus,GenBank,set:HQ671725,"Henn,M.R., Newman,R.M., Young,D., Ciota,A., Levin,J., Malboeuf,C., Casali,M., Russ,C., Lennon,N., Erlich,R., Anderson,S., Rizzolo,K., Green,L., Ryan,E., Yu,Q., Young,S., Berlin,A., Heiman,D., Sykes,S., Koehrsen,M., Borenstein,D., Engels,R., Freedman,E., Gellesch,M., Heilman,E., Howarth,C., Jen,D., Larson,L., Neiman,D., Park,D., Pearson,M., Roberts,A., Sisk,P., Stolte,C., White,J., Alvarado,L., Godfrey,P., Shenoy,N., Yandava,C., Zeng,Q., Kramer,L., Nusbaum,C., Birren,B.",Broad Institute of MIT and Harvard,USA,1/10/11,WNV-1/US/BID-V4885/2005,Orthoflavivirus nilense,10613,complete,USA: New York,USA,NY,Corvus brachyrhynchos,brain,2005,Lineage_1
HQ671726,West Nile virus,GenBank,set:HQ671726,"Henn,M.R., Newman,R.M., Young,D., Ciota,A., Levin,J., Malboeuf,C., Casali,M., Russ,C., Lennon,N., Erlich,R., Anderson,S., Rizzolo,K., Green,L., Ryan,E., Yu,Q., Young,S., Berlin,A., Heiman,D., Sykes,S., Koehrsen,M., Borenstein,D., Engels,R., Freedman,E., Gellesch,M., Heilman,E., Howarth,C., Jen,D., Larson,L., Neiman,D., Park,D., Pearson,M., Roberts,A., Sisk,P., Stolte,C., White,J., Alvarado,L., Godfrey,P., Shenoy,N., Yandava,C., Zeng,Q., Kramer,L., Nusbaum,C., Birren,B.",Broad Institute of MIT and Harvard,USA,1/10/11,WNV-1/US/BID-V4887/2005,Orthoflavivirus nilense,10613,complete,USA: New York,USA,NY,Corvus brachyrhynchos,brain,2005,Lineage_1
HQ671728,West Nile virus,GenBank,set:HQ671728,"Henn,M.R., Newman,R.M., Young,D., Ciota,A., Levin,J., Malboeuf,C., Casali,M., Russ,C., Lennon,N., Erlich,R., Anderson,S., Rizzolo,K., Green,L., Ryan,E., Yu,Q., Young,S., Berlin,A., Heiman,D., Sykes,S., Koehrsen,M., Borenstein,D., Engels,R., Freedman,E., Gellesch,M., Heilman,E., Howarth,C., Jen,D., Larson,L., Neiman,D., Park,D., Pearson,M., Roberts,A., Sisk,P., Stolte,C., White,J., Alvarado,L., Godfrey,P., Shenoy,N., Yandava,C., Zeng,Q., Kramer,L., Nusbaum,C., Birren,B.",Broad Institute of MIT and Harvard,USA,1/10/11,WNV-1/US/BID-V4891/2006,Orthoflavivirus nilense,10614,complete,USA: New York,USA,NY,Corvus brachyrhynchos,brain,2006,Lineage_1
HQ671729,West Nile virus,GenBank,set:HQ671729,"Henn,M.R., Newman,R.M., Young,D., Ciota,A., Levin,J., Malboeuf,C., Casali,M., Russ,C., Lennon,N., Erlich,R., Anderson,S., Rizzolo,K., Green,L., Ryan,E., Yu,Q., Young,S., Berlin,A., Heiman,D., Sykes,S., Koehrsen,M., Borenstein,D., Engels,R., Freedman,E., Gellesch,M., Heilman,E., Howarth,C., Jen,D., Larson,L., Neiman,D., Park,D., Pearson,M., Roberts,A., Sisk,P., Stolte,C., White,J., Alvarado,L., Godfrey,P., Shenoy,N., Yandava,C., Zeng,Q., Kramer,L., Nusbaum,C., Birren,B.",Broad Institute of MIT and Harvard,USA,1/10/11,WNV-1/US/BID-V4892/2006,Orthoflavivirus nilense,10613,complete,USA: New York,USA,NY,Corvus brachyrhynchos,brain,2006,Lineage_1
HQ671730,West Nile virus,GenBank,set:HQ671730,"Henn,M.R., Newman,R.M., Young,D., Ciota,A., Levin,J., Malboeuf,C., Casali,M., Russ,C., Lennon,N., Erlich,R., Anderson,S., Rizzolo,K., Green,L., Ryan,E., Yu,Q., Young,S., Berlin,A., Heiman,D., Sykes,S., Koehrsen,M., Borenstein,D., Engels,R., Freedman,E., Gellesch,M., Heilman,E., Howarth,C., Jen,D., Larson,L., Neiman,D., Park,D., Pearson,M., Roberts,A., Sisk,P., Stolte,C., White,J., Alvarado,L., Godfrey,P., Shenoy,N., Yandava,C., Zeng,Q., Kramer,L., Nusbaum,C., Birren,B.",Broad Institute of MIT and Harvard,USA,1/10/11,WNV-1/US/BID-V4897/2007,Orthoflavivirus nilense,10609,complete,USA: New York,USA,NY,Corvus brachyrhynchos,brain,2007,Lineage_1
HQ705659,West Nile virus,GenBank,set:HQ705659,"Henn,M.R., Newman,R.M., Levin,J., Malboeuf,C., Casali,M., Russ,C., Lennon,N., Erlich,R., Anderson,S., Rizzolo,K., Green,L., Ryan,E., Yu,Q., Young,S., Berlin,A., Heiman,D., Sykes,S., Koehrsen,M., Borenstein,D., Engels,R., Freedman,E., Gellesch,M., Heilman,E., Howarth,C., Jen,D., Larson,L., Neiman,D., Park,D., Pearson,M., Roberts,A., Sisk,P., Stolte,C., White,J., Alvarado,L., Godfrey,P., Shenoy,N., Yandava,C., Zeng,Q., Armstrong,P., Anderson,J., Andreadis,T., Vossbrinck,C., Nusbaum,C., Ebel,G., Birren,B.",Broad Institute of MIT and Harvard,USA,1/10/11,WNV-1/US/BID-V4209/2003,Orthoflavivirus nilense,10522,complete,USA: Connecticut,USA,CT,Aedes cinereus,NA,2003,Lineage_1
HQ705660,West Nile virus,GenBank,set:HQ705660,"Henn,M.R., Newman,R.M., Young,D., Ciota,A., Levin,J., Malboeuf,C., Casali,M., Russ,C., Lennon,N., Erlich,R., Anderson,S., Rizzolo,K., Green,L., Ryan,E., Yu,Q., Young,S., Berlin,A., Heiman,D., Sykes,S., Koehrsen,M., Borenstein,D., Engels,R., Freedman,E., Gellesch,M., Heilman,E., Howarth,C., Jen,D., Larson,L., Neiman,D., Park,D., Pearson,M., Roberts,A., Sisk,P., Stolte,C., White,J., Alvarado,L., Godfrey,P., Shenoy,N., Yandava,C., Zeng,Q., Kramer,L., Nusbaum,C., Birren,B.",Broad Institute of MIT and Harvard,USA,1/10/11,WNV-1/US/BID-V4714/2003,Orthoflavivirus nilense,10608,complete,USA: New York,USA,NY,Corvus brachyrhynchos,brain,2003,Lineage_1
HQ705669,West Nile virus,GenBank,set:HQ705669,"Henn,M.R., Newman,R.M., Levin,J., Malboeuf,C., Casali,M., Russ,C., Lennon,N., Erlich,R., Anderson,S., Rizzolo,K., Green,L., Ryan,E., Yu,Q., Young,S., Berlin,A., Heiman,D., Sykes,S., Koehrsen,M., Borenstein,D., Engels,R., Freedman,E., Gellesch,M., Heilman,E., Howarth,C., Jen,D., Larson,L., Neiman,D., Park,D., Pearson,M., Roberts,A., Sisk,P., Stolte,C., White,J., Alvarado,L., Godfrey,P., Shenoy,N., Yandava,C., Zeng,Q., Goldberg,T.L., Kitron,U.D., Ruiz,M.O., Walker,E.D., Brawn,J.D., Loss,S.R., Hamer,G.L., Nusbaum,C., Ebel,G., Birren,B.",Broad Institute of MIT and Harvard,USA,1/10/11,WNV-1/US/BID-V4342/2002,Orthoflavivirus nilense,10451,complete,USA: Illinois,USA,IL,Cyanocitta cristata,NA,2002,Lineage_1
HQ596519,West Nile virus,GenBank,set:HQ596519,"Audsley,M., Edmonds,J., Liu,W., Mokhonov,V., Mokhonova,E., Melian,E.B., Prow,N., Hall,R.A., Khromykh,A.A., Khromykh,A.","University of Queensland, School of Chemistry and Molecular Biosciences",Australia,12/26/10,4132,Orthoflavivirus nilense,11029,complete,USA,USA,NA,Corvus,NA,1999,Lineage_1
HM488122,West Nile virus,GenBank,set:HM488122,"Armstrong,P.M., Vossbrinck,C.R., Andreadis,T.G., Anderson,J.F., Pesko,K.N., Newman,R.M., Lennon,N.J., Birren,B.W., Ebel,G.D., Henn,M.R., Levin,J., Malboeuf,C., Casali,M., Russ,C., Lennon,N., Erlich,R., Anderson,S., Rizzolo,K., Green,L., Ryan,E., Yu,Q., Young,S., Berlin,A., Heiman,D., Sykes,S., Koehrsen,M., Borenstein,D., Engels,R., Freedman,E., Gellesch,M., Heilman,E., Howarth,C., Jen,D., Larson,L., Neiman,D., Park,D., Pearson,M., Roberts,A., Sisk,P., Stolte,C., White,J., Alvarado,L., Godfrey,P., Shenoy,N., Yandava,C., Zeng,Q., Armstrong,P., Anderson,J., Andreadis,T., Vossbrinck,C., Nusbaum,C., Ebel,G., Birren,B.",Broad Institute of MIT and Harvard,USA,9/22/10,WNV-1/CTFS/BID-V4111/2006,Orthoflavivirus nilense,10617,complete,NA,NA,NA,Culex pipiens,NA,2006,Lineage_1
HM488123,West Nile virus,GenBank,set:HM488123,"Armstrong,P.M., Vossbrinck,C.R., Andreadis,T.G., Anderson,J.F., Pesko,K.N., Newman,R.M., Lennon,N.J., Birren,B.W., Ebel,G.D., Henn,M.R., Levin,J., Malboeuf,C., Casali,M., Russ,C., Lennon,N., Erlich,R., Anderson,S., Rizzolo,K., Green,L., Ryan,E., Yu,Q., Young,S., Berlin,A., Heiman,D., Sykes,S., Koehrsen,M., Borenstein,D., Engels,R., Freedman,E., Gellesch,M., Heilman,E., Howarth,C., Jen,D., Larson,L., Neiman,D., Park,D., Pearson,M., Roberts,A., Sisk,P., Stolte,C., White,J., Alvarado,L., Godfrey,P., Shenoy,N., Yandava,C., Zeng,Q., Armstrong,P., Anderson,J., Andreadis,T., Vossbrinck,C., Nusbaum,C., Ebel,G., Birren,B.",Broad Institute of MIT and Harvard,USA,9/22/10,WNV-1/CTFS/BID-V4112/2006,Orthoflavivirus nilense,10449,complete,NA,NA,NA,Culex pipiens,NA,2006,Lineage_1
HM488124,West Nile virus,GenBank,set:HM488124,"Armstrong,P.M., Vossbrinck,C.R., Andreadis,T.G., Anderson,J.F., Pesko,K.N., Newman,R.M., Lennon,N.J., Birren,B.W., Ebel,G.D., Henn,M.R., Levin,J., Malboeuf,C., Casali,M., Russ,C., Lennon,N., Erlich,R., Anderson,S., Rizzolo,K., Green,L., Ryan,E., Yu,Q., Young,S., Berlin,A., Heiman,D., Sykes,S., Koehrsen,M., Borenstein,D., Engels,R., Freedman,E., Gellesch,M., Heilman,E., Howarth,C., Jen,D., Larson,L., Neiman,D., Park,D., Pearson,M., Roberts,A., Sisk,P., Stolte,C., White,J., Alvarado,L., Godfrey,P., Shenoy,N., Yandava,C., Zeng,Q., Armstrong,P., Anderson,J., Andreadis,T., Vossbrinck,C., Nusbaum,C., Ebel,G., Birren,B.",Broad Institute of MIT and Harvard,USA,9/22/10,WNV-1/CTFS/BID-V4113/2006,Orthoflavivirus nilense,10622,complete,NA,NA,NA,Mesocricetus auratus,NA,2006,Lineage_1
HM488114,West Nile virus,GenBank,set:HM488114,"Armstrong,P.M., Vossbrinck,C.R., Andreadis,T.G., Anderson,J.F., Pesko,K.N., Newman,R.M., Lennon,N.J., Birren,B.W., Ebel,G.D., Henn,M.R., Levin,J., Malboeuf,C., Casali,M., Russ,C., Lennon,N., Erlich,R., Anderson,S., Rizzolo,K., Green,L., Ryan,E., Yu,Q., Young,S., Berlin,A., Heiman,D., Sykes,S., Koehrsen,M., Borenstein,D., Engels,R., Freedman,E., Gellesch,M., Heilman,E., Howarth,C., Jen,D., Larson,L., Neiman,D., Park,D., Pearson,M., Roberts,A., Sisk,P., Stolte,C., White,J., Alvarado,L., Godfrey,P., Shenoy,N., Yandava,C., Zeng,Q., Armstrong,P., Anderson,J., Andreadis,T., Vossbrinck,C., Nusbaum,C., Ebel,G., Birren,B.",Broad Institute of MIT and Harvard,USA,8/14/10,WNV-1/US/BID-V4102/2002,Orthoflavivirus nilense,11020,complete,USA: Connecticut,USA,CT,Aedes cinereus,NA,2002,Lineage_1
HM488115,West Nile virus,GenBank,set:HM488115,"Armstrong,P.M., Vossbrinck,C.R., Andreadis,T.G., Anderson,J.F., Pesko,K.N., Newman,R.M., Lennon,N.J., Birren,B.W., Ebel,G.D., Henn,M.R., Levin,J., Malboeuf,C., Casali,M., Russ,C., Lennon,N., Erlich,R., Anderson,S., Rizzolo,K., Green,L., Ryan,E., Yu,Q., Young,S., Berlin,A., Heiman,D., Sykes,S., Koehrsen,M., Borenstein,D., Engels,R., Freedman,E., Gellesch,M., Heilman,E., Howarth,C., Jen,D., Larson,L., Neiman,D., Park,D., Pearson,M., Roberts,A., Sisk,P., Stolte,C., White,J., Alvarado,L., Godfrey,P., Shenoy,N., Yandava,C., Zeng,Q., Armstrong,P., Anderson,J., Andreadis,T., Vossbrinck,C., Nusbaum,C., Ebel,G., Birren,B.",Broad Institute of MIT and Harvard,USA,8/14/10,WNV-1/US/BID-V4103/2005,Orthoflavivirus nilense,10621,complete,USA: Connecticut,USA,CT,Culex salinarius,NA,2005,Lineage_1
HM488116,West Nile virus,GenBank,set:HM488116,"Armstrong,P.M., Vossbrinck,C.R., Andreadis,T.G., Anderson,J.F., Pesko,K.N., Newman,R.M., Lennon,N.J., Birren,B.W., Ebel,G.D., Henn,M.R., Levin,J., Malboeuf,C., Casali,M., Russ,C., Lennon,N., Erlich,R., Anderson,S., Rizzolo,K., Green,L., Ryan,E., Yu,Q., Young,S., Berlin,A., Heiman,D., Sykes,S., Koehrsen,M., Borenstein,D., Engels,R., Freedman,E., Gellesch,M., Heilman,E., Howarth,C., Jen,D., Larson,L., Neiman,D., Park,D., Pearson,M., Roberts,A., Sisk,P., Stolte,C., White,J., Alvarado,L., Godfrey,P., Shenoy,N., Yandava,C., Zeng,Q., Armstrong,P., Anderson,J., Andreadis,T., Vossbrinck,C., Nusbaum,C., Ebel,G., Birren,B.",Broad Institute of MIT and Harvard,USA,8/14/10,WNV-1/US/BID-V4104/2005,Orthoflavivirus nilense,10904,complete,USA: Connecticut,USA,CT,Culex pipiens,NA,2005,Lineage_1
HM488117,West Nile virus,GenBank,set:HM488117,"Armstrong,P.M., Vossbrinck,C.R., Andreadis,T.G., Anderson,J.F., Pesko,K.N., Newman,R.M., Lennon,N.J., Birren,B.W., Ebel,G.D., Henn,M.R., Levin,J., Malboeuf,C., Casali,M., Russ,C., Lennon,N., Erlich,R., Anderson,S., Rizzolo,K., Green,L., Ryan,E., Yu,Q., Young,S., Berlin,A., Heiman,D., Sykes,S., Koehrsen,M., Borenstein,D., Engels,R., Freedman,E., Gellesch,M., Heilman,E., Howarth,C., Jen,D., Larson,L., Neiman,D., Park,D., Pearson,M., Roberts,A., Sisk,P., Stolte,C., White,J., Alvarado,L., Godfrey,P., Shenoy,N., Yandava,C., Zeng,Q., Armstrong,P., Anderson,J., Andreadis,T., Vossbrinck,C., Nusbaum,C., Ebel,G., Birren,B.",Broad Institute of MIT and Harvard,USA,8/14/10,WNV-1/US/BID-V4105/2005,Orthoflavivirus nilense,10621,complete,USA: Connecticut,USA,CT,Ochlerotatus triseriatus,NA,2005,Lineage_1
HM488118,West Nile virus,GenBank,set:HM488118,"Armstrong,P.M., Vossbrinck,C.R., Andreadis,T.G., Anderson,J.F., Pesko,K.N., Newman,R.M., Lennon,N.J., Birren,B.W., Ebel,G.D., Henn,M.R., Levin,J., Malboeuf,C., Casali,M., Russ,C., Lennon,N., Erlich,R., Anderson,S., Rizzolo,K., Green,L., Ryan,E., Yu,Q., Young,S., Berlin,A., Heiman,D., Sykes,S., Koehrsen,M., Borenstein,D., Engels,R., Freedman,E., Gellesch,M., Heilman,E., Howarth,C., Jen,D., Larson,L., Neiman,D., Park,D., Pearson,M., Roberts,A., Sisk,P., Stolte,C., White,J., Alvarado,L., Godfrey,P., Shenoy,N., Yandava,C., Zeng,Q., Armstrong,P., Anderson,J., Andreadis,T., Vossbrinck,C., Nusbaum,C., Ebel,G., Birren,B.",Broad Institute of MIT and Harvard,USA,8/14/10,WNV-1/US/BID-V4107/2005,Orthoflavivirus nilense,10622,complete,USA: Connecticut,USA,CT,Culex pipiens,NA,2005,Lineage_1
HM488119,West Nile virus,GenBank,set:HM488119,"Armstrong,P.M., Vossbrinck,C.R., Andreadis,T.G., Anderson,J.F., Pesko,K.N., Newman,R.M., Lennon,N.J., Birren,B.W., Ebel,G.D., Henn,M.R., Levin,J., Malboeuf,C., Casali,M., Russ,C., Lennon,N., Erlich,R., Anderson,S., Rizzolo,K., Green,L., Ryan,E., Yu,Q., Young,S., Berlin,A., Heiman,D., Sykes,S., Koehrsen,M., Borenstein,D., Engels,R., Freedman,E., Gellesch,M., Heilman,E., Howarth,C., Jen,D., Larson,L., Neiman,D., Park,D., Pearson,M., Roberts,A., Sisk,P., Stolte,C., White,J., Alvarado,L., Godfrey,P., Shenoy,N., Yandava,C., Zeng,Q., Armstrong,P., Anderson,J., Andreadis,T., Vossbrinck,C., Nusbaum,C., Ebel,G., Birren,B.",Broad Institute of MIT and Harvard,USA,8/14/10,WNV-1/US/BID-V4108/2005,Orthoflavivirus nilense,10622,complete,USA: Connecticut,USA,CT,Culex pipiens,NA,2005,Lineage_1
HM488120,West Nile virus,GenBank,set:HM488120,"Armstrong,P.M., Vossbrinck,C.R., Andreadis,T.G., Anderson,J.F., Pesko,K.N., Newman,R.M., Lennon,N.J., Birren,B.W., Ebel,G.D., Henn,M.R., Levin,J., Malboeuf,C., Casali,M., Russ,C., Lennon,N., Erlich,R., Anderson,S., Rizzolo,K., Green,L., Ryan,E., Yu,Q., Young,S., Berlin,A., Heiman,D., Sykes,S., Koehrsen,M., Borenstein,D., Engels,R., Freedman,E., Gellesch,M., Heilman,E., Howarth,C., Jen,D., Larson,L., Neiman,D., Park,D., Pearson,M., Roberts,A., Sisk,P., Stolte,C., White,J., Alvarado,L., Godfrey,P., Shenoy,N., Yandava,C., Zeng,Q., Armstrong,P., Anderson,J., Andreadis,T., Vossbrinck,C., Nusbaum,C., Ebel,G., Birren,B.",Broad Institute of MIT and Harvard,USA,8/14/10,WNV-1/US/BID-V4109/2005,Orthoflavivirus nilense,10621,complete,USA: Connecticut,USA,CT,Culex pipiens,NA,2005,Lineage_1
HM488121,West Nile virus,GenBank,set:HM488121,"Armstrong,P.M., Vossbrinck,C.R., Andreadis,T.G., Anderson,J.F., Pesko,K.N., Newman,R.M., Lennon,N.J., Birren,B.W., Ebel,G.D., Henn,M.R., Levin,J., Malboeuf,C., Casali,M., Russ,C., Lennon,N., Erlich,R., Anderson,S., Rizzolo,K., Green,L., Ryan,E., Yu,Q., Young,S., Berlin,A., Heiman,D., Sykes,S., Koehrsen,M., Borenstein,D., Engels,R., Freedman,E., Gellesch,M., Heilman,E., Howarth,C., Jen,D., Larson,L., Neiman,D., Park,D., Pearson,M., Roberts,A., Sisk,P., Stolte,C., White,J., Alvarado,L., Godfrey,P., Shenoy,N., Yandava,C., Zeng,Q., Armstrong,P., Anderson,J., Andreadis,T., Vossbrinck,C., Nusbaum,C., Ebel,G., Birren,B.",Broad Institute of MIT and Harvard,USA,8/14/10,WNV-1/US/BID-V4110/2005,Orthoflavivirus nilense,10718,complete,USA: Connecticut,USA,CT,Culex pipiens,NA,2005,Lineage_1
HM488125,West Nile virus,GenBank,set:HM488125,"Armstrong,P.M., Vossbrinck,C.R., Andreadis,T.G., Anderson,J.F., Pesko,K.N., Newman,R.M., Lennon,N.J., Birren,B.W., Ebel,G.D., Henn,M.R., Levin,J., Malboeuf,C., Casali,M., Russ,C., Lennon,N., Erlich,R., Anderson,S., Rizzolo,K., Green,L., Ryan,E., Yu,Q., Young,S., Berlin,A., Heiman,D., Sykes,S., Koehrsen,M., Borenstein,D., Engels,R., Freedman,E., Gellesch,M., Heilman,E., Howarth,C., Jen,D., Larson,L., Neiman,D., Park,D., Pearson,M., Roberts,A., Sisk,P., Stolte,C., White,J., Alvarado,L., Godfrey,P., Shenoy,N., Yandava,C., Zeng,Q., Armstrong,P., Anderson,J., Andreadis,T., Vossbrinck,C., Nusbaum,C., Ebel,G., Birren,B.",Broad Institute of MIT and Harvard,USA,8/14/10,WNV-1/US/BID-V4186/1999,Orthoflavivirus nilense,10516,complete,USA: Connecticut,USA,CT,Corvus brachyrhynchos,NA,1999,Lineage_1
HM488126,West Nile virus,GenBank,set:HM488126,"Armstrong,P.M., Vossbrinck,C.R., Andreadis,T.G., Anderson,J.F., Pesko,K.N., Newman,R.M., Lennon,N.J., Birren,B.W., Ebel,G.D., Henn,M.R., Levin,J., Malboeuf,C., Casali,M., Russ,C., Lennon,N., Erlich,R., Anderson,S., Rizzolo,K., Green,L., Ryan,E., Yu,Q., Young,S., Berlin,A., Heiman,D., Sykes,S., Koehrsen,M., Borenstein,D., Engels,R., Freedman,E., Gellesch,M., Heilman,E., Howarth,C., Jen,D., Larson,L., Neiman,D., Park,D., Pearson,M., Roberts,A., Sisk,P., Stolte,C., White,J., Alvarado,L., Godfrey,P., Shenoy,N., Yandava,C., Zeng,Q., Armstrong,P., Anderson,J., Andreadis,T., Vossbrinck,C., Nusbaum,C., Ebel,G., Birren,B.",Broad Institute of MIT and Harvard,USA,8/14/10,WNV-1/US/BID-V4187/1999,Orthoflavivirus nilense,10598,complete,USA: Connecticut,USA,CT,Corvus brachyrhynchos,NA,1999,Lineage_1
HM488127,West Nile virus,GenBank,set:HM488127,"Armstrong,P.M., Vossbrinck,C.R., Andreadis,T.G., Anderson,J.F., Pesko,K.N., Newman,R.M., Lennon,N.J., Birren,B.W., Ebel,G.D., Henn,M.R., Levin,J., Malboeuf,C., Casali,M., Russ,C., Lennon,N., Erlich,R., Anderson,S., Rizzolo,K., Green,L., Ryan,E., Yu,Q., Young,S., Berlin,A., Heiman,D., Sykes,S., Koehrsen,M., Borenstein,D., Engels,R., Freedman,E., Gellesch,M., Heilman,E., Howarth,C., Jen,D., Larson,L., Neiman,D., Park,D., Pearson,M., Roberts,A., Sisk,P., Stolte,C., White,J., Alvarado,L., Godfrey,P., Shenoy,N., Yandava,C., Zeng,Q., Armstrong,P., Anderson,J., Andreadis,T., Vossbrinck,C., Nusbaum,C., Ebel,G., Birren,B.",Broad Institute of MIT and Harvard,USA,8/14/10,WNV-1/US/BID-V4188/1999,Orthoflavivirus nilense,10625,complete,USA: Connecticut,USA,CT,Corvus brachyrhynchos,NA,1999,Lineage_1
HM488128,West Nile virus,GenBank,set:HM488128,"Armstrong,P.M., Vossbrinck,C.R., Andreadis,T.G., Anderson,J.F., Pesko,K.N., Newman,R.M., Lennon,N.J., Birren,B.W., Ebel,G.D., Henn,M.R., Levin,J., Malboeuf,C., Casali,M., Russ,C., Lennon,N., Erlich,R., Anderson,S., Rizzolo,K., Green,L., Ryan,E., Yu,Q., Young,S., Berlin,A., Heiman,D., Sykes,S., Koehrsen,M., Borenstein,D., Engels,R., Freedman,E., Gellesch,M., Heilman,E., Howarth,C., Jen,D., Larson,L., Neiman,D., Park,D., Pearson,M., Roberts,A., Sisk,P., Stolte,C., White,J., Alvarado,L., Godfrey,P., Shenoy,N., Yandava,C., Zeng,Q., Armstrong,P., Anderson,J., Andreadis,T., Vossbrinck,C., Nusbaum,C., Ebel,G., Birren,B.",Broad Institute of MIT and Harvard,USA,8/14/10,WNV-1/US/BID-V4189/1999,Orthoflavivirus nilense,10616,complete,USA: Connecticut,USA,CT,Corvus brachyrhynchos,NA,1999,Lineage_1
HM488129,West Nile virus,GenBank,set:HM488129,"Armstrong,P.M., Vossbrinck,C.R., Andreadis,T.G., Anderson,J.F., Pesko,K.N., Newman,R.M., Lennon,N.J., Birren,B.W., Ebel,G.D., Henn,M.R., Levin,J., Malboeuf,C., Casali,M., Russ,C., Lennon,N., Erlich,R., Anderson,S., Rizzolo,K., Green,L., Ryan,E., Yu,Q., Young,S., Berlin,A., Heiman,D., Sykes,S., Koehrsen,M., Borenstein,D., Engels,R., Freedman,E., Gellesch,M., Heilman,E., Howarth,C., Jen,D., Larson,L., Neiman,D., Park,D., Pearson,M., Roberts,A., Sisk,P., Stolte,C., White,J., Alvarado,L., Godfrey,P., Shenoy,N., Yandava,C., Zeng,Q., Armstrong,P., Anderson,J., Andreadis,T., Vossbrinck,C., Nusbaum,C., Ebel,G., Birren,B.",Broad Institute of MIT and Harvard,USA,8/14/10,WNV-1/US/BID-V4191/2000,Orthoflavivirus nilense,10617,complete,USA: Connecticut,USA,CT,Culex salinarius,NA,2000,Lineage_1
HM488130,West Nile virus,GenBank,set:HM488130,"Armstrong,P.M., Vossbrinck,C.R., Andreadis,T.G., Anderson,J.F., Pesko,K.N., Newman,R.M., Lennon,N.J., Birren,B.W., Ebel,G.D., Henn,M.R., Levin,J., Malboeuf,C., Casali,M., Russ,C., Lennon,N., Erlich,R., Anderson,S., Rizzolo,K., Green,L., Ryan,E., Yu,Q., Young,S., Berlin,A., Heiman,D., Sykes,S., Koehrsen,M., Borenstein,D., Engels,R., Freedman,E., Gellesch,M., Heilman,E., Howarth,C., Jen,D., Larson,L., Neiman,D., Park,D., Pearson,M., Roberts,A., Sisk,P., Stolte,C., White,J., Alvarado,L., Godfrey,P., Shenoy,N., Yandava,C., Zeng,Q., Armstrong,P., Anderson,J., Andreadis,T., Vossbrinck,C., Nusbaum,C., Ebel,G., Birren,B.",Broad Institute of MIT and Harvard,USA,8/14/10,WNV-1/US/BID-V4192/2000,Orthoflavivirus nilense,10621,complete,USA: Connecticut,USA,CT,Culex salinarius,NA,2000,Lineage_1
HM488131,West Nile virus,GenBank,set:HM488131,"Armstrong,P.M., Vossbrinck,C.R., Andreadis,T.G., Anderson,J.F., Pesko,K.N., Newman,R.M., Lennon,N.J., Birren,B.W., Ebel,G.D., Henn,M.R., Levin,J., Malboeuf,C., Casali,M., Russ,C., Lennon,N., Erlich,R., Anderson,S., Rizzolo,K., Green,L., Ryan,E., Yu,Q., Young,S., Berlin,A., Heiman,D., Sykes,S., Koehrsen,M., Borenstein,D., Engels,R., Freedman,E., Gellesch,M., Heilman,E., Howarth,C., Jen,D., Larson,L., Neiman,D., Park,D., Pearson,M., Roberts,A., Sisk,P., Stolte,C., White,J., Alvarado,L., Godfrey,P., Shenoy,N., Yandava,C., Zeng,Q., Armstrong,P., Anderson,J., Andreadis,T., Vossbrinck,C., Nusbaum,C., Ebel,G., Birren,B.",Broad Institute of MIT and Harvard,USA,8/14/10,WNV-1/US/BID-V4193/2000,Orthoflavivirus nilense,10620,complete,USA: Connecticut,USA,CT,Culex pipiens,NA,2000,Lineage_1
HM488132,West Nile virus,GenBank,set:HM488132,"Armstrong,P.M., Vossbrinck,C.R., Andreadis,T.G., Anderson,J.F., Pesko,K.N., Newman,R.M., Lennon,N.J., Birren,B.W., Ebel,G.D., Henn,M.R., Levin,J., Malboeuf,C., Casali,M., Russ,C., Lennon,N., Erlich,R., Anderson,S., Rizzolo,K., Green,L., Ryan,E., Yu,Q., Young,S., Berlin,A., Heiman,D., Sykes,S., Koehrsen,M., Borenstein,D., Engels,R., Freedman,E., Gellesch,M., Heilman,E., Howarth,C., Jen,D., Larson,L., Neiman,D., Park,D., Pearson,M., Roberts,A., Sisk,P., Stolte,C., White,J., Alvarado,L., Godfrey,P., Shenoy,N., Yandava,C., Zeng,Q., Armstrong,P., Anderson,J., Andreadis,T., Vossbrinck,C., Nusbaum,C., Ebel,G., Birren,B.",Broad Institute of MIT and Harvard,USA,8/14/10,WNV-1/US/BID-V4194/2000,Orthoflavivirus nilense,10621,complete,USA: Connecticut,USA,CT,Culiseta melanura,NA,2000,Lineage_1
HM488133,West Nile virus,GenBank,set:HM488133,"Armstrong,P.M., Vossbrinck,C.R., Andreadis,T.G., Anderson,J.F., Pesko,K.N., Newman,R.M., Lennon,N.J., Birren,B.W., Ebel,G.D., Henn,M.R., Levin,J., Malboeuf,C., Casali,M., Russ,C., Lennon,N., Erlich,R., Anderson,S., Rizzolo,K., Green,L., Ryan,E., Yu,Q., Young,S., Berlin,A., Heiman,D., Sykes,S., Koehrsen,M., Borenstein,D., Engels,R., Freedman,E., Gellesch,M., Heilman,E., Howarth,C., Jen,D., Larson,L., Neiman,D., Park,D., Pearson,M., Roberts,A., Sisk,P., Stolte,C., White,J., Alvarado,L., Godfrey,P., Shenoy,N., Yandava,C., Zeng,Q., Armstrong,P., Anderson,J., Andreadis,T., Vossbrinck,C., Nusbaum,C., Ebel,G., Birren,B.",Broad Institute of MIT and Harvard,USA,8/14/10,WNV-1/US/BID-V4195/2001,Orthoflavivirus nilense,10621,complete,USA: Connecticut,USA,CT,Culex pipiens,NA,2001,Lineage_1
HM488134,West Nile virus,GenBank,set:HM488134,"Armstrong,P.M., Vossbrinck,C.R., Andreadis,T.G., Anderson,J.F., Pesko,K.N., Newman,R.M., Lennon,N.J., Birren,B.W., Ebel,G.D., Henn,M.R., Levin,J., Malboeuf,C., Casali,M., Russ,C., Lennon,N., Erlich,R., Anderson,S., Rizzolo,K., Green,L., Ryan,E., Yu,Q., Young,S., Berlin,A., Heiman,D., Sykes,S., Koehrsen,M., Borenstein,D., Engels,R., Freedman,E., Gellesch,M., Heilman,E., Howarth,C., Jen,D., Larson,L., Neiman,D., Park,D., Pearson,M., Roberts,A., Sisk,P., Stolte,C., White,J., Alvarado,L., Godfrey,P., Shenoy,N., Yandava,C., Zeng,Q., Armstrong,P., Anderson,J., Andreadis,T., Vossbrinck,C., Nusbaum,C., Ebel,G., Birren,B.",Broad Institute of MIT and Harvard,USA,8/14/10,WNV-1/US/BID-V4198/2001,Orthoflavivirus nilense,10513,complete,USA: Connecticut,USA,CT,Ochlerotatus sollicitans,NA,2001,Lineage_1
HM488136,West Nile virus,GenBank,set:HM488136,"Armstrong,P.M., Vossbrinck,C.R., Andreadis,T.G., Anderson,J.F., Pesko,K.N., Newman,R.M., Lennon,N.J., Birren,B.W., Ebel,G.D., Henn,M.R., Levin,J., Malboeuf,C., Casali,M., Russ,C., Lennon,N., Erlich,R., Anderson,S., Rizzolo,K., Green,L., Ryan,E., Yu,Q., Young,S., Berlin,A., Heiman,D., Sykes,S., Koehrsen,M., Borenstein,D., Engels,R., Freedman,E., Gellesch,M., Heilman,E., Howarth,C., Jen,D., Larson,L., Neiman,D., Park,D., Pearson,M., Roberts,A., Sisk,P., Stolte,C., White,J., Alvarado,L., Godfrey,P., Shenoy,N., Yandava,C., Zeng,Q., Armstrong,P., Anderson,J., Andreadis,T., Vossbrinck,C., Nusbaum,C., Ebel,G., Birren,B.",Broad Institute of MIT and Harvard,USA,8/14/10,WNV-1/US/BID-V4200/2001,Orthoflavivirus nilense,10621,complete,USA: Connecticut,USA,CT,Culex restuans,NA,2001,Lineage_1
HM488137,West Nile virus,GenBank,set:HM488137,"Armstrong,P.M., Vossbrinck,C.R., Andreadis,T.G., Anderson,J.F., Pesko,K.N., Newman,R.M., Lennon,N.J., Birren,B.W., Ebel,G.D., Henn,M.R., Levin,J., Malboeuf,C., Casali,M., Russ,C., Lennon,N., Erlich,R., Anderson,S., Rizzolo,K., Green,L., Ryan,E., Yu,Q., Young,S., Berlin,A., Heiman,D., Sykes,S., Koehrsen,M., Borenstein,D., Engels,R., Freedman,E., Gellesch,M., Heilman,E., Howarth,C., Jen,D., Larson,L., Neiman,D., Park,D., Pearson,M., Roberts,A., Sisk,P., Stolte,C., White,J., Alvarado,L., Godfrey,P., Shenoy,N., Yandava,C., Zeng,Q., Armstrong,P., Anderson,J., Andreadis,T., Vossbrinck,C., Nusbaum,C., Ebel,G., Birren,B.",Broad Institute of MIT and Harvard,USA,8/14/10,WNV-1/US/BID-V4202/2002,Orthoflavivirus nilense,10621,complete,USA: Connecticut,USA,CT,Culex pipiens,NA,2002,Lineage_1
HM488138,West Nile virus,GenBank,set:HM488138,"Armstrong,P.M., Vossbrinck,C.R., Andreadis,T.G., Anderson,J.F., Pesko,K.N., Newman,R.M., Lennon,N.J., Birren,B.W., Ebel,G.D., Henn,M.R., Levin,J., Malboeuf,C., Casali,M., Russ,C., Lennon,N., Erlich,R., Anderson,S., Rizzolo,K., Green,L., Ryan,E., Yu,Q., Young,S., Berlin,A., Heiman,D., Sykes,S., Koehrsen,M., Borenstein,D., Engels,R., Freedman,E., Gellesch,M., Heilman,E., Howarth,C., Jen,D., Larson,L., Neiman,D., Park,D., Pearson,M., Roberts,A., Sisk,P., Stolte,C., White,J., Alvarado,L., Godfrey,P., Shenoy,N., Yandava,C., Zeng,Q., Armstrong,P., Anderson,J., Andreadis,T., Vossbrinck,C., Nusbaum,C., Ebel,G., Birren,B.",Broad Institute of MIT and Harvard,USA,8/14/10,WNV-1/US/BID-V4207/2003,Orthoflavivirus nilense,10621,complete,USA: Connecticut,USA,CT,Culex restuans,NA,2003,Lineage_1
HM488140,West Nile virus,GenBank,set:HM488140,"Armstrong,P.M., Vossbrinck,C.R., Andreadis,T.G., Anderson,J.F., Pesko,K.N., Newman,R.M., Lennon,N.J., Birren,B.W., Ebel,G.D., Henn,M.R., Levin,J., Malboeuf,C., Casali,M., Russ,C., Lennon,N., Erlich,R., Anderson,S., Rizzolo,K., Green,L., Ryan,E., Yu,Q., Young,S., Berlin,A., Heiman,D., Sykes,S., Koehrsen,M., Borenstein,D., Engels,R., Freedman,E., Gellesch,M., Heilman,E., Howarth,C., Jen,D., Larson,L., Neiman,D., Park,D., Pearson,M., Roberts,A., Sisk,P., Stolte,C., White,J., Alvarado,L., Godfrey,P., Shenoy,N., Yandava,C., Zeng,Q., Armstrong,P., Anderson,J., Andreadis,T., Vossbrinck,C., Nusbaum,C., Ebel,G., Birren,B.",Broad Institute of MIT and Harvard,USA,8/14/10,WNV-1/US/BID-V4210/2003,Orthoflavivirus nilense,10466,complete,USA: Connecticut,USA,CT,Aedes vexans,NA,2003,Lineage_1
HM488141,West Nile virus,GenBank,set:HM488141,"Armstrong,P.M., Vossbrinck,C.R., Andreadis,T.G., Anderson,J.F., Pesko,K.N., Newman,R.M., Lennon,N.J., Birren,B.W., Ebel,G.D., Henn,M.R., Levin,J., Malboeuf,C., Casali,M., Russ,C., Lennon,N., Erlich,R., Anderson,S., Rizzolo,K., Green,L., Ryan,E., Yu,Q., Young,S., Berlin,A., Heiman,D., Sykes,S., Koehrsen,M., Borenstein,D., Engels,R., Freedman,E., Gellesch,M., Heilman,E., Howarth,C., Jen,D., Larson,L., Neiman,D., Park,D., Pearson,M., Roberts,A., Sisk,P., Stolte,C., White,J., Alvarado,L., Godfrey,P., Shenoy,N., Yandava,C., Zeng,Q., Armstrong,P., Anderson,J., Andreadis,T., Vossbrinck,C., Nusbaum,C., Ebel,G., Birren,B.",Broad Institute of MIT and Harvard,USA,8/14/10,WNV-1/US/BID-V4212/2003,Orthoflavivirus nilense,10523,complete,USA: Connecticut,USA,CT,Culex pipiens,NA,2003,Lineage_1
HM488142,West Nile virus,GenBank,set:HM488142,"Armstrong,P.M., Vossbrinck,C.R., Andreadis,T.G., Anderson,J.F., Pesko,K.N., Newman,R.M., Lennon,N.J., Birren,B.W., Ebel,G.D., Henn,M.R., Levin,J., Malboeuf,C., Casali,M., Russ,C., Lennon,N., Erlich,R., Anderson,S., Rizzolo,K., Green,L., Ryan,E., Yu,Q., Young,S., Berlin,A., Heiman,D., Sykes,S., Koehrsen,M., Borenstein,D., Engels,R., Freedman,E., Gellesch,M., Heilman,E., Howarth,C., Jen,D., Larson,L., Neiman,D., Park,D., Pearson,M., Roberts,A., Sisk,P., Stolte,C., White,J., Alvarado,L., Godfrey,P., Shenoy,N., Yandava,C., Zeng,Q., Armstrong,P., Anderson,J., Andreadis,T., Vossbrinck,C., Nusbaum,C., Ebel,G., Birren,B.",Broad Institute of MIT and Harvard,USA,8/14/10,WNV-1/US/BID-V4214/2004,Orthoflavivirus nilense,10421,complete,USA: Connecticut,USA,CT,Ochlerotatus triseriatus,NA,2004,Lineage_1
HM488143,West Nile virus,GenBank,set:HM488143,"Armstrong,P.M., Vossbrinck,C.R., Andreadis,T.G., Anderson,J.F., Pesko,K.N., Newman,R.M., Lennon,N.J., Birren,B.W., Ebel,G.D., Henn,M.R., Levin,J., Malboeuf,C., Casali,M., Russ,C., Lennon,N., Erlich,R., Anderson,S., Rizzolo,K., Green,L., Ryan,E., Yu,Q., Young,S., Berlin,A., Heiman,D., Sykes,S., Koehrsen,M., Borenstein,D., Engels,R., Freedman,E., Gellesch,M., Heilman,E., Howarth,C., Jen,D., Larson,L., Neiman,D., Park,D., Pearson,M., Roberts,A., Sisk,P., Stolte,C., White,J., Alvarado,L., Godfrey,P., Shenoy,N., Yandava,C., Zeng,Q., Armstrong,P., Anderson,J., Andreadis,T., Vossbrinck,C., Nusbaum,C., Ebel,G., Birren,B.",Broad Institute of MIT and Harvard,USA,8/14/10,WNV-1/US/BID-V4215/2004,Orthoflavivirus nilense,10621,complete,USA: Connecticut,USA,CT,Aedes cinereus,NA,2004,Lineage_1
HM488144,West Nile virus,GenBank,set:HM488144,"Armstrong,P.M., Vossbrinck,C.R., Andreadis,T.G., Anderson,J.F., Pesko,K.N., Newman,R.M., Lennon,N.J., Birren,B.W., Ebel,G.D., Henn,M.R., Levin,J., Malboeuf,C., Casali,M., Russ,C., Lennon,N., Erlich,R., Anderson,S., Rizzolo,K., Green,L., Ryan,E., Yu,Q., Young,S., Berlin,A., Heiman,D., Sykes,S., Koehrsen,M., Borenstein,D., Engels,R., Freedman,E., Gellesch,M., Heilman,E., Howarth,C., Jen,D., Larson,L., Neiman,D., Park,D., Pearson,M., Roberts,A., Sisk,P., Stolte,C., White,J., Alvarado,L., Godfrey,P., Shenoy,N., Yandava,C., Zeng,Q., Armstrong,P., Anderson,J., Andreadis,T., Vossbrinck,C., Nusbaum,C., Ebel,G., Birren,B.",Broad Institute of MIT and Harvard,USA,8/14/10,WNV-1/US/BID-V4216/2004,Orthoflavivirus nilense,11029,complete,USA: Connecticut,USA,CT,Culex restuans,NA,2004,Lineage_1
HM488145,West Nile virus,GenBank,set:HM488145,"Armstrong,P.M., Vossbrinck,C.R., Andreadis,T.G., Anderson,J.F., Pesko,K.N., Newman,R.M., Lennon,N.J., Birren,B.W., Ebel,G.D., Henn,M.R., Levin,J., Malboeuf,C., Casali,M., Russ,C., Lennon,N., Erlich,R., Anderson,S., Rizzolo,K., Green,L., Ryan,E., Yu,Q., Young,S., Berlin,A., Heiman,D., Sykes,S., Koehrsen,M., Borenstein,D., Engels,R., Freedman,E., Gellesch,M., Heilman,E., Howarth,C., Jen,D., Larson,L., Neiman,D., Park,D., Pearson,M., Roberts,A., Sisk,P., Stolte,C., White,J., Alvarado,L., Godfrey,P., Shenoy,N., Yandava,C., Zeng,Q., Armstrong,P., Anderson,J., Andreadis,T., Vossbrinck,C., Nusbaum,C., Ebel,G., Birren,B.",Broad Institute of MIT and Harvard,USA,8/14/10,WNV-1/US/BID-V4217/2004,Orthoflavivirus nilense,10621,complete,USA: Connecticut,USA,CT,Aedes vexans,NA,2004,Lineage_1
HM488147,West Nile virus,GenBank,set:HM488147,"Armstrong,P.M., Vossbrinck,C.R., Andreadis,T.G., Anderson,J.F., Pesko,K.N., Newman,R.M., Lennon,N.J., Birren,B.W., Ebel,G.D., Henn,M.R., Levin,J., Malboeuf,C., Casali,M., Russ,C., Lennon,N., Erlich,R., Anderson,S., Rizzolo,K., Green,L., Ryan,E., Yu,Q., Young,S., Berlin,A., Heiman,D., Sykes,S., Koehrsen,M., Borenstein,D., Engels,R., Freedman,E., Gellesch,M., Heilman,E., Howarth,C., Jen,D., Larson,L., Neiman,D., Park,D., Pearson,M., Roberts,A., Sisk,P., Stolte,C., White,J., Alvarado,L., Godfrey,P., Shenoy,N., Yandava,C., Zeng,Q., Armstrong,P., Anderson,J., Andreadis,T., Vossbrinck,C., Nusbaum,C., Ebel,G., Birren,B.",Broad Institute of MIT and Harvard,USA,8/14/10,WNV-1/US/BID-V4219/2004,Orthoflavivirus nilense,10621,complete,USA: Connecticut,USA,CT,Culex salinarius,NA,2004,Lineage_1
HM488148,West Nile virus,GenBank,set:HM488148,"Armstrong,P.M., Vossbrinck,C.R., Andreadis,T.G., Anderson,J.F., Pesko,K.N., Newman,R.M., Lennon,N.J., Birren,B.W., Ebel,G.D., Henn,M.R., Levin,J., Malboeuf,C., Casali,M., Russ,C., Lennon,N., Erlich,R., Anderson,S., Rizzolo,K., Green,L., Ryan,E., Yu,Q., Young,S., Berlin,A., Heiman,D., Sykes,S., Koehrsen,M., Borenstein,D., Engels,R., Freedman,E., Gellesch,M., Heilman,E., Howarth,C., Jen,D., Larson,L., Neiman,D., Park,D., Pearson,M., Roberts,A., Sisk,P., Stolte,C., White,J., Alvarado,L., Godfrey,P., Shenoy,N., Yandava,C., Zeng,Q., Armstrong,P., Anderson,J., Andreadis,T., Vossbrinck,C., Nusbaum,C., Ebel,G., Birren,B.",Broad Institute of MIT and Harvard,USA,8/14/10,WNV-1/US/BID-V4220/2004,Orthoflavivirus nilense,10621,complete,USA: Connecticut,USA,CT,Culex pipiens,NA,2004,Lineage_1
HM488149,West Nile virus,GenBank,set:HM488149,"Armstrong,P.M., Vossbrinck,C.R., Andreadis,T.G., Anderson,J.F., Pesko,K.N., Newman,R.M., Lennon,N.J., Birren,B.W., Ebel,G.D., Henn,M.R., Levin,J., Malboeuf,C., Casali,M., Russ,C., Lennon,N., Erlich,R., Anderson,S., Rizzolo,K., Green,L., Ryan,E., Yu,Q., Young,S., Berlin,A., Heiman,D., Sykes,S., Koehrsen,M., Borenstein,D., Engels,R., Freedman,E., Gellesch,M., Heilman,E., Howarth,C., Jen,D., Larson,L., Neiman,D., Park,D., Pearson,M., Roberts,A., Sisk,P., Stolte,C., White,J., Alvarado,L., Godfrey,P., Shenoy,N., Yandava,C., Zeng,Q., Armstrong,P., Anderson,J., Andreadis,T., Vossbrinck,C., Nusbaum,C., Ebel,G., Birren,B.",Broad Institute of MIT and Harvard,USA,8/14/10,WNV-1/US/BID-V4223/2005,Orthoflavivirus nilense,10621,complete,USA: Connecticut,USA,CT,Ochlerotatus cantator,NA,2005,Lineage_1
HM488151,West Nile virus,GenBank,set:HM488151,"Armstrong,P.M., Vossbrinck,C.R., Andreadis,T.G., Anderson,J.F., Pesko,K.N., Newman,R.M., Lennon,N.J., Birren,B.W., Ebel,G.D., Henn,M.R., Levin,J., Malboeuf,C., Casali,M., Russ,C., Lennon,N., Erlich,R., Anderson,S., Rizzolo,K., Green,L., Ryan,E., Yu,Q., Young,S., Berlin,A., Heiman,D., Sykes,S., Koehrsen,M., Borenstein,D., Engels,R., Freedman,E., Gellesch,M., Heilman,E., Howarth,C., Jen,D., Larson,L., Neiman,D., Park,D., Pearson,M., Roberts,A., Sisk,P., Stolte,C., White,J., Alvarado,L., Godfrey,P., Shenoy,N., Yandava,C., Zeng,Q., Armstrong,P., Anderson,J., Andreadis,T., Vossbrinck,C., Nusbaum,C., Ebel,G., Birren,B.",Broad Institute of MIT and Harvard,USA,8/14/10,WNV-1/US/BID-V4225/2005,Orthoflavivirus nilense,10621,complete,USA: Connecticut,USA,CT,Culex pipiens,NA,2005,Lineage_1
HM488152,West Nile virus,GenBank,set:HM488152,"Armstrong,P.M., Vossbrinck,C.R., Andreadis,T.G., Anderson,J.F., Pesko,K.N., Newman,R.M., Lennon,N.J., Birren,B.W., Ebel,G.D., Henn,M.R., Levin,J., Malboeuf,C., Casali,M., Russ,C., Lennon,N., Erlich,R., Anderson,S., Rizzolo,K., Green,L., Ryan,E., Yu,Q., Young,S., Berlin,A., Heiman,D., Sykes,S., Koehrsen,M., Borenstein,D., Engels,R., Freedman,E., Gellesch,M., Heilman,E., Howarth,C., Jen,D., Larson,L., Neiman,D., Park,D., Pearson,M., Roberts,A., Sisk,P., Stolte,C., White,J., Alvarado,L., Godfrey,P., Shenoy,N., Yandava,C., Zeng,Q., Armstrong,P., Anderson,J., Andreadis,T., Vossbrinck,C., Nusbaum,C., Ebel,G., Birren,B.",Broad Institute of MIT and Harvard,USA,8/14/10,WNV-1/US/BID-V4226/2005,Orthoflavivirus nilense,10567,complete,USA: Connecticut,USA,CT,Aedes vexans,NA,2005,Lineage_1
HM488155,West Nile virus,GenBank,set:HM488155,"Armstrong,P.M., Vossbrinck,C.R., Andreadis,T.G., Anderson,J.F., Pesko,K.N., Newman,R.M., Lennon,N.J., Birren,B.W., Ebel,G.D., Henn,M.R., Levin,J., Malboeuf,C., Casali,M., Russ,C., Lennon,N., Erlich,R., Anderson,S., Rizzolo,K., Green,L., Ryan,E., Yu,Q., Young,S., Berlin,A., Heiman,D., Sykes,S., Koehrsen,M., Borenstein,D., Engels,R., Freedman,E., Gellesch,M., Heilman,E., Howarth,C., Jen,D., Larson,L., Neiman,D., Park,D., Pearson,M., Roberts,A., Sisk,P., Stolte,C., White,J., Alvarado,L., Godfrey,P., Shenoy,N., Yandava,C., Zeng,Q., Armstrong,P., Anderson,J., Andreadis,T., Vossbrinck,C., Nusbaum,C., Ebel,G., Birren,B.",Broad Institute of MIT and Harvard,USA,8/14/10,WNV-1/US/BID-V4229/2006,Orthoflavivirus nilense,10617,complete,USA: Connecticut,USA,CT,Culex restuans,NA,2006,Lineage_1
HM488156,West Nile virus,GenBank,set:HM488156,"Armstrong,P.M., Vossbrinck,C.R., Andreadis,T.G., Anderson,J.F., Pesko,K.N., Newman,R.M., Lennon,N.J., Birren,B.W., Ebel,G.D., Henn,M.R., Levin,J., Malboeuf,C., Casali,M., Russ,C., Lennon,N., Erlich,R., Anderson,S., Rizzolo,K., Green,L., Ryan,E., Yu,Q., Young,S., Berlin,A., Heiman,D., Sykes,S., Koehrsen,M., Borenstein,D., Engels,R., Freedman,E., Gellesch,M., Heilman,E., Howarth,C., Jen,D., Larson,L., Neiman,D., Park,D., Pearson,M., Roberts,A., Sisk,P., Stolte,C., White,J., Alvarado,L., Godfrey,P., Shenoy,N., Yandava,C., Zeng,Q., Armstrong,P., Anderson,J., Andreadis,T., Vossbrinck,C., Nusbaum,C., Ebel,G., Birren,B.",Broad Institute of MIT and Harvard,USA,8/14/10,WNV-1/US/BID-V4230/2006,Orthoflavivirus nilense,10621,complete,USA: Connecticut,USA,CT,Culex pipiens,NA,2006,Lineage_1
HM488157,West Nile virus,GenBank,set:HM488157,"Armstrong,P.M., Vossbrinck,C.R., Andreadis,T.G., Anderson,J.F., Pesko,K.N., Newman,R.M., Lennon,N.J., Birren,B.W., Ebel,G.D., Henn,M.R., Levin,J., Malboeuf,C., Casali,M., Russ,C., Lennon,N., Erlich,R., Anderson,S., Rizzolo,K., Green,L., Ryan,E., Yu,Q., Young,S., Berlin,A., Heiman,D., Sykes,S., Koehrsen,M., Borenstein,D., Engels,R., Freedman,E., Gellesch,M., Heilman,E., Howarth,C., Jen,D., Larson,L., Neiman,D., Park,D., Pearson,M., Roberts,A., Sisk,P., Stolte,C., White,J., Alvarado,L., Godfrey,P., Shenoy,N., Yandava,C., Zeng,Q., Armstrong,P., Anderson,J., Andreadis,T., Vossbrinck,C., Nusbaum,C., Ebel,G., Birren,B.",Broad Institute of MIT and Harvard,USA,8/14/10,WNV-1/US/BID-V4231/2006,Orthoflavivirus nilense,10645,complete,USA: Connecticut,USA,CT,Culex pipiens,NA,2006,Lineage_1
HM488158,West Nile virus,GenBank,set:HM488158,"Armstrong,P.M., Vossbrinck,C.R., Andreadis,T.G., Anderson,J.F., Pesko,K.N., Newman,R.M., Lennon,N.J., Birren,B.W., Ebel,G.D., Henn,M.R., Levin,J., Malboeuf,C., Casali,M., Russ,C., Lennon,N., Erlich,R., Anderson,S., Rizzolo,K., Green,L., Ryan,E., Yu,Q., Young,S., Berlin,A., Heiman,D., Sykes,S., Koehrsen,M., Borenstein,D., Engels,R., Freedman,E., Gellesch,M., Heilman,E., Howarth,C., Jen,D., Larson,L., Neiman,D., Park,D., Pearson,M., Roberts,A., Sisk,P., Stolte,C., White,J., Alvarado,L., Godfrey,P., Shenoy,N., Yandava,C., Zeng,Q., Armstrong,P., Anderson,J., Andreadis,T., Vossbrinck,C., Nusbaum,C., Ebel,G., Birren,B.",Broad Institute of MIT and Harvard,USA,8/14/10,WNV-1/US/BID-V4232/2006,Orthoflavivirus nilense,10504,complete,USA: Connecticut,USA,CT,Culex pipiens,NA,2006,Lineage_1
HM488159,West Nile virus,GenBank,set:HM488159,"Armstrong,P.M., Vossbrinck,C.R., Andreadis,T.G., Anderson,J.F., Pesko,K.N., Newman,R.M., Lennon,N.J., Birren,B.W., Ebel,G.D., Henn,M.R., Levin,J., Malboeuf,C., Casali,M., Russ,C., Lennon,N., Erlich,R., Anderson,S., Rizzolo,K., Green,L., Ryan,E., Yu,Q., Young,S., Berlin,A., Heiman,D., Sykes,S., Koehrsen,M., Borenstein,D., Engels,R., Freedman,E., Gellesch,M., Heilman,E., Howarth,C., Jen,D., Larson,L., Neiman,D., Park,D., Pearson,M., Roberts,A., Sisk,P., Stolte,C., White,J., Alvarado,L., Godfrey,P., Shenoy,N., Yandava,C., Zeng,Q., Armstrong,P., Anderson,J., Andreadis,T., Vossbrinck,C., Nusbaum,C., Ebel,G., Birren,B.",Broad Institute of MIT and Harvard,USA,8/14/10,WNV-1/US/BID-V4233/2006,Orthoflavivirus nilense,10434,complete,USA: Connecticut,USA,CT,Culex salinarius,NA,2006,Lineage_1
HM488160,West Nile virus,GenBank,set:HM488160,"Armstrong,P.M., Vossbrinck,C.R., Andreadis,T.G., Anderson,J.F., Pesko,K.N., Newman,R.M., Lennon,N.J., Birren,B.W., Ebel,G.D., Henn,M.R., Levin,J., Malboeuf,C., Casali,M., Russ,C., Lennon,N., Erlich,R., Anderson,S., Rizzolo,K., Green,L., Ryan,E., Yu,Q., Young,S., Berlin,A., Heiman,D., Sykes,S., Koehrsen,M., Borenstein,D., Engels,R., Freedman,E., Gellesch,M., Heilman,E., Howarth,C., Jen,D., Larson,L., Neiman,D., Park,D., Pearson,M., Roberts,A., Sisk,P., Stolte,C., White,J., Alvarado,L., Godfrey,P., Shenoy,N., Yandava,C., Zeng,Q., Armstrong,P., Anderson,J., Andreadis,T., Vossbrinck,C., Nusbaum,C., Ebel,G., Birren,B.",Broad Institute of MIT and Harvard,USA,8/14/10,WNV-1/US/BID-V4355/2006,Orthoflavivirus nilense,10617,complete,USA: Connecticut,USA,CT,Culex pipiens,NA,2006,Lineage_1
HM488161,West Nile virus,GenBank,set:HM488161,"Armstrong,P.M., Vossbrinck,C.R., Andreadis,T.G., Anderson,J.F., Pesko,K.N., Newman,R.M., Lennon,N.J., Birren,B.W., Ebel,G.D., Henn,M.R., Levin,J., Malboeuf,C., Casali,M., Russ,C., Lennon,N., Erlich,R., Anderson,S., Rizzolo,K., Green,L., Ryan,E., Yu,Q., Young,S., Berlin,A., Heiman,D., Sykes,S., Koehrsen,M., Borenstein,D., Engels,R., Freedman,E., Gellesch,M., Heilman,E., Howarth,C., Jen,D., Larson,L., Neiman,D., Park,D., Pearson,M., Roberts,A., Sisk,P., Stolte,C., White,J., Alvarado,L., Godfrey,P., Shenoy,N., Yandava,C., Zeng,Q., Armstrong,P., Anderson,J., Andreadis,T., Vossbrinck,C., Nusbaum,C., Ebel,G., Birren,B.",Broad Institute of MIT and Harvard,USA,8/14/10,WNV-1/US/BID-V4356/2007,Orthoflavivirus nilense,10620,complete,USA: Connecticut,USA,CT,Culex pipiens,NA,2007,Lineage_1
HM488162,West Nile virus,GenBank,set:HM488162,"Armstrong,P.M., Vossbrinck,C.R., Andreadis,T.G., Anderson,J.F., Pesko,K.N., Newman,R.M., Lennon,N.J., Birren,B.W., Ebel,G.D., Henn,M.R., Levin,J., Malboeuf,C., Casali,M., Russ,C., Lennon,N., Erlich,R., Anderson,S., Rizzolo,K., Green,L., Ryan,E., Yu,Q., Young,S., Berlin,A., Heiman,D., Sykes,S., Koehrsen,M., Borenstein,D., Engels,R., Freedman,E., Gellesch,M., Heilman,E., Howarth,C., Jen,D., Larson,L., Neiman,D., Park,D., Pearson,M., Roberts,A., Sisk,P., Stolte,C., White,J., Alvarado,L., Godfrey,P., Shenoy,N., Yandava,C., Zeng,Q., Armstrong,P., Anderson,J., Andreadis,T., Vossbrinck,C., Nusbaum,C., Ebel,G., Birren,B.",Broad Institute of MIT and Harvard,USA,8/14/10,WNV-1/US/BID-V4357/2007,Orthoflavivirus nilense,10610,complete,USA: Connecticut,USA,CT,Culex pipiens,NA,2007,Lineage_1
HM488163,West Nile virus,GenBank,set:HM488163,"Armstrong,P.M., Vossbrinck,C.R., Andreadis,T.G., Anderson,J.F., Pesko,K.N., Newman,R.M., Lennon,N.J., Birren,B.W., Ebel,G.D., Henn,M.R., Levin,J., Malboeuf,C., Casali,M., Russ,C., Lennon,N., Erlich,R., Anderson,S., Rizzolo,K., Green,L., Ryan,E., Yu,Q., Young,S., Berlin,A., Heiman,D., Sykes,S., Koehrsen,M., Borenstein,D., Engels,R., Freedman,E., Gellesch,M., Heilman,E., Howarth,C., Jen,D., Larson,L., Neiman,D., Park,D., Pearson,M., Roberts,A., Sisk,P., Stolte,C., White,J., Alvarado,L., Godfrey,P., Shenoy,N., Yandava,C., Zeng,Q., Armstrong,P., Anderson,J., Andreadis,T., Vossbrinck,C., Nusbaum,C., Ebel,G., Birren,B.",Broad Institute of MIT and Harvard,USA,8/14/10,WNV-1/US/BID-V4359/2007,Orthoflavivirus nilense,10621,complete,USA: Connecticut,USA,CT,Culex pipiens,NA,2007,Lineage_1
HM488164,West Nile virus,GenBank,set:HM488164,"Armstrong,P.M., Vossbrinck,C.R., Andreadis,T.G., Anderson,J.F., Pesko,K.N., Newman,R.M., Lennon,N.J., Birren,B.W., Ebel,G.D., Henn,M.R., Levin,J., Malboeuf,C., Casali,M., Russ,C., Lennon,N., Erlich,R., Anderson,S., Rizzolo,K., Green,L., Ryan,E., Yu,Q., Young,S., Berlin,A., Heiman,D., Sykes,S., Koehrsen,M., Borenstein,D., Engels,R., Freedman,E., Gellesch,M., Heilman,E., Howarth,C., Jen,D., Larson,L., Neiman,D., Park,D., Pearson,M., Roberts,A., Sisk,P., Stolte,C., White,J., Alvarado,L., Godfrey,P., Shenoy,N., Yandava,C., Zeng,Q., Armstrong,P., Anderson,J., Andreadis,T., Vossbrinck,C., Nusbaum,C., Ebel,G., Birren,B.",Broad Institute of MIT and Harvard,USA,8/14/10,WNV-1/US/BID-V4360/2007,Orthoflavivirus nilense,10453,complete,USA: Connecticut,USA,CT,Culex pipiens,NA,2007,Lineage_1
HM488165,West Nile virus,GenBank,set:HM488165,"Armstrong,P.M., Vossbrinck,C.R., Andreadis,T.G., Anderson,J.F., Pesko,K.N., Newman,R.M., Lennon,N.J., Birren,B.W., Ebel,G.D., Henn,M.R., Levin,J., Malboeuf,C., Casali,M., Russ,C., Lennon,N., Erlich,R., Anderson,S., Rizzolo,K., Green,L., Ryan,E., Yu,Q., Young,S., Berlin,A., Heiman,D., Sykes,S., Koehrsen,M., Borenstein,D., Engels,R., Freedman,E., Gellesch,M., Heilman,E., Howarth,C., Jen,D., Larson,L., Neiman,D., Park,D., Pearson,M., Roberts,A., Sisk,P., Stolte,C., White,J., Alvarado,L., Godfrey,P., Shenoy,N., Yandava,C., Zeng,Q., Armstrong,P., Anderson,J., Andreadis,T., Vossbrinck,C., Nusbaum,C., Ebel,G., Birren,B.",Broad Institute of MIT and Harvard,USA,8/14/10,WNV-1/US/BID-V4361/2007,Orthoflavivirus nilense,10534,complete,USA: Connecticut,USA,CT,Culex pipiens,NA,2007,Lineage_1
HM488166,West Nile virus,GenBank,set:HM488166,"Armstrong,P.M., Vossbrinck,C.R., Andreadis,T.G., Anderson,J.F., Pesko,K.N., Newman,R.M., Lennon,N.J., Birren,B.W., Ebel,G.D., Henn,M.R., Levin,J., Malboeuf,C., Casali,M., Russ,C., Lennon,N., Erlich,R., Anderson,S., Rizzolo,K., Green,L., Ryan,E., Yu,Q., Young,S., Berlin,A., Heiman,D., Sykes,S., Koehrsen,M., Borenstein,D., Engels,R., Freedman,E., Gellesch,M., Heilman,E., Howarth,C., Jen,D., Larson,L., Neiman,D., Park,D., Pearson,M., Roberts,A., Sisk,P., Stolte,C., White,J., Alvarado,L., Godfrey,P., Shenoy,N., Yandava,C., Zeng,Q., Armstrong,P., Anderson,J., Andreadis,T., Vossbrinck,C., Nusbaum,C., Ebel,G., Birren,B.",Broad Institute of MIT and Harvard,USA,8/14/10,WNV-1/US/BID-V4362/2008,Orthoflavivirus nilense,10687,complete,USA: Connecticut,USA,CT,Culex pipiens,NA,2008,Lineage_1
HM488167,West Nile virus,GenBank,set:HM488167,"Armstrong,P.M., Vossbrinck,C.R., Andreadis,T.G., Anderson,J.F., Pesko,K.N., Newman,R.M., Lennon,N.J., Birren,B.W., Ebel,G.D., Henn,M.R., Levin,J., Malboeuf,C., Casali,M., Russ,C., Lennon,N., Erlich,R., Anderson,S., Rizzolo,K., Green,L., Ryan,E., Yu,Q., Young,S., Berlin,A., Heiman,D., Sykes,S., Koehrsen,M., Borenstein,D., Engels,R., Freedman,E., Gellesch,M., Heilman,E., Howarth,C., Jen,D., Larson,L., Neiman,D., Park,D., Pearson,M., Roberts,A., Sisk,P., Stolte,C., White,J., Alvarado,L., Godfrey,P., Shenoy,N., Yandava,C., Zeng,Q., Armstrong,P., Anderson,J., Andreadis,T., Vossbrinck,C., Nusbaum,C., Ebel,G., Birren,B.",Broad Institute of MIT and Harvard,USA,8/14/10,WNV-1/US/BID-V4363/2008,Orthoflavivirus nilense,10619,complete,USA: Connecticut,USA,CT,Culex pipiens,NA,2008,Lineage_1
HM488168,West Nile virus,GenBank,set:HM488168,"Armstrong,P.M., Vossbrinck,C.R., Andreadis,T.G., Anderson,J.F., Pesko,K.N., Newman,R.M., Lennon,N.J., Birren,B.W., Ebel,G.D., Henn,M.R., Levin,J., Malboeuf,C., Casali,M., Russ,C., Lennon,N., Erlich,R., Anderson,S., Rizzolo,K., Green,L., Ryan,E., Yu,Q., Young,S., Berlin,A., Heiman,D., Sykes,S., Koehrsen,M., Borenstein,D., Engels,R., Freedman,E., Gellesch,M., Heilman,E., Howarth,C., Jen,D., Larson,L., Neiman,D., Park,D., Pearson,M., Roberts,A., Sisk,P., Stolte,C., White,J., Alvarado,L., Godfrey,P., Shenoy,N., Yandava,C., Zeng,Q., Armstrong,P., Anderson,J., Andreadis,T., Vossbrinck,C., Nusbaum,C., Ebel,G., Birren,B.",Broad Institute of MIT and Harvard,USA,8/14/10,WNV-1/US/BID-V4364/2008,Orthoflavivirus nilense,10706,complete,USA: Connecticut,USA,CT,Culex pipiens,NA,2008,Lineage_1
HM488170,West Nile virus,GenBank,set:HM488170,"Armstrong,P.M., Vossbrinck,C.R., Andreadis,T.G., Anderson,J.F., Pesko,K.N., Newman,R.M., Lennon,N.J., Birren,B.W., Ebel,G.D., Henn,M.R., Levin,J., Malboeuf,C., Casali,M., Russ,C., Lennon,N., Erlich,R., Anderson,S., Rizzolo,K., Green,L., Ryan,E., Yu,Q., Young,S., Berlin,A., Heiman,D., Sykes,S., Koehrsen,M., Borenstein,D., Engels,R., Freedman,E., Gellesch,M., Heilman,E., Howarth,C., Jen,D., Larson,L., Neiman,D., Park,D., Pearson,M., Roberts,A., Sisk,P., Stolte,C., White,J., Alvarado,L., Godfrey,P., Shenoy,N., Yandava,C., Zeng,Q., Armstrong,P., Anderson,J., Andreadis,T., Vossbrinck,C., Nusbaum,C., Ebel,G., Birren,B.",Broad Institute of MIT and Harvard,USA,8/14/10,WNV-1/US/BID-V4366/2008,Orthoflavivirus nilense,10620,complete,USA: Connecticut,USA,CT,Culex pipiens,NA,2008,Lineage_1
HM488171,West Nile virus,GenBank,set:HM488171,"Armstrong,P.M., Vossbrinck,C.R., Andreadis,T.G., Anderson,J.F., Pesko,K.N., Newman,R.M., Lennon,N.J., Birren,B.W., Ebel,G.D., Henn,M.R., Levin,J., Malboeuf,C., Casali,M., Russ,C., Lennon,N., Erlich,R., Anderson,S., Rizzolo,K., Green,L., Ryan,E., Yu,Q., Young,S., Berlin,A., Heiman,D., Sykes,S., Koehrsen,M., Borenstein,D., Engels,R., Freedman,E., Gellesch,M., Heilman,E., Howarth,C., Jen,D., Larson,L., Neiman,D., Park,D., Pearson,M., Roberts,A., Sisk,P., Stolte,C., White,J., Alvarado,L., Godfrey,P., Shenoy,N., Yandava,C., Zeng,Q., Armstrong,P., Anderson,J., Andreadis,T., Vossbrinck,C., Nusbaum,C., Ebel,G., Birren,B.",Broad Institute of MIT and Harvard,USA,8/14/10,WNV-1/US/BID-V4560/2003,Orthoflavivirus nilense,10854,complete,USA: Connecticut,USA,CT,Culex restuans,NA,2003,Lineage_1
HM488172,West Nile virus,GenBank,set:HM488172,"Armstrong,P.M., Vossbrinck,C.R., Andreadis,T.G., Anderson,J.F., Pesko,K.N., Newman,R.M., Lennon,N.J., Birren,B.W., Ebel,G.D., Henn,M.R., Levin,J., Malboeuf,C., Casali,M., Russ,C., Lennon,N., Erlich,R., Anderson,S., Rizzolo,K., Green,L., Ryan,E., Yu,Q., Young,S., Berlin,A., Heiman,D., Sykes,S., Koehrsen,M., Borenstein,D., Engels,R., Freedman,E., Gellesch,M., Heilman,E., Howarth,C., Jen,D., Larson,L., Neiman,D., Park,D., Pearson,M., Roberts,A., Sisk,P., Stolte,C., White,J., Alvarado,L., Godfrey,P., Shenoy,N., Yandava,C., Zeng,Q., Armstrong,P., Anderson,J., Andreadis,T., Vossbrinck,C., Nusbaum,C., Ebel,G., Birren,B.",Broad Institute of MIT and Harvard,USA,8/14/10,WNV-1/US/BID-V4561/2003,Orthoflavivirus nilense,10887,complete,USA: Connecticut,USA,CT,Ochlerotatus sticticus,NA,2003,Lineage_1
HM488173,West Nile virus,GenBank,set:HM488173,"Armstrong,P.M., Vossbrinck,C.R., Andreadis,T.G., Anderson,J.F., Pesko,K.N., Newman,R.M., Lennon,N.J., Birren,B.W., Ebel,G.D., Henn,M.R., Levin,J., Malboeuf,C., Casali,M., Russ,C., Lennon,N., Erlich,R., Anderson,S., Rizzolo,K., Green,L., Ryan,E., Yu,Q., Young,S., Berlin,A., Heiman,D., Sykes,S., Koehrsen,M., Borenstein,D., Engels,R., Freedman,E., Gellesch,M., Heilman,E., Howarth,C., Jen,D., Larson,L., Neiman,D., Park,D., Pearson,M., Roberts,A., Sisk,P., Stolte,C., White,J., Alvarado,L., Godfrey,P., Shenoy,N., Yandava,C., Zeng,Q., Armstrong,P., Anderson,J., Andreadis,T., Vossbrinck,C., Nusbaum,C., Ebel,G., Birren,B.",Broad Institute of MIT and Harvard,USA,8/14/10,WNV-1/US/BID-V4562/2003,Orthoflavivirus nilense,10902,complete,USA: Connecticut,USA,CT,Culex restuans,NA,2003,Lineage_1
HM488174,West Nile virus,GenBank,set:HM488174,"Armstrong,P.M., Vossbrinck,C.R., Andreadis,T.G., Anderson,J.F., Pesko,K.N., Newman,R.M., Lennon,N.J., Birren,B.W., Ebel,G.D., Henn,M.R., Levin,J., Malboeuf,C., Casali,M., Russ,C., Lennon,N., Erlich,R., Anderson,S., Rizzolo,K., Green,L., Ryan,E., Yu,Q., Young,S., Berlin,A., Heiman,D., Sykes,S., Koehrsen,M., Borenstein,D., Engels,R., Freedman,E., Gellesch,M., Heilman,E., Howarth,C., Jen,D., Larson,L., Neiman,D., Park,D., Pearson,M., Roberts,A., Sisk,P., Stolte,C., White,J., Alvarado,L., Godfrey,P., Shenoy,N., Yandava,C., Zeng,Q., Armstrong,P., Anderson,J., Andreadis,T., Vossbrinck,C., Nusbaum,C., Ebel,G., Birren,B.",Broad Institute of MIT and Harvard,USA,8/14/10,WNV-1/US/BID-V4563/2003,Orthoflavivirus nilense,10741,complete,USA: Connecticut,USA,CT,Culex salinarius,NA,2003,Lineage_1
HM488175,West Nile virus,GenBank,set:HM488175,"Armstrong,P.M., Vossbrinck,C.R., Andreadis,T.G., Anderson,J.F., Pesko,K.N., Newman,R.M., Lennon,N.J., Birren,B.W., Ebel,G.D., Henn,M.R., Levin,J., Malboeuf,C., Casali,M., Russ,C., Lennon,N., Erlich,R., Anderson,S., Rizzolo,K., Green,L., Ryan,E., Yu,Q., Young,S., Berlin,A., Heiman,D., Sykes,S., Koehrsen,M., Borenstein,D., Engels,R., Freedman,E., Gellesch,M., Heilman,E., Howarth,C., Jen,D., Larson,L., Neiman,D., Park,D., Pearson,M., Roberts,A., Sisk,P., Stolte,C., White,J., Alvarado,L., Godfrey,P., Shenoy,N., Yandava,C., Zeng,Q., Armstrong,P., Anderson,J., Andreadis,T., Vossbrinck,C., Nusbaum,C., Ebel,G., Birren,B.",Broad Institute of MIT and Harvard,USA,8/14/10,WNV-1/US/BID-V4569/2003,Orthoflavivirus nilense,10707,complete,USA: Connecticut,USA,CT,Culex restuans,NA,2003,Lineage_1
HM488176,West Nile virus,GenBank,set:HM488176,"Armstrong,P.M., Vossbrinck,C.R., Andreadis,T.G., Anderson,J.F., Pesko,K.N., Newman,R.M., Lennon,N.J., Birren,B.W., Ebel,G.D., Henn,M.R., Levin,J., Malboeuf,C., Casali,M., Russ,C., Lennon,N., Erlich,R., Anderson,S., Rizzolo,K., Green,L., Ryan,E., Yu,Q., Young,S., Berlin,A., Heiman,D., Sykes,S., Koehrsen,M., Borenstein,D., Engels,R., Freedman,E., Gellesch,M., Heilman,E., Howarth,C., Jen,D., Larson,L., Neiman,D., Park,D., Pearson,M., Roberts,A., Sisk,P., Stolte,C., White,J., Alvarado,L., Godfrey,P., Shenoy,N., Yandava,C., Zeng,Q., Armstrong,P., Anderson,J., Andreadis,T., Vossbrinck,C., Nusbaum,C., Ebel,G., Birren,B.",Broad Institute of MIT and Harvard,USA,8/14/10,WNV-1/US/BID-V4575/2003,Orthoflavivirus nilense,11018,complete,USA: Connecticut,USA,CT,Culex salinarius,NA,2003,Lineage_1
HM488177,West Nile virus,GenBank,set:HM488177,"Henn,M.R., Newman,R.M., Levin,J., Malboeuf,C., Casali,M., Russ,C., Lennon,N., Erlich,R., Anderson,S., Rizzolo,K., Green,L., Ryan,E., Yu,Q., Young,S., Berlin,A., Heiman,D., Sykes,S., Koehrsen,M., Borenstein,D., Engels,R., Freedman,E., Gellesch,M., Heilman,E., Howarth,C., Jen,D., Larson,L., Neiman,D., Park,D., Pearson,M., Roberts,A., Sisk,P., Stolte,C., White,J., Alvarado,L., Godfrey,P., Shenoy,N., Yandava,C., Zeng,Q., Goldberg,T.L., Kitron,U.D., Ruiz,M.O., Walker,E.D., Brawn,J.D., Loss,S.R., Hamer,G.L., Nusbaum,C., Ebel,G., Birren,B.",Broad Institute of MIT and Harvard,USA,7/28/10,WNV-1/US/BID-V4336/2002,Orthoflavivirus nilense,10621,complete,USA: Illinois,USA,IL,Corvus brachyrhynchos,NA,2002,Lineage_1
HM488178,West Nile virus,GenBank,set:HM488178,"Henn,M.R., Newman,R.M., Levin,J., Malboeuf,C., Casali,M., Russ,C., Lennon,N., Erlich,R., Anderson,S., Rizzolo,K., Green,L., Ryan,E., Yu,Q., Young,S., Berlin,A., Heiman,D., Sykes,S., Koehrsen,M., Borenstein,D., Engels,R., Freedman,E., Gellesch,M., Heilman,E., Howarth,C., Jen,D., Larson,L., Neiman,D., Park,D., Pearson,M., Roberts,A., Sisk,P., Stolte,C., White,J., Alvarado,L., Godfrey,P., Shenoy,N., Yandava,C., Zeng,Q., Goldberg,T.L., Kitron,U.D., Ruiz,M.O., Walker,E.D., Brawn,J.D., Loss,S.R., Hamer,G.L., Nusbaum,C., Ebel,G., Birren,B.",Broad Institute of MIT and Harvard,USA,7/28/10,WNV-1/US/BID-V4337/2002,Orthoflavivirus nilense,10614,complete,USA: Illinois,USA,IL,Corvus brachyrhynchos,NA,2002,Lineage_1
HM488179,West Nile virus,GenBank,set:HM488179,"Henn,M.R., Newman,R.M., Levin,J., Malboeuf,C., Casali,M., Russ,C., Lennon,N., Erlich,R., Anderson,S., Rizzolo,K., Green,L., Ryan,E., Yu,Q., Young,S., Berlin,A., Heiman,D., Sykes,S., Koehrsen,M., Borenstein,D., Engels,R., Freedman,E., Gellesch,M., Heilman,E., Howarth,C., Jen,D., Larson,L., Neiman,D., Park,D., Pearson,M., Roberts,A., Sisk,P., Stolte,C., White,J., Alvarado,L., Godfrey,P., Shenoy,N., Yandava,C., Zeng,Q., Goldberg,T.L., Kitron,U.D., Ruiz,M.O., Walker,E.D., Brawn,J.D., Loss,S.R., Hamer,G.L., Nusbaum,C., Ebel,G., Birren,B.",Broad Institute of MIT and Harvard,USA,7/28/10,WNV-1/US/BID-V4338/2002,Orthoflavivirus nilense,10452,complete,USA: Illinois,USA,IL,Corvus brachyrhynchos,NA,2002,Lineage_1
HM488180,West Nile virus,GenBank,set:HM488180,"Henn,M.R., Newman,R.M., Levin,J., Malboeuf,C., Casali,M., Russ,C., Lennon,N., Erlich,R., Anderson,S., Rizzolo,K., Green,L., Ryan,E., Yu,Q., Young,S., Berlin,A., Heiman,D., Sykes,S., Koehrsen,M., Borenstein,D., Engels,R., Freedman,E., Gellesch,M., Heilman,E., Howarth,C., Jen,D., Larson,L., Neiman,D., Park,D., Pearson,M., Roberts,A., Sisk,P., Stolte,C., White,J., Alvarado,L., Godfrey,P., Shenoy,N., Yandava,C., Zeng,Q., Goldberg,T.L., Kitron,U.D., Ruiz,M.O., Walker,E.D., Brawn,J.D., Loss,S.R., Hamer,G.L., Nusbaum,C., Ebel,G., Birren,B.",Broad Institute of MIT and Harvard,USA,7/28/10,WNV-1/US/BID-V4339/2002,Orthoflavivirus nilense,10541,complete,USA: Illinois,USA,IL,Corvus brachyrhynchos,NA,2002,Lineage_1
HM488181,West Nile virus,GenBank,set:HM488181,"Henn,M.R., Newman,R.M., Levin,J., Malboeuf,C., Casali,M., Russ,C., Lennon,N., Erlich,R., Anderson,S., Rizzolo,K., Green,L., Ryan,E., Yu,Q., Young,S., Berlin,A., Heiman,D., Sykes,S., Koehrsen,M., Borenstein,D., Engels,R., Freedman,E., Gellesch,M., Heilman,E., Howarth,C., Jen,D., Larson,L., Neiman,D., Park,D., Pearson,M., Roberts,A., Sisk,P., Stolte,C., White,J., Alvarado,L., Godfrey,P., Shenoy,N., Yandava,C., Zeng,Q., Goldberg,T.L., Kitron,U.D., Ruiz,M.O., Walker,E.D., Brawn,J.D., Loss,S.R., Hamer,G.L., Nusbaum,C., Ebel,G., Birren,B.",Broad Institute of MIT and Harvard,USA,7/28/10,WNV-1/US/BID-V4340/2002,Orthoflavivirus nilense,10433,complete,USA: Illinois,USA,IL,Corvus brachyrhynchos,NA,2002,Lineage_1
HM488182,West Nile virus,GenBank,set:HM488182,"Henn,M.R., Newman,R.M., Levin,J., Malboeuf,C., Casali,M., Russ,C., Lennon,N., Erlich,R., Anderson,S., Rizzolo,K., Green,L., Ryan,E., Yu,Q., Young,S., Berlin,A., Heiman,D., Sykes,S., Koehrsen,M., Borenstein,D., Engels,R., Freedman,E., Gellesch,M., Heilman,E., Howarth,C., Jen,D., Larson,L., Neiman,D., Park,D., Pearson,M., Roberts,A., Sisk,P., Stolte,C., White,J., Alvarado,L., Godfrey,P., Shenoy,N., Yandava,C., Zeng,Q., Goldberg,T.L., Kitron,U.D., Ruiz,M.O., Walker,E.D., Brawn,J.D., Loss,S.R., Hamer,G.L., Nusbaum,C., Ebel,G., Birren,B.",Broad Institute of MIT and Harvard,USA,7/28/10,WNV-1/US/BID-V4341/2002,Orthoflavivirus nilense,10474,complete,USA: Illinois,USA,IL,Corvus brachyrhynchos,NA,2002,Lineage_1
HM488183,West Nile virus,GenBank,set:HM488183,"Henn,M.R., Newman,R.M., Levin,J., Malboeuf,C., Casali,M., Russ,C., Lennon,N., Erlich,R., Anderson,S., Rizzolo,K., Green,L., Ryan,E., Yu,Q., Young,S., Berlin,A., Heiman,D., Sykes,S., Koehrsen,M., Borenstein,D., Engels,R., Freedman,E., Gellesch,M., Heilman,E., Howarth,C., Jen,D., Larson,L., Neiman,D., Park,D., Pearson,M., Roberts,A., Sisk,P., Stolte,C., White,J., Alvarado,L., Godfrey,P., Shenoy,N., Yandava,C., Zeng,Q., Goldberg,T.L., Kitron,U.D., Ruiz,M.O., Walker,E.D., Brawn,J.D., Loss,S.R., Hamer,G.L., Nusbaum,C., Ebel,G., Birren,B.",Broad Institute of MIT and Harvard,USA,7/28/10,WNV-1/US/BID-V4345/2002,Orthoflavivirus nilense,10621,complete,USA: Illinois,USA,IL,Cyanocitta cristata,NA,2002,Lineage_1
HM488184,West Nile virus,GenBank,set:HM488184,"Henn,M.R., Newman,R.M., Levin,J., Malboeuf,C., Casali,M., Russ,C., Lennon,N., Erlich,R., Anderson,S., Rizzolo,K., Green,L., Ryan,E., Yu,Q., Young,S., Berlin,A., Heiman,D., Sykes,S., Koehrsen,M., Borenstein,D., Engels,R., Freedman,E., Gellesch,M., Heilman,E., Howarth,C., Jen,D., Larson,L., Neiman,D., Park,D., Pearson,M., Roberts,A., Sisk,P., Stolte,C., White,J., Alvarado,L., Godfrey,P., Shenoy,N., Yandava,C., Zeng,Q., Goldberg,T.L., Kitron,U.D., Ruiz,M.O., Walker,E.D., Brawn,J.D., Loss,S.R., Hamer,G.L., Nusbaum,C., Ebel,G., Birren,B.",Broad Institute of MIT and Harvard,USA,7/28/10,WNV-1/US/BID-V4346/2002,Orthoflavivirus nilense,10621,complete,USA: Illinois,USA,IL,Cyanocitta cristata,NA,2002,Lineage_1
HM488185,West Nile virus,GenBank,set:HM488185,"Henn,M.R., Newman,R.M., Levin,J., Malboeuf,C., Casali,M., Russ,C., Lennon,N., Erlich,R., Anderson,S., Rizzolo,K., Green,L., Ryan,E., Yu,Q., Young,S., Berlin,A., Heiman,D., Sykes,S., Koehrsen,M., Borenstein,D., Engels,R., Freedman,E., Gellesch,M., Heilman,E., Howarth,C., Jen,D., Larson,L., Neiman,D., Park,D., Pearson,M., Roberts,A., Sisk,P., Stolte,C., White,J., Alvarado,L., Godfrey,P., Shenoy,N., Yandava,C., Zeng,Q., Goldberg,T.L., Kitron,U.D., Ruiz,M.O., Walker,E.D., Brawn,J.D., Loss,S.R., Hamer,G.L., Nusbaum,C., Ebel,G., Birren,B.",Broad Institute of MIT and Harvard,USA,7/28/10,WNV-1/US/BID-V4347/2003,Orthoflavivirus nilense,10621,complete,USA: Illinois,USA,IL,Cyanocitta cristata,NA,2003,Lineage_1
HM488186,West Nile virus,GenBank,set:HM488186,"Henn,M.R., Newman,R.M., Levin,J., Malboeuf,C., Casali,M., Russ,C., Lennon,N., Erlich,R., Anderson,S., Rizzolo,K., Green,L., Ryan,E., Yu,Q., Young,S., Berlin,A., Heiman,D., Sykes,S., Koehrsen,M., Borenstein,D., Engels,R., Freedman,E., Gellesch,M., Heilman,E., Howarth,C., Jen,D., Larson,L., Neiman,D., Park,D., Pearson,M., Roberts,A., Sisk,P., Stolte,C., White,J., Alvarado,L., Godfrey,P., Shenoy,N., Yandava,C., Zeng,Q., Goldberg,T.L., Kitron,U.D., Ruiz,M.O., Walker,E.D., Brawn,J.D., Loss,S.R., Hamer,G.L., Nusbaum,C., Ebel,G., Birren,B.",Broad Institute of MIT and Harvard,USA,7/28/10,WNV-1/US/BID-V4350/2003,Orthoflavivirus nilense,10440,complete,USA: Illinois,USA,IL,Corvus brachyrhynchos,NA,2003,Lineage_1
HM488187,West Nile virus,GenBank,set:HM488187,"Henn,M.R., Newman,R.M., Levin,J., Malboeuf,C., Casali,M., Russ,C., Lennon,N., Erlich,R., Anderson,S., Rizzolo,K., Green,L., Ryan,E., Yu,Q., Young,S., Berlin,A., Heiman,D., Sykes,S., Koehrsen,M., Borenstein,D., Engels,R., Freedman,E., Gellesch,M., Heilman,E., Howarth,C., Jen,D., Larson,L., Neiman,D., Park,D., Pearson,M., Roberts,A., Sisk,P., Stolte,C., White,J., Alvarado,L., Godfrey,P., Shenoy,N., Yandava,C., Zeng,Q., Goldberg,T.L., Kitron,U.D., Ruiz,M.O., Walker,E.D., Brawn,J.D., Loss,S.R., Hamer,G.L., Nusbaum,C., Ebel,G., Birren,B.",Broad Institute of MIT and Harvard,USA,7/28/10,WNV-1/US/BID-V4351/2003,Orthoflavivirus nilense,10442,complete,USA: Illinois,USA,IL,Corvus brachyrhynchos,NA,2003,Lineage_1
HM488188,West Nile virus,GenBank,set:HM488188,"Henn,M.R., Newman,R.M., Levin,J., Malboeuf,C., Casali,M., Russ,C., Lennon,N., Erlich,R., Anderson,S., Rizzolo,K., Green,L., Ryan,E., Yu,Q., Young,S., Berlin,A., Heiman,D., Sykes,S., Koehrsen,M., Borenstein,D., Engels,R., Freedman,E., Gellesch,M., Heilman,E., Howarth,C., Jen,D., Larson,L., Neiman,D., Park,D., Pearson,M., Roberts,A., Sisk,P., Stolte,C., White,J., Alvarado,L., Godfrey,P., Shenoy,N., Yandava,C., Zeng,Q., Goldberg,T.L., Kitron,U.D., Ruiz,M.O., Walker,E.D., Brawn,J.D., Loss,S.R., Hamer,G.L., Nusbaum,C., Ebel,G., Birren,B.",Broad Institute of MIT and Harvard,USA,7/28/10,WNV-1/US/BID-V4353/2004,Orthoflavivirus nilense,10621,complete,USA: Illinois,USA,IL,Corvus brachyrhynchos,NA,2004,Lineage_1
HM488189,West Nile virus,GenBank,set:HM488189,"Henn,M.R., Newman,R.M., Levin,J., Malboeuf,C., Casali,M., Russ,C., Lennon,N., Erlich,R., Anderson,S., Rizzolo,K., Green,L., Ryan,E., Yu,Q., Young,S., Berlin,A., Heiman,D., Sykes,S., Koehrsen,M., Borenstein,D., Engels,R., Freedman,E., Gellesch,M., Heilman,E., Howarth,C., Jen,D., Larson,L., Neiman,D., Park,D., Pearson,M., Roberts,A., Sisk,P., Stolte,C., White,J., Alvarado,L., Godfrey,P., Shenoy,N., Yandava,C., Zeng,Q., Goldberg,T.L., Kitron,U.D., Ruiz,M.O., Walker,E.D., Brawn,J.D., Loss,S.R., Hamer,G.L., Nusbaum,C., Ebel,G., Birren,B.",Broad Institute of MIT and Harvard,USA,7/28/10,WNV-1/US/BID-V4367/2004,Orthoflavivirus nilense,10508,complete,USA: Illinois,USA,IL,Cyanocitta cristata,NA,2004,Lineage_1
HM488190,West Nile virus,GenBank,set:HM488190,"Henn,M.R., Newman,R.M., Levin,J., Malboeuf,C., Casali,M., Russ,C., Lennon,N., Erlich,R., Anderson,S., Rizzolo,K., Green,L., Ryan,E., Yu,Q., Young,S., Berlin,A., Heiman,D., Sykes,S., Koehrsen,M., Borenstein,D., Engels,R., Freedman,E., Gellesch,M., Heilman,E., Howarth,C., Jen,D., Larson,L., Neiman,D., Park,D., Pearson,M., Roberts,A., Sisk,P., Stolte,C., White,J., Alvarado,L., Godfrey,P., Shenoy,N., Yandava,C., Zeng,Q., Goldberg,T.L., Kitron,U.D., Ruiz,M.O., Walker,E.D., Brawn,J.D., Loss,S.R., Hamer,G.L., Nusbaum,C., Ebel,G., Birren,B.",Broad Institute of MIT and Harvard,USA,7/28/10,WNV-1/US/BID-V4368/2004,Orthoflavivirus nilense,10402,complete,USA: Illinois,USA,IL,Corvus brachyrhynchos,NA,2004,Lineage_1
HM488191,West Nile virus,GenBank,set:HM488191,"Henn,M.R., Newman,R.M., Levin,J., Malboeuf,C., Casali,M., Russ,C., Lennon,N., Erlich,R., Anderson,S., Rizzolo,K., Green,L., Ryan,E., Yu,Q., Young,S., Berlin,A., Heiman,D., Sykes,S., Koehrsen,M., Borenstein,D., Engels,R., Freedman,E., Gellesch,M., Heilman,E., Howarth,C., Jen,D., Larson,L., Neiman,D., Park,D., Pearson,M., Roberts,A., Sisk,P., Stolte,C., White,J., Alvarado,L., Godfrey,P., Shenoy,N., Yandava,C., Zeng,Q., Goldberg,T.L., Kitron,U.D., Ruiz,M.O., Walker,E.D., Brawn,J.D., Loss,S.R., Hamer,G.L., Nusbaum,C., Ebel,G., Birren,B.",Broad Institute of MIT and Harvard,USA,7/28/10,WNV-1/US/BID-V4369/2004,Orthoflavivirus nilense,10621,complete,USA: Illinois,USA,IL,Corvus brachyrhynchos,NA,2004,Lineage_1
HM488192,West Nile virus,GenBank,set:HM488192,"Henn,M.R., Newman,R.M., Levin,J., Malboeuf,C., Casali,M., Russ,C., Lennon,N., Erlich,R., Anderson,S., Rizzolo,K., Green,L., Ryan,E., Yu,Q., Young,S., Berlin,A., Heiman,D., Sykes,S., Koehrsen,M., Borenstein,D., Engels,R., Freedman,E., Gellesch,M., Heilman,E., Howarth,C., Jen,D., Larson,L., Neiman,D., Park,D., Pearson,M., Roberts,A., Sisk,P., Stolte,C., White,J., Alvarado,L., Godfrey,P., Shenoy,N., Yandava,C., Zeng,Q., Goldberg,T.L., Kitron,U.D., Ruiz,M.O., Walker,E.D., Brawn,J.D., Loss,S.R., Hamer,G.L., Nusbaum,C., Ebel,G., Birren,B.",Broad Institute of MIT and Harvard,USA,7/28/10,WNV-1/US/BID-V4371/2005,Orthoflavivirus nilense,10610,complete,USA: Illinois,USA,IL,Corvus brachyrhynchos,NA,2005,Lineage_1
HM488193,West Nile virus,GenBank,set:HM488193,"Henn,M.R., Newman,R.M., Levin,J., Malboeuf,C., Casali,M., Russ,C., Lennon,N., Erlich,R., Anderson,S., Rizzolo,K., Green,L., Ryan,E., Yu,Q., Young,S., Berlin,A., Heiman,D., Sykes,S., Koehrsen,M., Borenstein,D., Engels,R., Freedman,E., Gellesch,M., Heilman,E., Howarth,C., Jen,D., Larson,L., Neiman,D., Park,D., Pearson,M., Roberts,A., Sisk,P., Stolte,C., White,J., Alvarado,L., Godfrey,P., Shenoy,N., Yandava,C., Zeng,Q., Goldberg,T.L., Kitron,U.D., Ruiz,M.O., Walker,E.D., Brawn,J.D., Loss,S.R., Hamer,G.L., Nusbaum,C., Ebel,G., Birren,B.",Broad Institute of MIT and Harvard,USA,7/28/10,WNV-1/US/BID-V4373/2005,Orthoflavivirus nilense,10409,complete,USA: Illinois,USA,IL,Corvus brachyrhynchos,NA,2005,Lineage_1
HM488194,West Nile virus,GenBank,set:HM488194,"Henn,M.R., Newman,R.M., Levin,J., Malboeuf,C., Casali,M., Russ,C., Lennon,N., Erlich,R., Anderson,S., Rizzolo,K., Green,L., Ryan,E., Yu,Q., Young,S., Berlin,A., Heiman,D., Sykes,S., Koehrsen,M., Borenstein,D., Engels,R., Freedman,E., Gellesch,M., Heilman,E., Howarth,C., Jen,D., Larson,L., Neiman,D., Park,D., Pearson,M., Roberts,A., Sisk,P., Stolte,C., White,J., Alvarado,L., Godfrey,P., Shenoy,N., Yandava,C., Zeng,Q., Goldberg,T.L., Kitron,U.D., Ruiz,M.O., Walker,E.D., Brawn,J.D., Loss,S.R., Hamer,G.L., Nusbaum,C., Ebel,G., Birren,B.",Broad Institute of MIT and Harvard,USA,7/28/10,WNV-1/US/BID-V4374/2005,Orthoflavivirus nilense,10663,complete,USA: Illinois,USA,IL,Corvus brachyrhynchos,NA,2005,Lineage_1
HM488195,West Nile virus,GenBank,set:HM488195,"Henn,M.R., Newman,R.M., Levin,J., Malboeuf,C., Casali,M., Russ,C., Lennon,N., Erlich,R., Anderson,S., Rizzolo,K., Green,L., Ryan,E., Yu,Q., Young,S., Berlin,A., Heiman,D., Sykes,S., Koehrsen,M., Borenstein,D., Engels,R., Freedman,E., Gellesch,M., Heilman,E., Howarth,C., Jen,D., Larson,L., Neiman,D., Park,D., Pearson,M., Roberts,A., Sisk,P., Stolte,C., White,J., Alvarado,L., Godfrey,P., Shenoy,N., Yandava,C., Zeng,Q., Goldberg,T.L., Kitron,U.D., Ruiz,M.O., Walker,E.D., Brawn,J.D., Loss,S.R., Hamer,G.L., Nusbaum,C., Ebel,G., Birren,B.",Broad Institute of MIT and Harvard,USA,7/28/10,WNV-1/US/BID-V4375/2005,Orthoflavivirus nilense,10488,complete,USA: Illinois,USA,IL,Cyanocitta cristata,NA,2005,Lineage_1
HM488196,West Nile virus,GenBank,set:HM488196,"Henn,M.R., Newman,R.M., Levin,J., Malboeuf,C., Casali,M., Russ,C., Lennon,N., Erlich,R., Anderson,S., Rizzolo,K., Green,L., Ryan,E., Yu,Q., Young,S., Berlin,A., Heiman,D., Sykes,S., Koehrsen,M., Borenstein,D., Engels,R., Freedman,E., Gellesch,M., Heilman,E., Howarth,C., Jen,D., Larson,L., Neiman,D., Park,D., Pearson,M., Roberts,A., Sisk,P., Stolte,C., White,J., Alvarado,L., Godfrey,P., Shenoy,N., Yandava,C., Zeng,Q., Goldberg,T.L., Kitron,U.D., Ruiz,M.O., Walker,E.D., Brawn,J.D., Loss,S.R., Hamer,G.L., Nusbaum,C., Ebel,G., Birren,B.",Broad Institute of MIT and Harvard,USA,7/28/10,WNV-1/US/BID-V4376/2005,Orthoflavivirus nilense,10437,complete,USA: Illinois,USA,IL,Corvus brachyrhynchos,NA,2005,Lineage_1
HM488197,West Nile virus,GenBank,set:HM488197,"Henn,M.R., Newman,R.M., Levin,J., Malboeuf,C., Casali,M., Russ,C., Lennon,N., Erlich,R., Anderson,S., Rizzolo,K., Green,L., Ryan,E., Yu,Q., Young,S., Berlin,A., Heiman,D., Sykes,S., Koehrsen,M., Borenstein,D., Engels,R., Freedman,E., Gellesch,M., Heilman,E., Howarth,C., Jen,D., Larson,L., Neiman,D., Park,D., Pearson,M., Roberts,A., Sisk,P., Stolte,C., White,J., Alvarado,L., Godfrey,P., Shenoy,N., Yandava,C., Zeng,Q., Goldberg,T.L., Kitron,U.D., Ruiz,M.O., Walker,E.D., Brawn,J.D., Loss,S.R., Hamer,G.L., Nusbaum,C., Ebel,G., Birren,B.",Broad Institute of MIT and Harvard,USA,7/28/10,WNV-1/US/BID-V4377/2005,Orthoflavivirus nilense,10620,complete,USA: Illinois,USA,IL,Corvus brachyrhynchos,NA,2005,Lineage_1
HM488198,West Nile virus,GenBank,set:HM488198,"Henn,M.R., Newman,R.M., Levin,J., Malboeuf,C., Casali,M., Russ,C., Lennon,N., Erlich,R., Anderson,S., Rizzolo,K., Green,L., Ryan,E., Yu,Q., Young,S., Berlin,A., Heiman,D., Sykes,S., Koehrsen,M., Borenstein,D., Engels,R., Freedman,E., Gellesch,M., Heilman,E., Howarth,C., Jen,D., Larson,L., Neiman,D., Park,D., Pearson,M., Roberts,A., Sisk,P., Stolte,C., White,J., Alvarado,L., Godfrey,P., Shenoy,N., Yandava,C., Zeng,Q., Goldberg,T.L., Kitron,U.D., Ruiz,M.O., Walker,E.D., Brawn,J.D., Loss,S.R., Hamer,G.L., Nusbaum,C., Ebel,G., Birren,B.",Broad Institute of MIT and Harvard,USA,7/28/10,WNV-1/US/BID-V4378/2005,Orthoflavivirus nilense,10617,complete,USA: Illinois,USA,IL,Culex pipiens,NA,2005,Lineage_1
HM488201,West Nile virus,GenBank,set:HM488201,"Henn,M.R., Newman,R.M., Young,D., Ciota,A., Levin,J., Malboeuf,C., Casali,M., Russ,C., Lennon,N., Erlich,R., Anderson,S., Rizzolo,K., Green,L., Ryan,E., Yu,Q., Young,S., Berlin,A., Heiman,D., Sykes,S., Koehrsen,M., Borenstein,D., Engels,R., Freedman,E., Gellesch,M., Heilman,E., Howarth,C., Jen,D., Larson,L., Neiman,D., Park,D., Pearson,M., Roberts,A., Sisk,P., Stolte,C., White,J., Alvarado,L., Godfrey,P., Shenoy,N., Yandava,C., Zeng,Q., Kramer,L., Nusbaum,C., Birren,B.",Broad Institute of MIT and Harvard,USA,7/28/10,WNV-1/US/BID-V4093/2007,Orthoflavivirus nilense,10665,complete,USA: New York,USA,NY,Corvus brachyrhynchos,brain,2007,Lineage_1
HM488202,West Nile virus,GenBank,set:HM488202,"Henn,M.R., Newman,R.M., Young,D., Ciota,A., Levin,J., Malboeuf,C., Casali,M., Russ,C., Lennon,N., Erlich,R., Anderson,S., Rizzolo,K., Green,L., Ryan,E., Yu,Q., Young,S., Berlin,A., Heiman,D., Sykes,S., Koehrsen,M., Borenstein,D., Engels,R., Freedman,E., Gellesch,M., Heilman,E., Howarth,C., Jen,D., Larson,L., Neiman,D., Park,D., Pearson,M., Roberts,A., Sisk,P., Stolte,C., White,J., Alvarado,L., Godfrey,P., Shenoy,N., Yandava,C., Zeng,Q., Kramer,L., Nusbaum,C., Birren,B.",Broad Institute of MIT and Harvard,USA,7/28/10,WNV-1/US/BID-V4094/2007,Orthoflavivirus nilense,10463,complete,USA: New York,USA,NY,Cyanocitta cristata,brain,2007,Lineage_1
HM488203,West Nile virus,GenBank,set:HM488203,"Henn,M.R., Newman,R.M., Young,D., Ciota,A., Levin,J., Malboeuf,C., Casali,M., Russ,C., Lennon,N., Erlich,R., Anderson,S., Rizzolo,K., Green,L., Ryan,E., Yu,Q., Young,S., Berlin,A., Heiman,D., Sykes,S., Koehrsen,M., Borenstein,D., Engels,R., Freedman,E., Gellesch,M., Heilman,E., Howarth,C., Jen,D., Larson,L., Neiman,D., Park,D., Pearson,M., Roberts,A., Sisk,P., Stolte,C., White,J., Alvarado,L., Godfrey,P., Shenoy,N., Yandava,C., Zeng,Q., Kramer,L., Nusbaum,C., Birren,B.",Broad Institute of MIT and Harvard,USA,7/28/10,WNV-1/US/BID-V4096/2008,Orthoflavivirus nilense,10620,complete,USA: New York,USA,NY,Corvus brachyrhynchos,brain,2008,Lineage_1
HM488204,West Nile virus,GenBank,set:HM488204,"Henn,M.R., Newman,R.M., Young,D., Ciota,A., Levin,J., Malboeuf,C., Casali,M., Russ,C., Lennon,N., Erlich,R., Anderson,S., Rizzolo,K., Green,L., Ryan,E., Yu,Q., Young,S., Berlin,A., Heiman,D., Sykes,S., Koehrsen,M., Borenstein,D., Engels,R., Freedman,E., Gellesch,M., Heilman,E., Howarth,C., Jen,D., Larson,L., Neiman,D., Park,D., Pearson,M., Roberts,A., Sisk,P., Stolte,C., White,J., Alvarado,L., Godfrey,P., Shenoy,N., Yandava,C., Zeng,Q., Kramer,L., Nusbaum,C., Birren,B.",Broad Institute of MIT and Harvard,USA,7/28/10,WNV-1/US/BID-V4098/2008,Orthoflavivirus nilense,10617,complete,USA: New York,USA,NY,Corvus brachyrhynchos,brain,2008,Lineage_1
HM488205,West Nile virus,GenBank,set:HM488205,"Henn,M.R., Newman,R.M., Young,D., Ciota,A., Levin,J., Malboeuf,C., Casali,M., Russ,C., Lennon,N., Erlich,R., Anderson,S., Rizzolo,K., Green,L., Ryan,E., Yu,Q., Young,S., Berlin,A., Heiman,D., Sykes,S., Koehrsen,M., Borenstein,D., Engels,R., Freedman,E., Gellesch,M., Heilman,E., Howarth,C., Jen,D., Larson,L., Neiman,D., Park,D., Pearson,M., Roberts,A., Sisk,P., Stolte,C., White,J., Alvarado,L., Godfrey,P., Shenoy,N., Yandava,C., Zeng,Q., Kramer,L., Nusbaum,C., Birren,B.",Broad Institute of MIT and Harvard,USA,7/28/10,WNV-1/US/BID-V4099/2008,Orthoflavivirus nilense,10621,complete,USA: New York,USA,NY,Corvus brachyrhynchos,brain,2008,Lineage_1
HM488206,West Nile virus,GenBank,set:HM488206,"Henn,M.R., Newman,R.M., Young,D., Ciota,A., Levin,J., Malboeuf,C., Casali,M., Russ,C., Lennon,N., Erlich,R., Anderson,S., Rizzolo,K., Green,L., Ryan,E., Yu,Q., Young,S., Berlin,A., Heiman,D., Sykes,S., Koehrsen,M., Borenstein,D., Engels,R., Freedman,E., Gellesch,M., Heilman,E., Howarth,C., Jen,D., Larson,L., Neiman,D., Park,D., Pearson,M., Roberts,A., Sisk,P., Stolte,C., White,J., Alvarado,L., Godfrey,P., Shenoy,N., Yandava,C., Zeng,Q., Kramer,L., Nusbaum,C., Birren,B.",Broad Institute of MIT and Harvard,USA,7/28/10,WNV-1/US/BID-V4100/2008,Orthoflavivirus nilense,10541,complete,USA: New York,USA,NY,Corvus brachyrhynchos,brain,2008,Lineage_1
HM488207,West Nile virus,GenBank,set:HM488207,"Henn,M.R., Newman,R.M., Young,D., Ciota,A., Levin,J., Malboeuf,C., Casali,M., Russ,C., Lennon,N., Erlich,R., Anderson,S., Rizzolo,K., Green,L., Ryan,E., Yu,Q., Young,S., Berlin,A., Heiman,D., Sykes,S., Koehrsen,M., Borenstein,D., Engels,R., Freedman,E., Gellesch,M., Heilman,E., Howarth,C., Jen,D., Larson,L., Neiman,D., Park,D., Pearson,M., Roberts,A., Sisk,P., Stolte,C., White,J., Alvarado,L., Godfrey,P., Shenoy,N., Yandava,C., Zeng,Q., Kramer,L., Nusbaum,C., Birren,B.",Broad Institute of MIT and Harvard,USA,7/28/10,WNV-1/US/BID-V4101/2008,Orthoflavivirus nilense,10621,complete,USA: New York,USA,NY,Cyanocitta cristata,brain,2008,Lineage_1
HM488208,West Nile virus,GenBank,set:HM488208,"Armstrong,P.M., Vossbrinck,C.R., Andreadis,T.G., Anderson,J.F., Pesko,K.N., Newman,R.M., Lennon,N.J., Birren,B.W., Ebel,G.D., Henn,M.R., Levin,J., Malboeuf,C., Casali,M., Russ,C., Lennon,N., Erlich,R., Anderson,S., Rizzolo,K., Green,L., Ryan,E., Yu,Q., Young,S., Berlin,A., Heiman,D., Sykes,S., Koehrsen,M., Borenstein,D., Engels,R., Freedman,E., Gellesch,M., Heilman,E., Howarth,C., Jen,D., Larson,L., Neiman,D., Park,D., Pearson,M., Roberts,A., Sisk,P., Stolte,C., White,J., Alvarado,L., Godfrey,P., Shenoy,N., Yandava,C., Zeng,Q., Armstrong,P., Anderson,J., Andreadis,T., Vossbrinck,C., Nusbaum,C., Ebel,G., Birren,B.",Broad Institute of MIT and Harvard,USA,7/28/10,WNV-1/US/BID-V4204/2002,Orthoflavivirus nilense,10691,complete,USA: Connecticut,USA,CT,Culex salinarius,NA,2002,Lineage_1
HM488209,West Nile virus,GenBank,set:HM488209,"Armstrong,P.M., Vossbrinck,C.R., Andreadis,T.G., Anderson,J.F., Pesko,K.N., Newman,R.M., Lennon,N.J., Birren,B.W., Ebel,G.D., Henn,M.R., Levin,J., Malboeuf,C., Casali,M., Russ,C., Lennon,N., Erlich,R., Anderson,S., Rizzolo,K., Green,L., Ryan,E., Yu,Q., Young,S., Berlin,A., Heiman,D., Sykes,S., Koehrsen,M., Borenstein,D., Engels,R., Freedman,E., Gellesch,M., Heilman,E., Howarth,C., Jen,D., Larson,L., Neiman,D., Park,D., Pearson,M., Roberts,A., Sisk,P., Stolte,C., White,J., Alvarado,L., Godfrey,P., Shenoy,N., Yandava,C., Zeng,Q., Armstrong,P., Anderson,J., Andreadis,T., Vossbrinck,C., Nusbaum,C., Ebel,G., Birren,B.",Broad Institute of MIT and Harvard,USA,7/28/10,WNV-1/US/BID-V4564/2003,Orthoflavivirus nilense,10622,complete,USA: Connecticut,USA,CT,Ochlerotatus sticticus,NA,2003,Lineage_1
HM488210,West Nile virus,GenBank,set:HM488210,"Armstrong,P.M., Vossbrinck,C.R., Andreadis,T.G., Anderson,J.F., Pesko,K.N., Newman,R.M., Lennon,N.J., Birren,B.W., Ebel,G.D., Henn,M.R., Levin,J., Malboeuf,C., Casali,M., Russ,C., Lennon,N., Erlich,R., Anderson,S., Rizzolo,K., Green,L., Ryan,E., Yu,Q., Young,S., Berlin,A., Heiman,D., Sykes,S., Koehrsen,M., Borenstein,D., Engels,R., Freedman,E., Gellesch,M., Heilman,E., Howarth,C., Jen,D., Larson,L., Neiman,D., Park,D., Pearson,M., Roberts,A., Sisk,P., Stolte,C., White,J., Alvarado,L., Godfrey,P., Shenoy,N., Yandava,C., Zeng,Q., Armstrong,P., Anderson,J., Andreadis,T., Vossbrinck,C., Nusbaum,C., Ebel,G., Birren,B.",Broad Institute of MIT and Harvard,USA,7/28/10,WNV-1/US/BID-V4565/2003,Orthoflavivirus nilense,10709,complete,USA: Connecticut,USA,CT,Culiseta melanura,NA,2003,Lineage_1
HM488212,West Nile virus,GenBank,set:HM488212,"Armstrong,P.M., Vossbrinck,C.R., Andreadis,T.G., Anderson,J.F., Pesko,K.N., Newman,R.M., Lennon,N.J., Birren,B.W., Ebel,G.D., Henn,M.R., Levin,J., Malboeuf,C., Casali,M., Russ,C., Lennon,N., Erlich,R., Anderson,S., Rizzolo,K., Green,L., Ryan,E., Yu,Q., Young,S., Berlin,A., Heiman,D., Sykes,S., Koehrsen,M., Borenstein,D., Engels,R., Freedman,E., Gellesch,M., Heilman,E., Howarth,C., Jen,D., Larson,L., Neiman,D., Park,D., Pearson,M., Roberts,A., Sisk,P., Stolte,C., White,J., Alvarado,L., Godfrey,P., Shenoy,N., Yandava,C., Zeng,Q., Armstrong,P., Anderson,J., Andreadis,T., Vossbrinck,C., Nusbaum,C., Ebel,G., Birren,B.",Broad Institute of MIT and Harvard,USA,7/28/10,WNV-1/US/BID-V4567/2003,Orthoflavivirus nilense,10761,complete,USA: Connecticut,USA,CT,Culex salinarius,NA,2003,Lineage_1
HM488213,West Nile virus,GenBank,set:HM488213,"Armstrong,P.M., Vossbrinck,C.R., Andreadis,T.G., Anderson,J.F., Pesko,K.N., Newman,R.M., Lennon,N.J., Birren,B.W., Ebel,G.D., Henn,M.R., Levin,J., Malboeuf,C., Casali,M., Russ,C., Lennon,N., Erlich,R., Anderson,S., Rizzolo,K., Green,L., Ryan,E., Yu,Q., Young,S., Berlin,A., Heiman,D., Sykes,S., Koehrsen,M., Borenstein,D., Engels,R., Freedman,E., Gellesch,M., Heilman,E., Howarth,C., Jen,D., Larson,L., Neiman,D., Park,D., Pearson,M., Roberts,A., Sisk,P., Stolte,C., White,J., Alvarado,L., Godfrey,P., Shenoy,N., Yandava,C., Zeng,Q., Armstrong,P., Anderson,J., Andreadis,T., Vossbrinck,C., Nusbaum,C., Ebel,G., Birren,B.",Broad Institute of MIT and Harvard,USA,7/28/10,WNV-1/US/BID-V4571/2003,Orthoflavivirus nilense,10672,complete,USA: Connecticut,USA,CT,Culex restuans,NA,2003,Lineage_1
HM488214,West Nile virus,GenBank,set:HM488214,"Armstrong,P.M., Vossbrinck,C.R., Andreadis,T.G., Anderson,J.F., Pesko,K.N., Newman,R.M., Lennon,N.J., Birren,B.W., Ebel,G.D., Henn,M.R., Levin,J., Malboeuf,C., Casali,M., Russ,C., Lennon,N., Erlich,R., Anderson,S., Rizzolo,K., Green,L., Ryan,E., Yu,Q., Young,S., Berlin,A., Heiman,D., Sykes,S., Koehrsen,M., Borenstein,D., Engels,R., Freedman,E., Gellesch,M., Heilman,E., Howarth,C., Jen,D., Larson,L., Neiman,D., Park,D., Pearson,M., Roberts,A., Sisk,P., Stolte,C., White,J., Alvarado,L., Godfrey,P., Shenoy,N., Yandava,C., Zeng,Q., Armstrong,P., Anderson,J., Andreadis,T., Vossbrinck,C., Nusbaum,C., Ebel,G., Birren,B.",Broad Institute of MIT and Harvard,USA,7/28/10,WNV-1/US/BID-V4572/2003,Orthoflavivirus nilense,10621,complete,USA: Connecticut,USA,CT,Culex pipiens,NA,2003,Lineage_1
HM488215,West Nile virus,GenBank,set:HM488215,"Armstrong,P.M., Vossbrinck,C.R., Andreadis,T.G., Anderson,J.F., Pesko,K.N., Newman,R.M., Lennon,N.J., Birren,B.W., Ebel,G.D., Henn,M.R., Levin,J., Malboeuf,C., Casali,M., Russ,C., Lennon,N., Erlich,R., Anderson,S., Rizzolo,K., Green,L., Ryan,E., Yu,Q., Young,S., Berlin,A., Heiman,D., Sykes,S., Koehrsen,M., Borenstein,D., Engels,R., Freedman,E., Gellesch,M., Heilman,E., Howarth,C., Jen,D., Larson,L., Neiman,D., Park,D., Pearson,M., Roberts,A., Sisk,P., Stolte,C., White,J., Alvarado,L., Godfrey,P., Shenoy,N., Yandava,C., Zeng,Q., Armstrong,P., Anderson,J., Andreadis,T., Vossbrinck,C., Nusbaum,C., Ebel,G., Birren,B.",Broad Institute of MIT and Harvard,USA,7/28/10,WNV-1/US/BID-V4573/2003,Orthoflavivirus nilense,10621,complete,USA: Connecticut,USA,CT,Culiseta melanura,NA,2003,Lineage_1
HM488216,West Nile virus,GenBank,set:HM488216,"Armstrong,P.M., Vossbrinck,C.R., Andreadis,T.G., Anderson,J.F., Pesko,K.N., Newman,R.M., Lennon,N.J., Birren,B.W., Ebel,G.D., Henn,M.R., Levin,J., Malboeuf,C., Casali,M., Russ,C., Lennon,N., Erlich,R., Anderson,S., Rizzolo,K., Green,L., Ryan,E., Yu,Q., Young,S., Berlin,A., Heiman,D., Sykes,S., Koehrsen,M., Borenstein,D., Engels,R., Freedman,E., Gellesch,M., Heilman,E., Howarth,C., Jen,D., Larson,L., Neiman,D., Park,D., Pearson,M., Roberts,A., Sisk,P., Stolte,C., White,J., Alvarado,L., Godfrey,P., Shenoy,N., Yandava,C., Zeng,Q., Armstrong,P., Anderson,J., Andreadis,T., Vossbrinck,C., Nusbaum,C., Ebel,G., Birren,B.",Broad Institute of MIT and Harvard,USA,7/28/10,WNV-1/US/BID-V4574/2003,Orthoflavivirus nilense,10645,complete,USA: Connecticut,USA,CT,Culiseta melanura,NA,2003,Lineage_1
HM488217,West Nile virus,GenBank,set:HM488217,"Armstrong,P.M., Vossbrinck,C.R., Andreadis,T.G., Anderson,J.F., Pesko,K.N., Newman,R.M., Lennon,N.J., Birren,B.W., Ebel,G.D., Henn,M.R., Levin,J., Malboeuf,C., Casali,M., Russ,C., Lennon,N., Erlich,R., Anderson,S., Rizzolo,K., Green,L., Ryan,E., Yu,Q., Young,S., Berlin,A., Heiman,D., Sykes,S., Koehrsen,M., Borenstein,D., Engels,R., Freedman,E., Gellesch,M., Heilman,E., Howarth,C., Jen,D., Larson,L., Neiman,D., Park,D., Pearson,M., Roberts,A., Sisk,P., Stolte,C., White,J., Alvarado,L., Godfrey,P., Shenoy,N., Yandava,C., Zeng,Q., Armstrong,P., Anderson,J., Andreadis,T., Vossbrinck,C., Nusbaum,C., Ebel,G., Birren,B.",Broad Institute of MIT and Harvard,USA,7/28/10,WNV-1/US/BID-V4581/2003,Orthoflavivirus nilense,10467,complete,USA: Connecticut,USA,CT,Culex salinarius,NA,2003,Lineage_1
HM488218,West Nile virus,GenBank,set:HM488218,"Armstrong,P.M., Vossbrinck,C.R., Andreadis,T.G., Anderson,J.F., Pesko,K.N., Newman,R.M., Lennon,N.J., Birren,B.W., Ebel,G.D., Henn,M.R., Levin,J., Malboeuf,C., Casali,M., Russ,C., Lennon,N., Erlich,R., Anderson,S., Rizzolo,K., Green,L., Ryan,E., Yu,Q., Young,S., Berlin,A., Heiman,D., Sykes,S., Koehrsen,M., Borenstein,D., Engels,R., Freedman,E., Gellesch,M., Heilman,E., Howarth,C., Jen,D., Larson,L., Neiman,D., Park,D., Pearson,M., Roberts,A., Sisk,P., Stolte,C., White,J., Alvarado,L., Godfrey,P., Shenoy,N., Yandava,C., Zeng,Q., Armstrong,P., Anderson,J., Andreadis,T., Vossbrinck,C., Nusbaum,C., Ebel,G., Birren,B.",Broad Institute of MIT and Harvard,USA,7/28/10,WNV-1/US/BID-V4583/2003,Orthoflavivirus nilense,10491,complete,USA: Connecticut,USA,CT,Culex pipiens,NA,2003,Lineage_1
HM488219,West Nile virus,GenBank,set:HM488219,"Armstrong,P.M., Vossbrinck,C.R., Andreadis,T.G., Anderson,J.F., Pesko,K.N., Newman,R.M., Lennon,N.J., Birren,B.W., Ebel,G.D., Henn,M.R., Levin,J., Malboeuf,C., Casali,M., Russ,C., Lennon,N., Erlich,R., Anderson,S., Rizzolo,K., Green,L., Ryan,E., Yu,Q., Young,S., Berlin,A., Heiman,D., Sykes,S., Koehrsen,M., Borenstein,D., Engels,R., Freedman,E., Gellesch,M., Heilman,E., Howarth,C., Jen,D., Larson,L., Neiman,D., Park,D., Pearson,M., Roberts,A., Sisk,P., Stolte,C., White,J., Alvarado,L., Godfrey,P., Shenoy,N., Yandava,C., Zeng,Q., Armstrong,P., Anderson,J., Andreadis,T., Vossbrinck,C., Nusbaum,C., Ebel,G., Birren,B.",Broad Institute of MIT and Harvard,USA,7/28/10,WNV-1/US/BID-V4585/2003,Orthoflavivirus nilense,10985,complete,USA: Connecticut,USA,CT,Culex pipiens,NA,2003,Lineage_1
HM488220,West Nile virus,GenBank,set:HM488220,"Armstrong,P.M., Vossbrinck,C.R., Andreadis,T.G., Anderson,J.F., Pesko,K.N., Newman,R.M., Lennon,N.J., Birren,B.W., Ebel,G.D., Henn,M.R., Levin,J., Malboeuf,C., Casali,M., Russ,C., Lennon,N., Erlich,R., Anderson,S., Rizzolo,K., Green,L., Ryan,E., Yu,Q., Young,S., Berlin,A., Heiman,D., Sykes,S., Koehrsen,M., Borenstein,D., Engels,R., Freedman,E., Gellesch,M., Heilman,E., Howarth,C., Jen,D., Larson,L., Neiman,D., Park,D., Pearson,M., Roberts,A., Sisk,P., Stolte,C., White,J., Alvarado,L., Godfrey,P., Shenoy,N., Yandava,C., Zeng,Q., Armstrong,P., Anderson,J., Andreadis,T., Vossbrinck,C., Nusbaum,C., Ebel,G., Birren,B.",Broad Institute of MIT and Harvard,USA,7/28/10,WNV-1/US/BID-V4586/2003,Orthoflavivirus nilense,10621,complete,USA: Connecticut,USA,CT,Culex salinarius,NA,2003,Lineage_1
HM488221,West Nile virus,GenBank,set:HM488221,"Armstrong,P.M., Vossbrinck,C.R., Andreadis,T.G., Anderson,J.F., Pesko,K.N., Newman,R.M., Lennon,N.J., Birren,B.W., Ebel,G.D., Henn,M.R., Levin,J., Malboeuf,C., Casali,M., Russ,C., Lennon,N., Erlich,R., Anderson,S., Rizzolo,K., Green,L., Ryan,E., Yu,Q., Young,S., Berlin,A., Heiman,D., Sykes,S., Koehrsen,M., Borenstein,D., Engels,R., Freedman,E., Gellesch,M., Heilman,E., Howarth,C., Jen,D., Larson,L., Neiman,D., Park,D., Pearson,M., Roberts,A., Sisk,P., Stolte,C., White,J., Alvarado,L., Godfrey,P., Shenoy,N., Yandava,C., Zeng,Q., Armstrong,P., Anderson,J., Andreadis,T., Vossbrinck,C., Nusbaum,C., Ebel,G., Birren,B.",Broad Institute of MIT and Harvard,USA,7/28/10,WNV-1/US/BID-V4593/2003,Orthoflavivirus nilense,10704,complete,USA: Connecticut,USA,CT,Culiseta melanura,NA,2003,Lineage_1
HM488222,West Nile virus,GenBank,set:HM488222,"Armstrong,P.M., Vossbrinck,C.R., Andreadis,T.G., Anderson,J.F., Pesko,K.N., Newman,R.M., Lennon,N.J., Birren,B.W., Ebel,G.D., Henn,M.R., Levin,J., Malboeuf,C., Casali,M., Russ,C., Lennon,N., Erlich,R., Anderson,S., Rizzolo,K., Green,L., Ryan,E., Yu,Q., Young,S., Berlin,A., Heiman,D., Sykes,S., Koehrsen,M., Borenstein,D., Engels,R., Freedman,E., Gellesch,M., Heilman,E., Howarth,C., Jen,D., Larson,L., Neiman,D., Park,D., Pearson,M., Roberts,A., Sisk,P., Stolte,C., White,J., Alvarado,L., Godfrey,P., Shenoy,N., Yandava,C., Zeng,Q., Armstrong,P., Anderson,J., Andreadis,T., Vossbrinck,C., Nusbaum,C., Ebel,G., Birren,B.",Broad Institute of MIT and Harvard,USA,7/28/10,WNV-1/US/BID-V4599/2003,Orthoflavivirus nilense,10649,complete,USA: Connecticut,USA,CT,Culiseta melanura,NA,2003,Lineage_1
HM488223,West Nile virus,GenBank,set:HM488223,"Armstrong,P.M., Vossbrinck,C.R., Andreadis,T.G., Anderson,J.F., Pesko,K.N., Newman,R.M., Lennon,N.J., Birren,B.W., Ebel,G.D., Henn,M.R., Levin,J., Malboeuf,C., Casali,M., Russ,C., Lennon,N., Erlich,R., Anderson,S., Rizzolo,K., Green,L., Ryan,E., Yu,Q., Young,S., Berlin,A., Heiman,D., Sykes,S., Koehrsen,M., Borenstein,D., Engels,R., Freedman,E., Gellesch,M., Heilman,E., Howarth,C., Jen,D., Larson,L., Neiman,D., Park,D., Pearson,M., Roberts,A., Sisk,P., Stolte,C., White,J., Alvarado,L., Godfrey,P., Shenoy,N., Yandava,C., Zeng,Q., Armstrong,P., Anderson,J., Andreadis,T., Vossbrinck,C., Nusbaum,C., Ebel,G., Birren,B.",Broad Institute of MIT and Harvard,USA,7/28/10,WNV-1/US/BID-V4603/2003,Orthoflavivirus nilense,10619,complete,USA: Connecticut,USA,CT,Culiseta melanura,NA,2003,Lineage_1
HM488224,West Nile virus,GenBank,set:HM488224,"Armstrong,P.M., Vossbrinck,C.R., Andreadis,T.G., Anderson,J.F., Pesko,K.N., Newman,R.M., Lennon,N.J., Birren,B.W., Ebel,G.D., Henn,M.R., Levin,J., Malboeuf,C., Casali,M., Russ,C., Lennon,N., Erlich,R., Anderson,S., Rizzolo,K., Green,L., Ryan,E., Yu,Q., Young,S., Berlin,A., Heiman,D., Sykes,S., Koehrsen,M., Borenstein,D., Engels,R., Freedman,E., Gellesch,M., Heilman,E., Howarth,C., Jen,D., Larson,L., Neiman,D., Park,D., Pearson,M., Roberts,A., Sisk,P., Stolte,C., White,J., Alvarado,L., Godfrey,P., Shenoy,N., Yandava,C., Zeng,Q., Armstrong,P., Anderson,J., Andreadis,T., Vossbrinck,C., Nusbaum,C., Ebel,G., Birren,B.",Broad Institute of MIT and Harvard,USA,7/28/10,WNV-1/US/BID-V4604/2003,Orthoflavivirus nilense,10439,complete,USA: Connecticut,USA,CT,Culiseta melanura,NA,2003,Lineage_1
HM488225,West Nile virus,GenBank,set:HM488225,"Armstrong,P.M., Vossbrinck,C.R., Andreadis,T.G., Anderson,J.F., Pesko,K.N., Newman,R.M., Lennon,N.J., Birren,B.W., Ebel,G.D., Henn,M.R., Levin,J., Malboeuf,C., Casali,M., Russ,C., Lennon,N., Erlich,R., Anderson,S., Rizzolo,K., Green,L., Ryan,E., Yu,Q., Young,S., Berlin,A., Heiman,D., Sykes,S., Koehrsen,M., Borenstein,D., Engels,R., Freedman,E., Gellesch,M., Heilman,E., Howarth,C., Jen,D., Larson,L., Neiman,D., Park,D., Pearson,M., Roberts,A., Sisk,P., Stolte,C., White,J., Alvarado,L., Godfrey,P., Shenoy,N., Yandava,C., Zeng,Q., Armstrong,P., Anderson,J., Andreadis,T., Vossbrinck,C., Nusbaum,C., Ebel,G., Birren,B.",Broad Institute of MIT and Harvard,USA,7/28/10,WNV-1/US/BID-V4605/2003,Orthoflavivirus nilense,10620,complete,USA: Connecticut,USA,CT,Aedes cinereus,NA,2003,Lineage_1
HM488227,West Nile virus,GenBank,set:HM488227,"Armstrong,P.M., Vossbrinck,C.R., Andreadis,T.G., Anderson,J.F., Pesko,K.N., Newman,R.M., Lennon,N.J., Birren,B.W., Ebel,G.D., Henn,M.R., Levin,J., Malboeuf,C., Casali,M., Russ,C., Lennon,N., Erlich,R., Anderson,S., Rizzolo,K., Green,L., Ryan,E., Yu,Q., Young,S., Berlin,A., Heiman,D., Sykes,S., Koehrsen,M., Borenstein,D., Engels,R., Freedman,E., Gellesch,M., Heilman,E., Howarth,C., Jen,D., Larson,L., Neiman,D., Park,D., Pearson,M., Roberts,A., Sisk,P., Stolte,C., White,J., Alvarado,L., Godfrey,P., Shenoy,N., Yandava,C., Zeng,Q., Armstrong,P., Anderson,J., Andreadis,T., Vossbrinck,C., Nusbaum,C., Ebel,G., Birren,B.",Broad Institute of MIT and Harvard,USA,7/28/10,WNV-1/US/BID-V4608/2003,Orthoflavivirus nilense,10655,complete,USA: Connecticut,USA,CT,Culex restuans,NA,2003,Lineage_1
HM488228,West Nile virus,GenBank,set:HM488228,"Armstrong,P.M., Vossbrinck,C.R., Andreadis,T.G., Anderson,J.F., Pesko,K.N., Newman,R.M., Lennon,N.J., Birren,B.W., Ebel,G.D., Henn,M.R., Levin,J., Malboeuf,C., Casali,M., Russ,C., Lennon,N., Erlich,R., Anderson,S., Rizzolo,K., Green,L., Ryan,E., Yu,Q., Young,S., Berlin,A., Heiman,D., Sykes,S., Koehrsen,M., Borenstein,D., Engels,R., Freedman,E., Gellesch,M., Heilman,E., Howarth,C., Jen,D., Larson,L., Neiman,D., Park,D., Pearson,M., Roberts,A., Sisk,P., Stolte,C., White,J., Alvarado,L., Godfrey,P., Shenoy,N., Yandava,C., Zeng,Q., Armstrong,P., Anderson,J., Andreadis,T., Vossbrinck,C., Nusbaum,C., Ebel,G., Birren,B.",Broad Institute of MIT and Harvard,USA,7/28/10,WNV-1/US/BID-V4609/2003,Orthoflavivirus nilense,10621,complete,USA: Connecticut,USA,CT,Culex salinarius,NA,2003,Lineage_1
HM488229,West Nile virus,GenBank,set:HM488229,"Armstrong,P.M., Vossbrinck,C.R., Andreadis,T.G., Anderson,J.F., Pesko,K.N., Newman,R.M., Lennon,N.J., Birren,B.W., Ebel,G.D., Henn,M.R., Levin,J., Malboeuf,C., Casali,M., Russ,C., Lennon,N., Erlich,R., Anderson,S., Rizzolo,K., Green,L., Ryan,E., Yu,Q., Young,S., Berlin,A., Heiman,D., Sykes,S., Koehrsen,M., Borenstein,D., Engels,R., Freedman,E., Gellesch,M., Heilman,E., Howarth,C., Jen,D., Larson,L., Neiman,D., Park,D., Pearson,M., Roberts,A., Sisk,P., Stolte,C., White,J., Alvarado,L., Godfrey,P., Shenoy,N., Yandava,C., Zeng,Q., Armstrong,P., Anderson,J., Andreadis,T., Vossbrinck,C., Nusbaum,C., Ebel,G., Birren,B.",Broad Institute of MIT and Harvard,USA,7/28/10,WNV-1/US/BID-V4610/2003,Orthoflavivirus nilense,10622,complete,USA: Connecticut,USA,CT,Psorophora ferox,NA,2003,Lineage_1
HM488230,West Nile virus,GenBank,set:HM488230,"Armstrong,P.M., Vossbrinck,C.R., Andreadis,T.G., Anderson,J.F., Pesko,K.N., Newman,R.M., Lennon,N.J., Birren,B.W., Ebel,G.D., Henn,M.R., Levin,J., Malboeuf,C., Casali,M., Russ,C., Lennon,N., Erlich,R., Anderson,S., Rizzolo,K., Green,L., Ryan,E., Yu,Q., Young,S., Berlin,A., Heiman,D., Sykes,S., Koehrsen,M., Borenstein,D., Engels,R., Freedman,E., Gellesch,M., Heilman,E., Howarth,C., Jen,D., Larson,L., Neiman,D., Park,D., Pearson,M., Roberts,A., Sisk,P., Stolte,C., White,J., Alvarado,L., Godfrey,P., Shenoy,N., Yandava,C., Zeng,Q., Armstrong,P., Anderson,J., Andreadis,T., Vossbrinck,C., Nusbaum,C., Ebel,G., Birren,B.",Broad Institute of MIT and Harvard,USA,7/28/10,WNV-1/US/BID-V4612/2003,Orthoflavivirus nilense,10985,complete,USA: Connecticut,USA,CT,Culex salinarius,NA,2003,Lineage_1
HM488231,West Nile virus,GenBank,set:HM488231,"Armstrong,P.M., Vossbrinck,C.R., Andreadis,T.G., Anderson,J.F., Pesko,K.N., Newman,R.M., Lennon,N.J., Birren,B.W., Ebel,G.D., Henn,M.R., Levin,J., Malboeuf,C., Casali,M., Russ,C., Lennon,N., Erlich,R., Anderson,S., Rizzolo,K., Green,L., Ryan,E., Yu,Q., Young,S., Berlin,A., Heiman,D., Sykes,S., Koehrsen,M., Borenstein,D., Engels,R., Freedman,E., Gellesch,M., Heilman,E., Howarth,C., Jen,D., Larson,L., Neiman,D., Park,D., Pearson,M., Roberts,A., Sisk,P., Stolte,C., White,J., Alvarado,L., Godfrey,P., Shenoy,N., Yandava,C., Zeng,Q., Armstrong,P., Anderson,J., Andreadis,T., Vossbrinck,C., Nusbaum,C., Ebel,G., Birren,B.",Broad Institute of MIT and Harvard,USA,7/28/10,WNV-1/US/BID-V4613/2003,Orthoflavivirus nilense,10501,complete,USA: Connecticut,USA,CT,Culiseta melanura,NA,2003,Lineage_1
HM488233,West Nile virus,GenBank,set:HM488233,"Armstrong,P.M., Vossbrinck,C.R., Andreadis,T.G., Anderson,J.F., Pesko,K.N., Newman,R.M., Lennon,N.J., Birren,B.W., Ebel,G.D., Henn,M.R., Levin,J., Malboeuf,C., Casali,M., Russ,C., Lennon,N., Erlich,R., Anderson,S., Rizzolo,K., Green,L., Ryan,E., Yu,Q., Young,S., Berlin,A., Heiman,D., Sykes,S., Koehrsen,M., Borenstein,D., Engels,R., Freedman,E., Gellesch,M., Heilman,E., Howarth,C., Jen,D., Larson,L., Neiman,D., Park,D., Pearson,M., Roberts,A., Sisk,P., Stolte,C., White,J., Alvarado,L., Godfrey,P., Shenoy,N., Yandava,C., Zeng,Q., Armstrong,P., Anderson,J., Andreadis,T., Vossbrinck,C., Nusbaum,C., Ebel,G., Birren,B.",Broad Institute of MIT and Harvard,USA,7/28/10,WNV-1/US/BID-V4616/2003,Orthoflavivirus nilense,10732,complete,USA: Connecticut,USA,CT,Aedes vexans,NA,2003,Lineage_1
HM488234,West Nile virus,GenBank,set:HM488234,"Armstrong,P.M., Vossbrinck,C.R., Andreadis,T.G., Anderson,J.F., Pesko,K.N., Newman,R.M., Lennon,N.J., Birren,B.W., Ebel,G.D., Henn,M.R., Levin,J., Malboeuf,C., Casali,M., Russ,C., Lennon,N., Erlich,R., Anderson,S., Rizzolo,K., Green,L., Ryan,E., Yu,Q., Young,S., Berlin,A., Heiman,D., Sykes,S., Koehrsen,M., Borenstein,D., Engels,R., Freedman,E., Gellesch,M., Heilman,E., Howarth,C., Jen,D., Larson,L., Neiman,D., Park,D., Pearson,M., Roberts,A., Sisk,P., Stolte,C., White,J., Alvarado,L., Godfrey,P., Shenoy,N., Yandava,C., Zeng,Q., Armstrong,P., Anderson,J., Andreadis,T., Vossbrinck,C., Nusbaum,C., Ebel,G., Birren,B.",Broad Institute of MIT and Harvard,USA,7/28/10,WNV-1/US/BID-V4617/2003,Orthoflavivirus nilense,10741,complete,USA: Connecticut,USA,CT,Culex salinarius,NA,2003,Lineage_1
HM488235,West Nile virus,GenBank,set:HM488235,"Armstrong,P.M., Vossbrinck,C.R., Andreadis,T.G., Anderson,J.F., Pesko,K.N., Newman,R.M., Lennon,N.J., Birren,B.W., Ebel,G.D., Henn,M.R., Levin,J., Malboeuf,C., Casali,M., Russ,C., Lennon,N., Erlich,R., Anderson,S., Rizzolo,K., Green,L., Ryan,E., Yu,Q., Young,S., Berlin,A., Heiman,D., Sykes,S., Koehrsen,M., Borenstein,D., Engels,R., Freedman,E., Gellesch,M., Heilman,E., Howarth,C., Jen,D., Larson,L., Neiman,D., Park,D., Pearson,M., Roberts,A., Sisk,P., Stolte,C., White,J., Alvarado,L., Godfrey,P., Shenoy,N., Yandava,C., Zeng,Q., Armstrong,P., Anderson,J., Andreadis,T., Vossbrinck,C., Nusbaum,C., Ebel,G., Birren,B.",Broad Institute of MIT and Harvard,USA,7/28/10,WNV-1/US/BID-V4619/2003,Orthoflavivirus nilense,10908,complete,USA: Connecticut,USA,CT,Culiseta melanura,NA,2003,Lineage_1
HM488236,West Nile virus,GenBank,set:HM488236,"Armstrong,P.M., Vossbrinck,C.R., Andreadis,T.G., Anderson,J.F., Pesko,K.N., Newman,R.M., Lennon,N.J., Birren,B.W., Ebel,G.D., Henn,M.R., Levin,J., Malboeuf,C., Casali,M., Russ,C., Lennon,N., Erlich,R., Anderson,S., Rizzolo,K., Green,L., Ryan,E., Yu,Q., Young,S., Berlin,A., Heiman,D., Sykes,S., Koehrsen,M., Borenstein,D., Engels,R., Freedman,E., Gellesch,M., Heilman,E., Howarth,C., Jen,D., Larson,L., Neiman,D., Park,D., Pearson,M., Roberts,A., Sisk,P., Stolte,C., White,J., Alvarado,L., Godfrey,P., Shenoy,N., Yandava,C., Zeng,Q., Armstrong,P., Anderson,J., Andreadis,T., Vossbrinck,C., Nusbaum,C., Ebel,G., Birren,B.",Broad Institute of MIT and Harvard,USA,7/28/10,WNV-1/US/BID-V4700/2003,Orthoflavivirus nilense,10843,complete,USA: Connecticut,USA,CT,Culiseta melanura,NA,2003,Lineage_1
HM488237,West Nile virus,GenBank,set:HM488237,"Henn,M.R., Newman,R.M., Young,D., Ciota,A., Levin,J., Malboeuf,C., Casali,M., Russ,C., Lennon,N., Erlich,R., Anderson,S., Rizzolo,K., Green,L., Ryan,E., Yu,Q., Young,S., Berlin,A., Heiman,D., Sykes,S., Koehrsen,M., Borenstein,D., Engels,R., Freedman,E., Gellesch,M., Heilman,E., Howarth,C., Jen,D., Larson,L., Neiman,D., Park,D., Pearson,M., Roberts,A., Sisk,P., Stolte,C., White,J., Alvarado,L., Godfrey,P., Shenoy,N., Yandava,C., Zeng,Q., Kramer,L., Nusbaum,C., Birren,B.",Broad Institute of MIT and Harvard,USA,7/28/10,WNV-1/US/BID-V4622/2008,Orthoflavivirus nilense,10621,complete,USA: New York,USA,NY,Corvus brachyrhynchos,brain,2008,Lineage_1
HM488238,West Nile virus,GenBank,set:HM488238,"Henn,M.R., Newman,R.M., Young,D., Ciota,A., Levin,J., Malboeuf,C., Casali,M., Russ,C., Lennon,N., Erlich,R., Anderson,S., Rizzolo,K., Green,L., Ryan,E., Yu,Q., Young,S., Berlin,A., Heiman,D., Sykes,S., Koehrsen,M., Borenstein,D., Engels,R., Freedman,E., Gellesch,M., Heilman,E., Howarth,C., Jen,D., Larson,L., Neiman,D., Park,D., Pearson,M., Roberts,A., Sisk,P., Stolte,C., White,J., Alvarado,L., Godfrey,P., Shenoy,N., Yandava,C., Zeng,Q., Kramer,L., Nusbaum,C., Birren,B.",Broad Institute of MIT and Harvard,USA,7/28/10,WNV-1/US/BID-V4623/2008,Orthoflavivirus nilense,10621,complete,USA: New York,USA,NY,Corvus brachyrhynchos,brain,2008,Lineage_1
HM488239,West Nile virus,GenBank,set:HM488239,"Henn,M.R., Newman,R.M., Young,D., Ciota,A., Levin,J., Malboeuf,C., Casali,M., Russ,C., Lennon,N., Erlich,R., Anderson,S., Rizzolo,K., Green,L., Ryan,E., Yu,Q., Young,S., Berlin,A., Heiman,D., Sykes,S., Koehrsen,M., Borenstein,D., Engels,R., Freedman,E., Gellesch,M., Heilman,E., Howarth,C., Jen,D., Larson,L., Neiman,D., Park,D., Pearson,M., Roberts,A., Sisk,P., Stolte,C., White,J., Alvarado,L., Godfrey,P., Shenoy,N., Yandava,C., Zeng,Q., Kramer,L., Nusbaum,C., Birren,B.",Broad Institute of MIT and Harvard,USA,7/28/10,WNV-1/US/BID-V4624/2008,Orthoflavivirus nilense,10621,complete,USA: New York,USA,NY,Corvus brachyrhynchos,brain,2008,Lineage_1
HM488240,West Nile virus,GenBank,set:HM488240,"Henn,M.R., Newman,R.M., Young,D., Ciota,A., Levin,J., Malboeuf,C., Casali,M., Russ,C., Lennon,N., Erlich,R., Anderson,S., Rizzolo,K., Green,L., Ryan,E., Yu,Q., Young,S., Berlin,A., Heiman,D., Sykes,S., Koehrsen,M., Borenstein,D., Engels,R., Freedman,E., Gellesch,M., Heilman,E., Howarth,C., Jen,D., Larson,L., Neiman,D., Park,D., Pearson,M., Roberts,A., Sisk,P., Stolte,C., White,J., Alvarado,L., Godfrey,P., Shenoy,N., Yandava,C., Zeng,Q., Kramer,L., Nusbaum,C., Birren,B.",Broad Institute of MIT and Harvard,USA,7/28/10,WNV-1/US/BID-V4627/2008,Orthoflavivirus nilense,10403,complete,USA: New York,USA,NY,Cyanocitta cristata,brain,2008,Lineage_1
HM488242,West Nile virus,GenBank,set:HM488242,"Henn,M.R., Newman,R.M., Young,D., Ciota,A., Levin,J., Malboeuf,C., Casali,M., Russ,C., Lennon,N., Erlich,R., Anderson,S., Rizzolo,K., Green,L., Ryan,E., Yu,Q., Young,S., Berlin,A., Heiman,D., Sykes,S., Koehrsen,M., Borenstein,D., Engels,R., Freedman,E., Gellesch,M., Heilman,E., Howarth,C., Jen,D., Larson,L., Neiman,D., Park,D., Pearson,M., Roberts,A., Sisk,P., Stolte,C., White,J., Alvarado,L., Godfrey,P., Shenoy,N., Yandava,C., Zeng,Q., Kramer,L., Nusbaum,C., Birren,B.",Broad Institute of MIT and Harvard,USA,7/28/10,WNV-1/US/BID-V4631/2008,Orthoflavivirus nilense,10478,complete,USA: New York,USA,NY,Poecile atricapillus,brain,2008,Lineage_1
HM488243,West Nile virus,GenBank,set:HM488243,"Henn,M.R., Newman,R.M., Young,D., Ciota,A., Levin,J., Malboeuf,C., Casali,M., Russ,C., Lennon,N., Erlich,R., Anderson,S., Rizzolo,K., Green,L., Ryan,E., Yu,Q., Young,S., Berlin,A., Heiman,D., Sykes,S., Koehrsen,M., Borenstein,D., Engels,R., Freedman,E., Gellesch,M., Heilman,E., Howarth,C., Jen,D., Larson,L., Neiman,D., Park,D., Pearson,M., Roberts,A., Sisk,P., Stolte,C., White,J., Alvarado,L., Godfrey,P., Shenoy,N., Yandava,C., Zeng,Q., Kramer,L., Nusbaum,C., Birren,B.",Broad Institute of MIT and Harvard,USA,7/28/10,WNV-1/US/BID-V4632/2008,Orthoflavivirus nilense,10618,complete,USA: New York,USA,NY,Corvus brachyrhynchos,brain,2008,Lineage_1
HM488244,West Nile virus,GenBank,set:HM488244,"Henn,M.R., Newman,R.M., Young,D., Ciota,A., Levin,J., Malboeuf,C., Casali,M., Russ,C., Lennon,N., Erlich,R., Anderson,S., Rizzolo,K., Green,L., Ryan,E., Yu,Q., Young,S., Berlin,A., Heiman,D., Sykes,S., Koehrsen,M., Borenstein,D., Engels,R., Freedman,E., Gellesch,M., Heilman,E., Howarth,C., Jen,D., Larson,L., Neiman,D., Park,D., Pearson,M., Roberts,A., Sisk,P., Stolte,C., White,J., Alvarado,L., Godfrey,P., Shenoy,N., Yandava,C., Zeng,Q., Kramer,L., Nusbaum,C., Birren,B.",Broad Institute of MIT and Harvard,USA,7/28/10,WNV-1/US/BID-V4634/2008,Orthoflavivirus nilense,10629,complete,USA: New York,USA,NY,Falco sparverius,brain,2008,Lineage_1
HM488245,West Nile virus,GenBank,set:HM488245,"Henn,M.R., Newman,R.M., Young,D., Ciota,A., Levin,J., Malboeuf,C., Casali,M., Russ,C., Lennon,N., Erlich,R., Anderson,S., Rizzolo,K., Green,L., Ryan,E., Yu,Q., Young,S., Berlin,A., Heiman,D., Sykes,S., Koehrsen,M., Borenstein,D., Engels,R., Freedman,E., Gellesch,M., Heilman,E., Howarth,C., Jen,D., Larson,L., Neiman,D., Park,D., Pearson,M., Roberts,A., Sisk,P., Stolte,C., White,J., Alvarado,L., Godfrey,P., Shenoy,N., Yandava,C., Zeng,Q., Kramer,L., Nusbaum,C., Birren,B.",Broad Institute of MIT and Harvard,USA,7/28/10,WNV-1/US/BID-V4635/2008,Orthoflavivirus nilense,10621,complete,USA: New York,USA,NY,Corvus brachyrhynchos,brain,2008,Lineage_1
HM488246,West Nile virus,GenBank,set:HM488246,"Henn,M.R., Newman,R.M., Young,D., Ciota,A., Levin,J., Malboeuf,C., Casali,M., Russ,C., Lennon,N., Erlich,R., Anderson,S., Rizzolo,K., Green,L., Ryan,E., Yu,Q., Young,S., Berlin,A., Heiman,D., Sykes,S., Koehrsen,M., Borenstein,D., Engels,R., Freedman,E., Gellesch,M., Heilman,E., Howarth,C., Jen,D., Larson,L., Neiman,D., Park,D., Pearson,M., Roberts,A., Sisk,P., Stolte,C., White,J., Alvarado,L., Godfrey,P., Shenoy,N., Yandava,C., Zeng,Q., Kramer,L., Nusbaum,C., Birren,B.",Broad Institute of MIT and Harvard,USA,7/28/10,WNV-1/US/BID-V4689/2001,Orthoflavivirus nilense,10533,complete,USA: New York,USA,NY,Corvus brachyrhynchos,brain,2001,Lineage_1
HM488247,West Nile virus,GenBank,set:HM488247,"Henn,M.R., Newman,R.M., Young,D., Ciota,A., Levin,J., Malboeuf,C., Casali,M., Russ,C., Lennon,N., Erlich,R., Anderson,S., Rizzolo,K., Green,L., Ryan,E., Yu,Q., Young,S., Berlin,A., Heiman,D., Sykes,S., Koehrsen,M., Borenstein,D., Engels,R., Freedman,E., Gellesch,M., Heilman,E., Howarth,C., Jen,D., Larson,L., Neiman,D., Park,D., Pearson,M., Roberts,A., Sisk,P., Stolte,C., White,J., Alvarado,L., Godfrey,P., Shenoy,N., Yandava,C., Zeng,Q., Kramer,L., Nusbaum,C., Birren,B.",Broad Institute of MIT and Harvard,USA,7/28/10,WNV-1/US/BID-V4691/2001,Orthoflavivirus nilense,10612,complete,USA: New York,USA,NY,Corvus brachyrhynchos,brain,2001,Lineage_1
HM488248,West Nile virus,GenBank,set:HM488248,"Henn,M.R., Newman,R.M., Young,D., Ciota,A., Levin,J., Malboeuf,C., Casali,M., Russ,C., Lennon,N., Erlich,R., Anderson,S., Rizzolo,K., Green,L., Ryan,E., Yu,Q., Young,S., Berlin,A., Heiman,D., Sykes,S., Koehrsen,M., Borenstein,D., Engels,R., Freedman,E., Gellesch,M., Heilman,E., Howarth,C., Jen,D., Larson,L., Neiman,D., Park,D., Pearson,M., Roberts,A., Sisk,P., Stolte,C., White,J., Alvarado,L., Godfrey,P., Shenoy,N., Yandava,C., Zeng,Q., Kramer,L., Nusbaum,C., Birren,B.",Broad Institute of MIT and Harvard,USA,7/28/10,WNV-1/US/BID-V4694/2001,Orthoflavivirus nilense,10608,complete,USA: New York,USA,NY,Corvus brachyrhynchos,brain,2001,Lineage_1
HM488249,West Nile virus,GenBank,set:HM488249,"Henn,M.R., Newman,R.M., Young,D., Ciota,A., Levin,J., Malboeuf,C., Casali,M., Russ,C., Lennon,N., Erlich,R., Anderson,S., Rizzolo,K., Green,L., Ryan,E., Yu,Q., Young,S., Berlin,A., Heiman,D., Sykes,S., Koehrsen,M., Borenstein,D., Engels,R., Freedman,E., Gellesch,M., Heilman,E., Howarth,C., Jen,D., Larson,L., Neiman,D., Park,D., Pearson,M., Roberts,A., Sisk,P., Stolte,C., White,J., Alvarado,L., Godfrey,P., Shenoy,N., Yandava,C., Zeng,Q., Kramer,L., Nusbaum,C., Birren,B.",Broad Institute of MIT and Harvard,USA,7/28/10,WNV-1/US/BID-V4696/2001,Orthoflavivirus nilense,10484,complete,USA: New York,USA,NY,Corvus brachyrhynchos,brain,2001,Lineage_1
HM488250,West Nile virus,GenBank,set:HM488250,"Henn,M.R., Newman,R.M., Young,D., Ciota,A., Levin,J., Malboeuf,C., Casali,M., Russ,C., Lennon,N., Erlich,R., Anderson,S., Rizzolo,K., Green,L., Ryan,E., Yu,Q., Young,S., Berlin,A., Heiman,D., Sykes,S., Koehrsen,M., Borenstein,D., Engels,R., Freedman,E., Gellesch,M., Heilman,E., Howarth,C., Jen,D., Larson,L., Neiman,D., Park,D., Pearson,M., Roberts,A., Sisk,P., Stolte,C., White,J., Alvarado,L., Godfrey,P., Shenoy,N., Yandava,C., Zeng,Q., Kramer,L., Nusbaum,C., Birren,B.",Broad Institute of MIT and Harvard,USA,7/28/10,WNV-1/US/BID-V4717/2003,Orthoflavivirus nilense,10611,complete,USA: New York,USA,NY,Corvus brachyrhynchos,brain,2003,Lineage_1
HM488251,West Nile virus,GenBank,set:HM488251,"Henn,M.R., Newman,R.M., Young,D., Ciota,A., Levin,J., Malboeuf,C., Casali,M., Russ,C., Lennon,N., Erlich,R., Anderson,S., Rizzolo,K., Green,L., Ryan,E., Yu,Q., Young,S., Berlin,A., Heiman,D., Sykes,S., Koehrsen,M., Borenstein,D., Engels,R., Freedman,E., Gellesch,M., Heilman,E., Howarth,C., Jen,D., Larson,L., Neiman,D., Park,D., Pearson,M., Roberts,A., Sisk,P., Stolte,C., White,J., Alvarado,L., Godfrey,P., Shenoy,N., Yandava,C., Zeng,Q., Kramer,L., Nusbaum,C., Birren,B.",Broad Institute of MIT and Harvard,USA,7/28/10,WNV-1/US/BID-V4719/2003,Orthoflavivirus nilense,10612,complete,USA: New York,USA,NY,Corvus brachyrhynchos,brain,2003,Lineage_1
HM488252,West Nile virus,GenBank,set:HM488252,"Henn,M.R., Newman,R.M., Young,D., Ciota,A., Levin,J., Malboeuf,C., Casali,M., Russ,C., Lennon,N., Erlich,R., Anderson,S., Rizzolo,K., Green,L., Ryan,E., Yu,Q., Young,S., Berlin,A., Heiman,D., Sykes,S., Koehrsen,M., Borenstein,D., Engels,R., Freedman,E., Gellesch,M., Heilman,E., Howarth,C., Jen,D., Larson,L., Neiman,D., Park,D., Pearson,M., Roberts,A., Sisk,P., Stolte,C., White,J., Alvarado,L., Godfrey,P., Shenoy,N., Yandava,C., Zeng,Q., Kramer,L., Nusbaum,C., Birren,B.",Broad Institute of MIT and Harvard,USA,7/28/10,WNV-1/US/BID-V4805/2005,Orthoflavivirus nilense,10611,complete,USA: New York,USA,NY,Corvus brachyrhynchos,brain,2005,Lineage_1
HM488253,West Nile virus,GenBank,set:HM488253,"Henn,M.R., Newman,R.M., Levin,J., Malboeuf,C., Casali,M., Russ,C., Lennon,N., Erlich,R., Anderson,S., Rizzolo,K., Green,L., Ryan,E., Yu,Q., Young,S., Berlin,A., Heiman,D., Sykes,S., Koehrsen,M., Borenstein,D., Engels,R., Freedman,E., Gellesch,M., Heilman,E., Howarth,C., Jen,D., Larson,L., Neiman,D., Park,D., Pearson,M., Roberts,A., Sisk,P., Stolte,C., White,J., Alvarado,L., Godfrey,P., Shenoy,N., Yandava,C., Zeng,Q., Goldberg,T.L., Kitron,U.D., Ruiz,M.O., Walker,E.D., Brawn,J.D., Loss,S.R., Hamer,G.L., Nusbaum,C., Ebel,G., Birren,B.",Broad Institute of MIT and Harvard,USA,7/28/10,WNV-1/US/BID-V4553/2006,Orthoflavivirus nilense,10636,complete,USA: Illinois,USA,IL,Culex,NA,2006,Lineage_1
HM488254,West Nile virus,GenBank,set:HM488254,"Henn,M.R., Newman,R.M., Levin,J., Malboeuf,C., Casali,M., Russ,C., Lennon,N., Erlich,R., Anderson,S., Rizzolo,K., Green,L., Ryan,E., Yu,Q., Young,S., Berlin,A., Heiman,D., Sykes,S., Koehrsen,M., Borenstein,D., Engels,R., Freedman,E., Gellesch,M., Heilman,E., Howarth,C., Jen,D., Larson,L., Neiman,D., Park,D., Pearson,M., Roberts,A., Sisk,P., Stolte,C., White,J., Alvarado,L., Godfrey,P., Shenoy,N., Yandava,C., Zeng,Q., Goldberg,T.L., Kitron,U.D., Ruiz,M.O., Walker,E.D., Brawn,J.D., Loss,S.R., Hamer,G.L., Nusbaum,C., Ebel,G., Birren,B.",Broad Institute of MIT and Harvard,USA,7/28/10,WNV-1/US/BID-V4559/2007,Orthoflavivirus nilense,10621,complete,USA: Illinois,USA,IL,Culex,NA,2007,Lineage_1
HM756648,West Nile virus,GenBank,set:HM756648,"Armstrong,P.M., Vossbrinck,C.R., Andreadis,T.G., Anderson,J.F., Pesko,K.N., Newman,R.M., Lennon,N.J., Birren,B.W., Ebel,G.D., Henn,M.R., Levin,J., Malboeuf,C., Casali,M., Russ,C., Lennon,N., Erlich,R., Anderson,S., Rizzolo,K., Green,L., Ryan,E., Yu,Q., Young,S., Berlin,A., Heiman,D., Sykes,S., Koehrsen,M., Borenstein,D., Engels,R., Freedman,E., Gellesch,M., Heilman,E., Howarth,C., Jen,D., Larson,L., Neiman,D., Park,D., Pearson,M., Roberts,A., Sisk,P., Stolte,C., White,J., Alvarado,L., Godfrey,P., Shenoy,N., Yandava,C., Zeng,Q., Armstrong,P., Anderson,J., Andreadis,T., Vossbrinck,C., Nusbaum,C., Ebel,G., Birren,B.",Broad Institute of MIT and Harvard,USA,7/28/10,WNV-1/US/BID-V4205/2002,Orthoflavivirus nilense,10621,complete,USA: Connecticut,USA,CT,Ochlerotatus trivittatus,NA,2002,Lineage_1
HM756649,West Nile virus,GenBank,set:HM756649,"Armstrong,P.M., Vossbrinck,C.R., Andreadis,T.G., Anderson,J.F., Pesko,K.N., Newman,R.M., Lennon,N.J., Birren,B.W., Ebel,G.D., Henn,M.R., Levin,J., Malboeuf,C., Casali,M., Russ,C., Lennon,N., Erlich,R., Anderson,S., Rizzolo,K., Green,L., Ryan,E., Yu,Q., Young,S., Berlin,A., Heiman,D., Sykes,S., Koehrsen,M., Borenstein,D., Engels,R., Freedman,E., Gellesch,M., Heilman,E., Howarth,C., Jen,D., Larson,L., Neiman,D., Park,D., Pearson,M., Roberts,A., Sisk,P., Stolte,C., White,J., Alvarado,L., Godfrey,P., Shenoy,N., Yandava,C., Zeng,Q., Armstrong,P., Anderson,J., Andreadis,T., Vossbrinck,C., Nusbaum,C., Ebel,G., Birren,B.",Broad Institute of MIT and Harvard,USA,7/28/10,WNV-1/US/BID-V4354/2006,Orthoflavivirus nilense,10485,complete,USA: Connecticut,USA,CT,Culex pipiens,NA,2006,Lineage_1
HM756650,West Nile virus,GenBank,set:HM756650,"Armstrong,P.M., Vossbrinck,C.R., Andreadis,T.G., Anderson,J.F., Pesko,K.N., Newman,R.M., Lennon,N.J., Birren,B.W., Ebel,G.D., Henn,M.R., Levin,J., Malboeuf,C., Casali,M., Russ,C., Lennon,N., Erlich,R., Anderson,S., Rizzolo,K., Green,L., Ryan,E., Yu,Q., Young,S., Berlin,A., Heiman,D., Sykes,S., Koehrsen,M., Borenstein,D., Engels,R., Freedman,E., Gellesch,M., Heilman,E., Howarth,C., Jen,D., Larson,L., Neiman,D., Park,D., Pearson,M., Roberts,A., Sisk,P., Stolte,C., White,J., Alvarado,L., Godfrey,P., Shenoy,N., Yandava,C., Zeng,Q., Armstrong,P., Anderson,J., Andreadis,T., Vossbrinck,C., Nusbaum,C., Ebel,G., Birren,B.",Broad Institute of MIT and Harvard,USA,7/28/10,WNV-1/US/BID-V4582/2003,Orthoflavivirus nilense,10809,complete,USA: Connecticut,USA,CT,Culex salinarius,NA,2003,Lineage_1
HM756651,West Nile virus,GenBank,set:HM756651,"Armstrong,P.M., Vossbrinck,C.R., Andreadis,T.G., Anderson,J.F., Pesko,K.N., Newman,R.M., Lennon,N.J., Birren,B.W., Ebel,G.D., Henn,M.R., Levin,J., Malboeuf,C., Casali,M., Russ,C., Lennon,N., Erlich,R., Anderson,S., Rizzolo,K., Green,L., Ryan,E., Yu,Q., Young,S., Berlin,A., Heiman,D., Sykes,S., Koehrsen,M., Borenstein,D., Engels,R., Freedman,E., Gellesch,M., Heilman,E., Howarth,C., Jen,D., Larson,L., Neiman,D., Park,D., Pearson,M., Roberts,A., Sisk,P., Stolte,C., White,J., Alvarado,L., Godfrey,P., Shenoy,N., Yandava,C., Zeng,Q., Armstrong,P., Anderson,J., Andreadis,T., Vossbrinck,C., Nusbaum,C., Ebel,G., Birren,B.",Broad Institute of MIT and Harvard,USA,7/28/10,WNV-1/US/BID-V4584/2003,Orthoflavivirus nilense,10637,complete,USA: Connecticut,USA,CT,Ochlerotatus trivittatus,NA,2003,Lineage_1
HM756652,West Nile virus,GenBank,set:HM756652,"Armstrong,P.M., Vossbrinck,C.R., Andreadis,T.G., Anderson,J.F., Pesko,K.N., Newman,R.M., Lennon,N.J., Birren,B.W., Ebel,G.D., Henn,M.R., Levin,J., Malboeuf,C., Casali,M., Russ,C., Lennon,N., Erlich,R., Anderson,S., Rizzolo,K., Green,L., Ryan,E., Yu,Q., Young,S., Berlin,A., Heiman,D., Sykes,S., Koehrsen,M., Borenstein,D., Engels,R., Freedman,E., Gellesch,M., Heilman,E., Howarth,C., Jen,D., Larson,L., Neiman,D., Park,D., Pearson,M., Roberts,A., Sisk,P., Stolte,C., White,J., Alvarado,L., Godfrey,P., Shenoy,N., Yandava,C., Zeng,Q., Armstrong,P., Anderson,J., Andreadis,T., Vossbrinck,C., Nusbaum,C., Ebel,G., Birren,B.",Broad Institute of MIT and Harvard,USA,7/28/10,WNV-1/US/BID-V4587/2003,Orthoflavivirus nilense,10619,complete,USA: Connecticut,USA,CT,Aedes cinereus,NA,2003,Lineage_1
HM756653,West Nile virus,GenBank,set:HM756653,"Armstrong,P.M., Vossbrinck,C.R., Andreadis,T.G., Anderson,J.F., Pesko,K.N., Newman,R.M., Lennon,N.J., Birren,B.W., Ebel,G.D., Henn,M.R., Levin,J., Malboeuf,C., Casali,M., Russ,C., Lennon,N., Erlich,R., Anderson,S., Rizzolo,K., Green,L., Ryan,E., Yu,Q., Young,S., Berlin,A., Heiman,D., Sykes,S., Koehrsen,M., Borenstein,D., Engels,R., Freedman,E., Gellesch,M., Heilman,E., Howarth,C., Jen,D., Larson,L., Neiman,D., Park,D., Pearson,M., Roberts,A., Sisk,P., Stolte,C., White,J., Alvarado,L., Godfrey,P., Shenoy,N., Yandava,C., Zeng,Q., Armstrong,P., Anderson,J., Andreadis,T., Vossbrinck,C., Nusbaum,C., Ebel,G., Birren,B.",Broad Institute of MIT and Harvard,USA,7/28/10,WNV-1/US/BID-V4588/2003,Orthoflavivirus nilense,10621,complete,USA: Connecticut,USA,CT,Culex pipiens,NA,2003,Lineage_1
HM756654,West Nile virus,GenBank,set:HM756654,"Armstrong,P.M., Vossbrinck,C.R., Andreadis,T.G., Anderson,J.F., Pesko,K.N., Newman,R.M., Lennon,N.J., Birren,B.W., Ebel,G.D., Henn,M.R., Levin,J., Malboeuf,C., Casali,M., Russ,C., Lennon,N., Erlich,R., Anderson,S., Rizzolo,K., Green,L., Ryan,E., Yu,Q., Young,S., Berlin,A., Heiman,D., Sykes,S., Koehrsen,M., Borenstein,D., Engels,R., Freedman,E., Gellesch,M., Heilman,E., Howarth,C., Jen,D., Larson,L., Neiman,D., Park,D., Pearson,M., Roberts,A., Sisk,P., Stolte,C., White,J., Alvarado,L., Godfrey,P., Shenoy,N., Yandava,C., Zeng,Q., Armstrong,P., Anderson,J., Andreadis,T., Vossbrinck,C., Nusbaum,C., Ebel,G., Birren,B.",Broad Institute of MIT and Harvard,USA,7/28/10,WNV-1/US/BID-V4598/2003,Orthoflavivirus nilense,10509,complete,USA: Connecticut,USA,CT,Culex salinarius,NA,2003,Lineage_1
HM756656,West Nile virus,GenBank,set:HM756656,"Armstrong,P.M., Vossbrinck,C.R., Andreadis,T.G., Anderson,J.F., Pesko,K.N., Newman,R.M., Lennon,N.J., Birren,B.W., Ebel,G.D., Henn,M.R., Levin,J., Malboeuf,C., Casali,M., Russ,C., Lennon,N., Erlich,R., Anderson,S., Rizzolo,K., Green,L., Ryan,E., Yu,Q., Young,S., Berlin,A., Heiman,D., Sykes,S., Koehrsen,M., Borenstein,D., Engels,R., Freedman,E., Gellesch,M., Heilman,E., Howarth,C., Jen,D., Larson,L., Neiman,D., Park,D., Pearson,M., Roberts,A., Sisk,P., Stolte,C., White,J., Alvarado,L., Godfrey,P., Shenoy,N., Yandava,C., Zeng,Q., Armstrong,P., Anderson,J., Andreadis,T., Vossbrinck,C., Nusbaum,C., Ebel,G., Birren,B.",Broad Institute of MIT and Harvard,USA,7/28/10,WNV-1/US/BID-V4615/2003,Orthoflavivirus nilense,10649,complete,USA: Connecticut,USA,CT,Culiseta melanura,NA,2003,Lineage_1
HM756657,West Nile virus,GenBank,set:HM756657,"Armstrong,P.M., Vossbrinck,C.R., Andreadis,T.G., Anderson,J.F., Pesko,K.N., Newman,R.M., Lennon,N.J., Birren,B.W., Ebel,G.D., Henn,M.R., Levin,J., Malboeuf,C., Casali,M., Russ,C., Lennon,N., Erlich,R., Anderson,S., Rizzolo,K., Green,L., Ryan,E., Yu,Q., Young,S., Berlin,A., Heiman,D., Sykes,S., Koehrsen,M., Borenstein,D., Engels,R., Freedman,E., Gellesch,M., Heilman,E., Howarth,C., Jen,D., Larson,L., Neiman,D., Park,D., Pearson,M., Roberts,A., Sisk,P., Stolte,C., White,J., Alvarado,L., Godfrey,P., Shenoy,N., Yandava,C., Zeng,Q., Armstrong,P., Anderson,J., Andreadis,T., Vossbrinck,C., Nusbaum,C., Ebel,G., Birren,B.",Broad Institute of MIT and Harvard,USA,7/28/10,WNV-1/US/BID-V4685/2003,Orthoflavivirus nilense,11026,complete,USA: Connecticut,USA,CT,Culex pipiens,NA,2003,Lineage_1
HM756658,West Nile virus,GenBank,set:HM756658,"Armstrong,P.M., Vossbrinck,C.R., Andreadis,T.G., Anderson,J.F., Pesko,K.N., Newman,R.M., Lennon,N.J., Birren,B.W., Ebel,G.D., Henn,M.R., Levin,J., Malboeuf,C., Casali,M., Russ,C., Lennon,N., Erlich,R., Anderson,S., Rizzolo,K., Green,L., Ryan,E., Yu,Q., Young,S., Berlin,A., Heiman,D., Sykes,S., Koehrsen,M., Borenstein,D., Engels,R., Freedman,E., Gellesch,M., Heilman,E., Howarth,C., Jen,D., Larson,L., Neiman,D., Park,D., Pearson,M., Roberts,A., Sisk,P., Stolte,C., White,J., Alvarado,L., Godfrey,P., Shenoy,N., Yandava,C., Zeng,Q., Armstrong,P., Anderson,J., Andreadis,T., Vossbrinck,C., Nusbaum,C., Ebel,G., Birren,B.",Broad Institute of MIT and Harvard,USA,7/28/10,WNV-1/US/BID-V4686/2003,Orthoflavivirus nilense,10613,complete,USA: Connecticut,USA,CT,Culiseta melanura,NA,2003,Lineage_1
HM756659,West Nile virus,GenBank,set:HM756659,"Armstrong,P.M., Vossbrinck,C.R., Andreadis,T.G., Anderson,J.F., Pesko,K.N., Newman,R.M., Lennon,N.J., Birren,B.W., Ebel,G.D., Henn,M.R., Levin,J., Malboeuf,C., Casali,M., Russ,C., Lennon,N., Erlich,R., Anderson,S., Rizzolo,K., Green,L., Ryan,E., Yu,Q., Young,S., Berlin,A., Heiman,D., Sykes,S., Koehrsen,M., Borenstein,D., Engels,R., Freedman,E., Gellesch,M., Heilman,E., Howarth,C., Jen,D., Larson,L., Neiman,D., Park,D., Pearson,M., Roberts,A., Sisk,P., Stolte,C., White,J., Alvarado,L., Godfrey,P., Shenoy,N., Yandava,C., Zeng,Q., Armstrong,P., Anderson,J., Andreadis,T., Vossbrinck,C., Nusbaum,C., Ebel,G., Birren,B.",Broad Institute of MIT and Harvard,USA,7/28/10,WNV-1/US/BID-V4687/2003,Orthoflavivirus nilense,10660,complete,USA: Connecticut,USA,CT,Culiseta melanura,NA,2003,Lineage_1
HM756660,West Nile virus,GenBank,set:HM756660,"Henn,M.R., Newman,R.M., Young,D., Ciota,A., Levin,J., Malboeuf,C., Casali,M., Russ,C., Lennon,N., Erlich,R., Anderson,S., Rizzolo,K., Green,L., Ryan,E., Yu,Q., Young,S., Berlin,A., Heiman,D., Sykes,S., Koehrsen,M., Borenstein,D., Engels,R., Freedman,E., Gellesch,M., Heilman,E., Howarth,C., Jen,D., Larson,L., Neiman,D., Park,D., Pearson,M., Roberts,A., Sisk,P., Stolte,C., White,J., Alvarado,L., Godfrey,P., Shenoy,N., Yandava,C., Zeng,Q., Kramer,L., Nusbaum,C., Birren,B.",Broad Institute of MIT and Harvard,USA,7/28/10,WNV-1/US/BID-V4097/2008,Orthoflavivirus nilense,10547,complete,USA: New York,USA,NY,Accipiter cooperii,brain,2008,Lineage_1
HM756661,West Nile virus,GenBank,set:HM756661,"Henn,M.R., Newman,R.M., Young,D., Ciota,A., Levin,J., Malboeuf,C., Casali,M., Russ,C., Lennon,N., Erlich,R., Anderson,S., Rizzolo,K., Green,L., Ryan,E., Yu,Q., Young,S., Berlin,A., Heiman,D., Sykes,S., Koehrsen,M., Borenstein,D., Engels,R., Freedman,E., Gellesch,M., Heilman,E., Howarth,C., Jen,D., Larson,L., Neiman,D., Park,D., Pearson,M., Roberts,A., Sisk,P., Stolte,C., White,J., Alvarado,L., Godfrey,P., Shenoy,N., Yandava,C., Zeng,Q., Kramer,L., Nusbaum,C., Birren,B.",Broad Institute of MIT and Harvard,USA,7/28/10,WNV-1/US/BID-V4692/2001,Orthoflavivirus nilense,10613,complete,USA: New York,USA,NY,Corvus brachyrhynchos,brain,2001,Lineage_1
HM756662,West Nile virus,GenBank,set:HM756662,"Henn,M.R., Newman,R.M., Young,D., Ciota,A., Levin,J., Malboeuf,C., Casali,M., Russ,C., Lennon,N., Erlich,R., Anderson,S., Rizzolo,K., Green,L., Ryan,E., Yu,Q., Young,S., Berlin,A., Heiman,D., Sykes,S., Koehrsen,M., Borenstein,D., Engels,R., Freedman,E., Gellesch,M., Heilman,E., Howarth,C., Jen,D., Larson,L., Neiman,D., Park,D., Pearson,M., Roberts,A., Sisk,P., Stolte,C., White,J., Alvarado,L., Godfrey,P., Shenoy,N., Yandava,C., Zeng,Q., Kramer,L., Nusbaum,C., Birren,B.",Broad Institute of MIT and Harvard,USA,7/28/10,WNV-1/US/BID-V4693/2001,Orthoflavivirus nilense,10612,complete,USA: New York,USA,NY,Corvus brachyrhynchos,brain,2001,Lineage_1
HM756663,West Nile virus,GenBank,set:HM756663,"Henn,M.R., Newman,R.M., Young,D., Ciota,A., Levin,J., Malboeuf,C., Casali,M., Russ,C., Lennon,N., Erlich,R., Anderson,S., Rizzolo,K., Green,L., Ryan,E., Yu,Q., Young,S., Berlin,A., Heiman,D., Sykes,S., Koehrsen,M., Borenstein,D., Engels,R., Freedman,E., Gellesch,M., Heilman,E., Howarth,C., Jen,D., Larson,L., Neiman,D., Park,D., Pearson,M., Roberts,A., Sisk,P., Stolte,C., White,J., Alvarado,L., Godfrey,P., Shenoy,N., Yandava,C., Zeng,Q., Kramer,L., Nusbaum,C., Birren,B.",Broad Institute of MIT and Harvard,USA,7/28/10,WNV-1/US/BID-V4697/2001,Orthoflavivirus nilense,10611,complete,USA: New York,USA,NY,Corvus brachyrhynchos,brain,2001,Lineage_1
HM756664,West Nile virus,GenBank,set:HM756664,"Henn,M.R., Newman,R.M., Young,D., Ciota,A., Levin,J., Malboeuf,C., Casali,M., Russ,C., Lennon,N., Erlich,R., Anderson,S., Rizzolo,K., Green,L., Ryan,E., Yu,Q., Young,S., Berlin,A., Heiman,D., Sykes,S., Koehrsen,M., Borenstein,D., Engels,R., Freedman,E., Gellesch,M., Heilman,E., Howarth,C., Jen,D., Larson,L., Neiman,D., Park,D., Pearson,M., Roberts,A., Sisk,P., Stolte,C., White,J., Alvarado,L., Godfrey,P., Shenoy,N., Yandava,C., Zeng,Q., Kramer,L., Nusbaum,C., Birren,B.",Broad Institute of MIT and Harvard,USA,7/28/10,WNV-1/US/BID-V4701/2002,Orthoflavivirus nilense,10611,complete,USA: New York,USA,NY,Corvus brachyrhynchos,brain,2002,Lineage_1
HM756665,West Nile virus,GenBank,set:HM756665,"Henn,M.R., Newman,R.M., Young,D., Ciota,A., Levin,J., Malboeuf,C., Casali,M., Russ,C., Lennon,N., Erlich,R., Anderson,S., Rizzolo,K., Green,L., Ryan,E., Yu,Q., Young,S., Berlin,A., Heiman,D., Sykes,S., Koehrsen,M., Borenstein,D., Engels,R., Freedman,E., Gellesch,M., Heilman,E., Howarth,C., Jen,D., Larson,L., Neiman,D., Park,D., Pearson,M., Roberts,A., Sisk,P., Stolte,C., White,J., Alvarado,L., Godfrey,P., Shenoy,N., Yandava,C., Zeng,Q., Kramer,L., Nusbaum,C., Birren,B.",Broad Institute of MIT and Harvard,USA,7/28/10,WNV-1/US/BID-V4709/2002,Orthoflavivirus nilense,10488,complete,USA: New York,USA,NY,Corvus brachyrhynchos,brain,2002,Lineage_1
HM756666,West Nile virus,GenBank,set:HM756666,"Henn,M.R., Newman,R.M., Young,D., Ciota,A., Levin,J., Malboeuf,C., Casali,M., Russ,C., Lennon,N., Erlich,R., Anderson,S., Rizzolo,K., Green,L., Ryan,E., Yu,Q., Young,S., Berlin,A., Heiman,D., Sykes,S., Koehrsen,M., Borenstein,D., Engels,R., Freedman,E., Gellesch,M., Heilman,E., Howarth,C., Jen,D., Larson,L., Neiman,D., Park,D., Pearson,M., Roberts,A., Sisk,P., Stolte,C., White,J., Alvarado,L., Godfrey,P., Shenoy,N., Yandava,C., Zeng,Q., Kramer,L., Nusbaum,C., Birren,B.",Broad Institute of MIT and Harvard,USA,7/28/10,WNV-1/US/BID-V4711/2003,Orthoflavivirus nilense,10611,complete,USA: New York,USA,NY,Corvus brachyrhynchos,brain,2003,Lineage_1
HM756667,West Nile virus,GenBank,set:HM756667,"Henn,M.R., Newman,R.M., Young,D., Ciota,A., Levin,J., Malboeuf,C., Casali,M., Russ,C., Lennon,N., Erlich,R., Anderson,S., Rizzolo,K., Green,L., Ryan,E., Yu,Q., Young,S., Berlin,A., Heiman,D., Sykes,S., Koehrsen,M., Borenstein,D., Engels,R., Freedman,E., Gellesch,M., Heilman,E., Howarth,C., Jen,D., Larson,L., Neiman,D., Park,D., Pearson,M., Roberts,A., Sisk,P., Stolte,C., White,J., Alvarado,L., Godfrey,P., Shenoy,N., Yandava,C., Zeng,Q., Kramer,L., Nusbaum,C., Birren,B.",Broad Institute of MIT and Harvard,USA,7/28/10,WNV-1/US/BID-V4712/2003,Orthoflavivirus nilense,10613,complete,USA: New York,USA,NY,Corvus brachyrhynchos,brain,2003,Lineage_1
HM756668,West Nile virus,GenBank,set:HM756668,"Henn,M.R., Newman,R.M., Young,D., Ciota,A., Levin,J., Malboeuf,C., Casali,M., Russ,C., Lennon,N., Erlich,R., Anderson,S., Rizzolo,K., Green,L., Ryan,E., Yu,Q., Young,S., Berlin,A., Heiman,D., Sykes,S., Koehrsen,M., Borenstein,D., Engels,R., Freedman,E., Gellesch,M., Heilman,E., Howarth,C., Jen,D., Larson,L., Neiman,D., Park,D., Pearson,M., Roberts,A., Sisk,P., Stolte,C., White,J., Alvarado,L., Godfrey,P., Shenoy,N., Yandava,C., Zeng,Q., Kramer,L., Nusbaum,C., Birren,B.",Broad Institute of MIT and Harvard,USA,7/28/10,WNV-1/US/BID-V4716/2003,Orthoflavivirus nilense,10608,complete,USA: New York,USA,NY,Corvus brachyrhynchos,brain,2003,Lineage_1
HM756669,West Nile virus,GenBank,set:HM756669,"Henn,M.R., Newman,R.M., Young,D., Ciota,A., Levin,J., Malboeuf,C., Casali,M., Russ,C., Lennon,N., Erlich,R., Anderson,S., Rizzolo,K., Green,L., Ryan,E., Yu,Q., Young,S., Berlin,A., Heiman,D., Sykes,S., Koehrsen,M., Borenstein,D., Engels,R., Freedman,E., Gellesch,M., Heilman,E., Howarth,C., Jen,D., Larson,L., Neiman,D., Park,D., Pearson,M., Roberts,A., Sisk,P., Stolte,C., White,J., Alvarado,L., Godfrey,P., Shenoy,N., Yandava,C., Zeng,Q., Kramer,L., Nusbaum,C., Birren,B.",Broad Institute of MIT and Harvard,USA,7/28/10,WNV-1/US/BID-V4718/2003,Orthoflavivirus nilense,10413,complete,USA: New York,USA,NY,Corvus brachyrhynchos,brain,2003,Lineage_1
HM756670,West Nile virus,GenBank,set:HM756670,"Henn,M.R., Newman,R.M., Young,D., Ciota,A., Levin,J., Malboeuf,C., Casali,M., Russ,C., Lennon,N., Erlich,R., Anderson,S., Rizzolo,K., Green,L., Ryan,E., Yu,Q., Young,S., Berlin,A., Heiman,D., Sykes,S., Koehrsen,M., Borenstein,D., Engels,R., Freedman,E., Gellesch,M., Heilman,E., Howarth,C., Jen,D., Larson,L., Neiman,D., Park,D., Pearson,M., Roberts,A., Sisk,P., Stolte,C., White,J., Alvarado,L., Godfrey,P., Shenoy,N., Yandava,C., Zeng,Q., Kramer,L., Nusbaum,C., Birren,B.",Broad Institute of MIT and Harvard,USA,7/28/10,WNV-1/US/BID-V4720/2003,Orthoflavivirus nilense,10612,complete,USA: New York,USA,NY,Corvus brachyrhynchos,brain,2003,Lineage_1
HM756671,West Nile virus,GenBank,set:HM756671,"Henn,M.R., Newman,R.M., Young,D., Ciota,A., Levin,J., Malboeuf,C., Casali,M., Russ,C., Lennon,N., Erlich,R., Anderson,S., Rizzolo,K., Green,L., Ryan,E., Yu,Q., Young,S., Berlin,A., Heiman,D., Sykes,S., Koehrsen,M., Borenstein,D., Engels,R., Freedman,E., Gellesch,M., Heilman,E., Howarth,C., Jen,D., Larson,L., Neiman,D., Park,D., Pearson,M., Roberts,A., Sisk,P., Stolte,C., White,J., Alvarado,L., Godfrey,P., Shenoy,N., Yandava,C., Zeng,Q., Kramer,L., Nusbaum,C., Birren,B.",Broad Institute of MIT and Harvard,USA,7/28/10,WNV-1/US/BID-V4798/2004,Orthoflavivirus nilense,10612,complete,USA: New York,USA,NY,Corvus brachyrhynchos,brain,2004,Lineage_1
HM756672,West Nile virus,GenBank,set:HM756672,"Henn,M.R., Newman,R.M., Young,D., Ciota,A., Levin,J., Malboeuf,C., Casali,M., Russ,C., Lennon,N., Erlich,R., Anderson,S., Rizzolo,K., Green,L., Ryan,E., Yu,Q., Young,S., Berlin,A., Heiman,D., Sykes,S., Koehrsen,M., Borenstein,D., Engels,R., Freedman,E., Gellesch,M., Heilman,E., Howarth,C., Jen,D., Larson,L., Neiman,D., Park,D., Pearson,M., Roberts,A., Sisk,P., Stolte,C., White,J., Alvarado,L., Godfrey,P., Shenoy,N., Yandava,C., Zeng,Q., Kramer,L., Nusbaum,C., Birren,B.",Broad Institute of MIT and Harvard,USA,7/28/10,WNV-1/US/BID-V4799/2004,Orthoflavivirus nilense,10454,complete,USA: New York,USA,NY,Corvus brachyrhynchos,brain,2004,Lineage_1
HM756673,West Nile virus,GenBank,set:HM756673,"Henn,M.R., Newman,R.M., Young,D., Ciota,A., Levin,J., Malboeuf,C., Casali,M., Russ,C., Lennon,N., Erlich,R., Anderson,S., Rizzolo,K., Green,L., Ryan,E., Yu,Q., Young,S., Berlin,A., Heiman,D., Sykes,S., Koehrsen,M., Borenstein,D., Engels,R., Freedman,E., Gellesch,M., Heilman,E., Howarth,C., Jen,D., Larson,L., Neiman,D., Park,D., Pearson,M., Roberts,A., Sisk,P., Stolte,C., White,J., Alvarado,L., Godfrey,P., Shenoy,N., Yandava,C., Zeng,Q., Kramer,L., Nusbaum,C., Birren,B.",Broad Institute of MIT and Harvard,USA,7/28/10,WNV-1/US/BID-V4801/2004,Orthoflavivirus nilense,10612,complete,USA: New York,USA,NY,Corvus brachyrhynchos,brain,2004,Lineage_1
HM756676,West Nile virus,GenBank,set:HM756676,"Henn,M.R., Newman,R.M., Levin,J., Malboeuf,C., Casali,M., Russ,C., Lennon,N., Erlich,R., Anderson,S., Rizzolo,K., Green,L., Ryan,E., Yu,Q., Young,S., Berlin,A., Heiman,D., Sykes,S., Koehrsen,M., Borenstein,D., Engels,R., Freedman,E., Gellesch,M., Heilman,E., Howarth,C., Jen,D., Larson,L., Neiman,D., Park,D., Pearson,M., Roberts,A., Sisk,P., Stolte,C., White,J., Alvarado,L., Godfrey,P., Shenoy,N., Yandava,C., Zeng,Q., Goldberg,T.L., Kitron,U.D., Ruiz,M.O., Walker,E.D., Brawn,J.D., Loss,S.R., Hamer,G.L., Nusbaum,C., Ebel,G., Birren,B.",Broad Institute of MIT and Harvard,USA,7/28/10,WNV-1/US/BID-V4349/2003,Orthoflavivirus nilense,10478,complete,USA: Illinois,USA,IL,Cyanocitta cristata,NA,2003,Lineage_1
HM756677,West Nile virus,GenBank,set:HM756677,"Henn,M.R., Newman,R.M., Levin,J., Malboeuf,C., Casali,M., Russ,C., Lennon,N., Erlich,R., Anderson,S., Rizzolo,K., Green,L., Ryan,E., Yu,Q., Young,S., Berlin,A., Heiman,D., Sykes,S., Koehrsen,M., Borenstein,D., Engels,R., Freedman,E., Gellesch,M., Heilman,E., Howarth,C., Jen,D., Larson,L., Neiman,D., Park,D., Pearson,M., Roberts,A., Sisk,P., Stolte,C., White,J., Alvarado,L., Godfrey,P., Shenoy,N., Yandava,C., Zeng,Q., Aragon,A., Nusbaum,C., Ebel,G., Birren,B.",Broad Institute of MIT and Harvard,USA,7/28/10,WNV-1/US/BID-V4530/2005,Orthoflavivirus nilense,10617,complete,USA: New Mexico,USA,NM,Loriini,"kidney, abdominal cavity",2005,Lineage_1
GU011992,West Nile virus,GenBank,set:GU011992,"Barzon,L., Franchin,E., Squarzon,L., Lavezzo,E., Toppo,S., Martello,T., Bressan,S., Pagni,S., Cattai,M., Piazza,A., Pacenti,M., Cusinato,R., Palu,G.","University of Padova, Histology, Microbiology and Medical Biotechnologies",Italy,10/20/09,NA,Orthoflavivirus nilense,11030,complete,Italy,Italy,NA,Homo sapiens,NA,2009,Lineage_1
GQ379156,West Nile virus,GenBank,set:GQ379156,"Fabbri,C.M., Garcia,J.B., Morales,M.A., Levis,S., Enria,D.A., Lanciotti,R.S., Lambert,A.J.","CDC, DRS, ADB",USA,10/14/09,NA,Orthoflavivirus nilense,11029,complete,USA,USA,NA,Corvus,NA,2001-07,Lineage_1
GQ379157,West Nile virus,GenBank,set:GQ379157,"Fabbri,C.M., Garcia,J.B., Morales,M.A., Levis,S., Enria,D.A., Lanciotti,R.S., Cummings,R., Velten,R., Fogarty,C., McLaughlin,T., Jozan,M.","CDC, DRS, ADB",USA,10/14/09,NA,Orthoflavivirus nilense,11029,complete,USA: California,USA,CA,Corvus,NA,2008-08,Lineage_1
GQ379158,West Nile virus,GenBank,set:GQ379158,"Fabbri,C.M., Garcia,J.B., Morales,M.A., Levis,S., Enria,D.A., Lanciotti,R.S., Cummings,R., Velten,R., Fogarty,C., McLaughlin,T., Jozan,M.","CDC, DRS, ADB",USA,10/14/09,NA,Orthoflavivirus nilense,11029,complete,USA: California,USA,CA,Culex tarsalis,NA,2007-08,Lineage_1
GQ379159,West Nile virus,GenBank,set:GQ379159,"Fabbri,C.M., Garcia,J.B., Morales,M.A., Levis,S., Enria,D.A., Lanciotti,R.S., Cummings,R., Velten,R., Fogarty,C., McLaughlin,T., Jozan,M.","CDC, DRS, ADB",USA,10/14/09,NA,Orthoflavivirus nilense,11029,complete,USA: California,USA,CA,Sciurus niger,NA,2008-08,Lineage_1
GQ379160,West Nile virus,GenBank,set:GQ379160,"Fabbri,C.M., Garcia,J.B., Morales,M.A., Levis,S., Enria,D.A., Lanciotti,R.S.","CDC, DRS, ADB",USA,10/14/09,NA,Orthoflavivirus nilense,11029,complete,Argentina,Argentina,NA,Equus caballus,brain,2006-02,Lineage_1
GQ379161,West Nile virus,GenBank,set:GQ379161,"Fabbri,C.M., Garcia,J.B., Morales,M.A., Levis,S., Enria,D.A., Lanciotti,R.S.","CDC, DRS, ADB",USA,10/14/09,NA,Orthoflavivirus nilense,11029,complete,Argentina,Argentina,NA,Equus caballus,brain,2006-02,Lineage_1
FJ527738,West Nile virus,GenBank,set:FJ527738,"Iyer,A.V., Boudreaux,M.J., Wakamatsu,N., Roy,A.F., Baghian,A., Chouljenko,V.N., Kousoulas,K.G.","Louisiana State University School of Veterinary Medicine, Division of Biotechnology and Molecular Medicine (BioMMED), Department of Pathobiological Sciences",USA,2/14/09,NA,Orthoflavivirus nilense,11029,complete,USA: Louisiana,USA,LA,Cyanocitta cristata,NA,2001,Lineage_1
FJ483548,West Nile virus,GenBank,set:FJ483548,"Monaco,F., Savini,G., Lanciotti,R.S.",Istituto Zooprofilattico Sperimentale dell'Abruzzo e Molise G. Caporale,Italy,12/29/08,NA,Orthoflavivirus nilense,11030,complete,Italy,Italy,NA,Corvidae,NA,2008,Lineage_1
FJ483549,West Nile virus,GenBank,set:FJ483549,"Monaco,F., Savini,G., Lanciotti,R.S.",Istituto Zooprofilattico Sperimentale dell'Abruzzo e Molise G. Caporale,Italy,12/29/08,NA,Orthoflavivirus nilense,11030,complete,Italy,Italy,NA,Corvidae,NA,2008,Lineage_1
FJ411043,West Nile virus,GenBank,set:FJ411043,"Moritoh,K., Maeda,A., Nishino,T., Sasaki,N., Agui,T., Murata,R., Takashima,I., Kariwa,H., Watanabe,T., Kurane,I., Maeda,J.","Graduate School of Veterinary Medicine, Hokkaido University, Prion Diseases",Japan,11/18/08,NY99iso-1,Orthoflavivirus nilense,11029,complete,NA,NA,NA,NA,NA,NA,Lineage_1
EU249803,West Nile virus,GenBank,set:EU249803,"Bondre,V.P., Sankararaman,V., Gore,M.M.","National Institute of Virology, Japanese Encephalitis/West Nile Virus Group",India,10/31/08,NA,Orthoflavivirus nilense,11029,complete,NA,NA,NA,Rousettus leschenaultii,NA,1968,Lineage_1
FJ151394,West Nile virus,GenBank,set:FJ151394,"Schlick,P., Taucher,C., Schittl,B., Tran,J.L., Kofler,R.M., Schueler,W., von Gabain,A., Meinke,A., Mandl,C.W.","Intercell AG, Antigen Discovery",Austria,10/8/08,NA,Orthoflavivirus nilense,11029,complete,USA: New York City,USA,NY,Corvus,NA,1999,Lineage_1
FJ159129,West Nile virus,GenBank,set:FJ159129,"Platonov,A.E., Shopenskaya,T.A., Fedorova,M.V., Karan,L.S., Frolov,A.I., Malenko,G.V., Levina,L.S., Pogodina,V.V.",Central Research Institute of Epidemiology,Russia,9/23/08,101_5-06-Uu,Orthoflavivirus nilense,10845,complete,Russia: Volgograd,Russia,NA,Uranotaenia,NA,2006,Lineage_2
EF429197,West Nile virus SPU116/89,GenBank,set:EF429197,"Botha,E.M., Markotter,W., Wolfaardt,M., Paweska,J.T., Swanepoel,R., Palacios,G., Nel,L.H., Venter,M.","University of Pretoria, Microbiology and Plant Pathology",NA,2/29/08,NA,Orthoflavivirus nilense,11052,complete,South Africa,South Africa,NA,Homo sapiens,NA,1989,Lineage_2
EF429198,West Nile virus SA93/01,GenBank,set:EF429198,"Botha,E.M., Markotter,W., Wolfaardt,M., Paweska,J.T., Swanepoel,R., Palacios,G., Nel,L.H., Venter,M.","University of Pretoria, Microbiology and Plant Pathology",NA,2/29/08,NA,Orthoflavivirus nilense,11052,complete,South Africa,South Africa,NA,Homo sapiens,NA,2001,Lineage_2
EF429199,West Nile virus SA381/00,GenBank,set:EF429199,"Botha,E.M., Markotter,W., Wolfaardt,M., Paweska,J.T., Swanepoel,R., Palacios,G., Nel,L.H., Venter,M.","University of Pretoria, Microbiology and Plant Pathology",NA,2/29/08,NA,Orthoflavivirus nilense,11052,complete,South Africa,South Africa,NA,Homo sapiens,NA,2000,Lineage_2
EF429200,West Nile virus H442,GenBank,set:EF429200,"Botha,E.M., Markotter,W., Wolfaardt,M., Paweska,J.T., Swanepoel,R., Palacios,G., Nel,L.H., Venter,M.","University of Pretoria, Microbiology and Plant Pathology",NA,2/29/08,NA,Orthoflavivirus nilense,11051,complete,South Africa,South Africa,NA,Homo sapiens,NA,1958,Lineage_2
AM404308,West Nile virus strain PTRoxo,GenBank,set:AM404308,"Parreira,R., Severino,P., Freitas,F., Piedade,J., Almeida,A.P., Esteves,A.","Parreira R., Unidade de Virologia, Instituto de Higiene e Medicina Tropical, Rua da Junqueira 96, 1349-008",Portugal,10/16/07,NA,Orthoflavivirus nilense,10979,complete,Portugal,Portugal,NA,NA,NA,NA,Lineage_1
EU155484,West Nile virus,GenBank,set:EU155484,"Papin,J.F., Vahrson,W., Dittmer,D.P., Larson,L.A.","The University of North Carolina at Chapel Hill, Microbiology and Immunology",USA,10/8/07,NA,Orthoflavivirus nilense,10822,complete,USA,USA,NA,NA,NA,NA,Lineage_1
EF657887,West Nile virus,GenBank,set:EF657887,"Jia,Y., Moudy,R.M., Dupuis,A.P. II, Ngo,K.A., Maffei,J.G., Jerzak,G.V., Franke,M.A., Kauffman,E.B., Kramer,L.D.","Wadsworth Center, New York State Department of Health, Arbovirus Laboratories",USA,9/16/07,NA,Orthoflavivirus nilense,11029,complete,USA,USA,NA,Corvus brachyrhynchos,"kidney, abdominal cavity",2000,Lineage_1
EF530047,West Nile virus,GenBank,set:EF530047,"Jia,Y., Moudy,R.M., Dupuis,A.P. II, Ngo,K.A., Maffei,J.G., Jerzak,G.V., Franke,M.A., Kauffman,E.B., Kramer,L.D., Jerzak,G.V.S.","Wadsworth Center, New York State Department of Health, Arbovirus Laboratories",USA,8/27/07,NA,Orthoflavivirus nilense,11029,complete,USA,USA,NA,Corvus brachyrhynchos,"kidney, abdominal cavity",2000,Lineage_1
EU081844,West Nile virus,GenBank,set:EU081844,"Rayner,J.O., Halpern,M.D., Lednicky,J.A., Aldenderfer,R.W., McCurdy,K.S., Sosna,W.A., Davis,C.M., Nevins,C.J.","Midwest Research Institute, Biotechnology",USA,8/26/07,NA,Orthoflavivirus nilense,11029,complete,Egypt,Egypt,NA,NA,NA,NA,Lineage_1
DQ666448,West Nile virus,GenBank,set:DQ666448,"Grinev,A., Rios,M.","CBER/FDA, DETTD",USA,7/1/07,BSL5-2004,Orthoflavivirus nilense,11029,complete,USA,USA,NA,NA,NA,NA,Lineage_1
DQ666449,West Nile virus,GenBank,set:DQ666449,"Grinev,A., Rios,M.","CBER/FDA, DETTD",USA,7/1/07,GCTX1-2005,Orthoflavivirus nilense,11029,complete,USA,USA,NA,NA,NA,NA,Lineage_1
DQ666450,West Nile virus,GenBank,set:DQ666450,"Grinev,A., Rios,M.","CBER/FDA, DETTD",USA,7/1/07,GCTX2-2005,Orthoflavivirus nilense,11029,complete,USA,USA,NA,NA,NA,NA,Lineage_1
DQ666451,West Nile virus,GenBank,set:DQ666451,"Grinev,A., Rios,M.","CBER/FDA, DETTD",USA,7/1/07,BSL13-2005,Orthoflavivirus nilense,11029,complete,USA,USA,NA,NA,NA,NA,Lineage_1
DQ666452,West Nile virus,GenBank,set:DQ666452,"Grinev,A., Rios,M.","CBER/FDA, DETTD",USA,7/1/07,BSL2-2005,Orthoflavivirus nilense,11015,complete,USA,USA,NA,NA,NA,NA,Lineage_1
EF571854,West Nile virus,GenBank,set:EF571854,"Rayner,J.O., Lednicky,J.A., Halpern,M.D., Aldenderfer,R.W., McCurdy,K.S., Sosna,W.A., Davis,C.M., Nevins,C.J.","Midwest Research Institute, Biotechnology",USA,5/27/07,NA,Orthoflavivirus nilense,11029,complete,USA,USA,NA,NA,NA,NA,Lineage_1
DQ005530,West Nile virus,GenBank,set:DQ005530,"Grinev,A., Rios,M.","FDA, CBER/DTTD/LMV",USA,9/1/06,FDA-BSL5-2003,Orthoflavivirus nilense,11029,complete,USA,USA,NA,NA,NA,NA,Lineage_1
DQ176636,West Nile virus,GenBank,set:DQ176636,"Keller,B.C., Fredericksen,B.L., Samuel,M.A., Mock,R.E., Mason,P.W., Diamond,M.S., Gale,M. Jr.","The University of Texas Southwestern Medical Center, Microbiology",USA,9/1/06,NA,Orthoflavivirus nilense,10866,complete,Madagascar,Madagascar,NA,Coracopsis vasa,NA,1978,Lineage_2
DQ176637,West Nile virus,GenBank,set:DQ176637,"Keller,B.C., Fredericksen,B.L., Samuel,M.A., Mock,R.E., Mason,P.W., Diamond,M.S., Gale,M. Jr.","The University of Texas Southwestern Medical Center, Microbiology",USA,9/1/06,NA,Orthoflavivirus nilense,10678,complete,"USA: Hall County, Texas",USA,TX,Quiscalus quiscula,NA,NA,Lineage_1
AJ965628,West Nile virus strain PT5.2,GenBank,set:AJ965628,"Esteves,A., Almeida,A.P., Galao,R.P., Parreira,R., Piedade,J., Rodrigues,J.C., Sousa,C.A., Novo,M.T., Severino,P., Freitas,F.","Parreira R., Virologia, Instituto de Higiene e Medicina Tropical, Rua da Junqueira 96, 1349-008 lisboa",Portugal,5/12/06,NA,Orthoflavivirus nilense,10977,complete,NA,NA,NA,NA,NA,NA,Lineage_1
DQ116961,West Nile virus,GenBank,set:DQ116961,"Bakonyi,T., Ivanics,E., Erdelyi,K., Ursu,K., Ferenczi,E., Weissenbock,H., Nowotny,N.","Faculty of Veterinary Science, Szent Istvan University, Department of Microbiology and Infectious Diseases",Hungary,4/19/06,goshawk-Hungary/04,Orthoflavivirus nilense,11028,complete,Hungary,Hungary,NA,Accipiter gentilis,NA,NA,Lineage_2
DQ118127,West Nile virus,GenBank,set:DQ118127,"Bakonyi,T., Ivanics,E., Erdelyi,K., Ursu,K., Ferenczi,E., Weissenbock,H., Nowotny,N., Glavits,R., Mato,T., Zarka,P., Palya,V.","Faculty of Veterinary Science, Szent Istvan University, Department of Microbiology and Infectious Diseases",Hungary,4/19/06,goose-Hungary/03,Orthoflavivirus nilense,10969,complete,Hungary,Hungary,NA,Anatidae,NA,NA,Lineage_1
DQ411029,West Nile virus,GenBank,set:DQ411029,"Sadykova,G.K., Kinney,R.M., Samokhvalov,E.I., Tsuhiya,K.R., Prilipov,A.G.","Ivanovsky Virology Institute RAMS, Molecular Genetic Laboratory",Russia,3/15/06,Ast01-66,Orthoflavivirus nilense,10811,complete,Russia,Russia,NA,Phalacrocorax carbo,NA,NA,Lineage_1
DQ411030,West Nile virus,GenBank,set:DQ411030,"Sadykova,G.K., Kinney,R.M., Samokhvalov,E.I., Tsuhiya,K.R., Prilipov,A.G.","Ivanovsky Virology Institute RAMS, Molecular Genetic Laboratory",Russia,3/15/06,Ast01-182,Orthoflavivirus nilense,10811,complete,Russia,Russia,NA,Hyalomma marginatum,NA,NA,Lineage_1
DQ411031,West Nile virus,GenBank,set:DQ411031,"Sadykova,G.K., Kinney,R.M., Samokhvalov,E.I., Tsuhiya,K.R., Prilipov,A.G.","Ivanovsky Virology Institute RAMS, Molecular Genetic Laboratory",Russia,3/15/06,Ast01-187,Orthoflavivirus nilense,10811,complete,Russia,Russia,NA,Corvus cornix,NA,NA,Lineage_1
DQ411032,West Nile virus,GenBank,set:DQ411032,"Sadykova,G.K., Kinney,R.M., Samokhvalov,E.I., Tsuhiya,K.R., Prilipov,A.G.","Ivanovsky Virology Institute RAMS, Molecular Genetic Laboratory",Russia,3/15/06,Ast02-3-146,Orthoflavivirus nilense,10811,complete,Russia,Russia,NA,Columba livia,NA,NA,Lineage_1
DQ411033,West Nile virus,GenBank,set:DQ411033,"Sadykova,G.K., Kinney,R.M., Samokhvalov,E.I., Tsuhiya,K.R., Prilipov,A.G.","Ivanovsky Virology Institute RAMS, Molecular Genetic Laboratory",Russia,3/15/06,Ast02-3-165,Orthoflavivirus nilense,10811,complete,Russia,Russia,NA,Phalacrocorax carbo,NA,NA,Lineage_1
DQ411034,West Nile virus,GenBank,set:DQ411034,"Sadykova,G.K., Kinney,R.M., Samokhvalov,E.I., Tsuhiya,K.R., Prilipov,A.G.","Ivanovsky Virology Institute RAMS, Molecular Genetic Laboratory",Russia,3/15/06,Ast02-2-691,Orthoflavivirus nilense,10811,complete,Russia,Russia,NA,Anopheles messeae,NA,NA,Lineage_1
DQ411035,West Nile virus,GenBank,set:DQ411035,"Sadykova,G.K., Kinney,R.M., Samokhvalov,E.I., Tsuhiya,K.R., Prilipov,A.G.","Ivanovsky Virology Institute RAMS, Molecular Genetic Laboratory",Russia,3/15/06,Ast02-2-692,Orthoflavivirus nilense,10811,complete,Russia,Russia,NA,Anopheles messeae,NA,NA,Lineage_1
DQ374650,West Nile virus,GenBank,set:DQ374650,"Lyapina,O.V., Sadykova,G.K., Samokhvalov,E.I., Prilipov,A.G., Kinney,R.M.","Ivanovsky Virology Institute RAMS, Molecular Genetic Laboratory",Russia,2/14/06,Ast02-3-717,Orthoflavivirus nilense,10811,complete,Russia,Russia,NA,Phalacrocorax carbo,NA,NA,Lineage_1
DQ374651,West Nile virus,GenBank,set:DQ374651,"Lyapina,O.V., Sadykova,G.K., Samokhvalov,E.I., Kinney,R.M., Prilipov,A.G.","Ivanovsky Virology Institute RAMS, Molecular Genetic Laboratory",Russia,2/14/06,Ast02-3-570,Orthoflavivirus nilense,10811,complete,Russia,Russia,NA,Pica pica,NA,NA,Lineage_1
DQ374652,West Nile virus,GenBank,set:DQ374652,"Lyapina,O.V., Samokhvalov,E.I., Prilipov,A.G.","Ivanovsky Virology Institute RAMS, Molecular Genetic Laboratory",Russia,2/14/06,Ast04-2-824A,Orthoflavivirus nilense,10789,complete,Russia,Russia,NA,Corvus cornix,NA,NA,Lineage_1
DQ374653,West Nile virus,GenBank,set:DQ374653,"Lyapina,O.V., Sadykova,G.K., Samokhvalov,E.I., Kinney,R.M., Prilipov,A.G.","Ivanovsky Virology Institute RAMS, Molecular Genetic Laboratory",Russia,2/14/06,Ast02-2-25,Orthoflavivirus nilense,10811,complete,Russia,Russia,NA,Corvus cornix,NA,NA,Lineage_1
DQ377178,West Nile virus,GenBank,set:DQ377178,"Sadykova,G.K., Lyapina,O.V., Samokhvalov,E.I., Kinney,R.M., Tsychia,R., Prilipov,A.G.","Ivanovsky Virology Institute RAMS, Molecular Genetic laboratory",Russia,2/14/06,Ast02-2-26,Orthoflavivirus nilense,10811,complete,Russia,Russia,NA,Hyalomma marginatum,NA,NA,Lineage_1
DQ377179,West Nile virus,GenBank,set:DQ377179,"Sadykova,G.K., Lyapina,O.V., Samokhvalov,E.I., Kinney,R.M., Tsychia,R., Prilipov,A.G.","Ivanovsky Virology Institute RAMS, Molecular Genetic laboratory",Russia,2/14/06,Ast02-2-298,Orthoflavivirus nilense,10811,complete,Russia,Russia,NA,Corvus frugilegus,NA,NA,Lineage_1
DQ377180,West Nile virus,GenBank,set:DQ377180,"Sadykova,G.K., Lyapina,O.V., Samokhvalov,E.I., Kinney,R.M., Tsychia,R., Prilipov,A.G.","Ivanovsky Virology Institute RAMS, Molecular Genetic laboratory",Russia,2/14/06,Ast02-3-208,Orthoflavivirus nilense,10811,complete,Russia,Russia,NA,Phalacrocorax carbo,NA,NA,Lineage_1
DQ318019,West Nile virus,GenBank,set:DQ318019,"Borisevich,V.G., Seregin,A.V., Yamshchikov,V.F.",Molecular Biosciences,USA,1/1/06,NA,Orthoflavivirus nilense,11038,complete,Senegal,Senegal,NA,NA,NA,NA,Lineage_2
DQ318020,West Nile virus,GenBank,set:DQ318020,"Borisevich,V.G., Seregin,A.V., Yamshchikov,V.F.",Molecular Biosciences,USA,1/1/06,NA,Orthoflavivirus nilense,11048,complete,Central African Republic,Central African Republic,NA,NA,NA,NA,Lineage_2
DQ066423,West Nile virus strain 385-99,GenBank,set:DQ066423,"Ding,X., Wu,X., Duan,T., Siirin,M., Guzman,H., Yang,Z., Tesh,R.B., Xiao,S.Y., Xiao,S.-Y.","University of Texas Medical Branch, Pathology",USA,10/18/05,hamster passage strain 9317B,Orthoflavivirus nilense,11029,complete,NA,NA,NA,Cricetinae,"kidney, abdominal cavity",NA,Lineage_1
DQ164186,West Nile virus,GenBank,set:DQ164186,"Davis,C.T., Ebel,G.D., Lanciotti,R.S., Brault,A.C., Guzman,H., Siirin,M., Lambert,A., Parsons,R.E., Beasley,D.W., Novak,R.J., Elizondo-Quiroga,D., Green,E.N., Young,D.S., Stark,L.M., Drebot,M.A., Artsob,H., Tesh,R.B., Kramer,L.D., Barrett,A.D., Davis,T.C.","University of Texas Medical Branch, Pathology",USA,10/8/05,NY 2002 Queens,Orthoflavivirus nilense,11029,complete,"USA: NY, Queens",USA,NY,Corvus brachyrhynchos,NA,2002,Lineage_1
DQ164188,West Nile virus,GenBank,set:DQ164188,"Davis,C.T., Ebel,G.D., Lanciotti,R.S., Brault,A.C., Guzman,H., Siirin,M., Lambert,A., Parsons,R.E., Beasley,D.W., Novak,R.J., Elizondo-Quiroga,D., Green,E.N., Young,D.S., Stark,L.M., Drebot,M.A., Artsob,H., Tesh,R.B., Kramer,L.D., Barrett,A.D., Davis,T.C.","University of Texas Medical Branch, Pathology",USA,10/8/05,NY 2003 Westchester,Orthoflavivirus nilense,11029,complete,"USA: NY, Westchester",USA,NY,Corvus brachyrhynchos,NA,2003,Lineage_1
DQ164189,West Nile virus,GenBank,set:DQ164189,"Davis,C.T., Ebel,G.D., Lanciotti,R.S., Brault,A.C., Guzman,H., Siirin,M., Lambert,A., Parsons,R.E., Beasley,D.W., Novak,R.J., Elizondo-Quiroga,D., Green,E.N., Young,D.S., Stark,L.M., Drebot,M.A., Artsob,H., Tesh,R.B., Kramer,L.D., Barrett,A.D., Davis,T.C.","University of Texas Medical Branch, Pathology",USA,10/8/05,NY 2003 Albany,Orthoflavivirus nilense,11029,complete,"USA: NY, Albany",USA,NY,Corvus brachyrhynchos,NA,2003,Lineage_1
DQ164190,West Nile virus,GenBank,set:DQ164190,"Davis,C.T., Ebel,G.D., Lanciotti,R.S., Brault,A.C., Guzman,H., Siirin,M., Lambert,A., Parsons,R.E., Beasley,D.W., Novak,R.J., Elizondo-Quiroga,D., Green,E.N., Young,D.S., Stark,L.M., Drebot,M.A., Artsob,H., Tesh,R.B., Kramer,L.D., Barrett,A.D., Davis,T.C.","University of Texas Medical Branch, Pathology",USA,10/8/05,NY 2003 Suffolk,Orthoflavivirus nilense,11029,complete,"USA: NY, Suffolk",USA,NY,Corvus brachyrhynchos,NA,2003,Lineage_1
DQ164191,West Nile virus,GenBank,set:DQ164191,"Davis,C.T., Ebel,G.D., Lanciotti,R.S., Brault,A.C., Guzman,H., Siirin,M., Lambert,A., Parsons,R.E., Beasley,D.W., Novak,R.J., Elizondo-Quiroga,D., Green,E.N., Young,D.S., Stark,L.M., Drebot,M.A., Artsob,H., Tesh,R.B., Kramer,L.D., Barrett,A.D., Davis,T.C.","University of Texas Medical Branch, Pathology",USA,10/8/05,NY 2003 Chautauqua,Orthoflavivirus nilense,11029,complete,"USA: NY, Chautauqua",USA,NY,Corvus brachyrhynchos,NA,2003,Lineage_1
DQ164193,West Nile virus,GenBank,set:DQ164193,"Davis,C.T., Ebel,G.D., Lanciotti,R.S., Brault,A.C., Guzman,H., Siirin,M., Lambert,A., Parsons,R.E., Beasley,D.W., Novak,R.J., Elizondo-Quiroga,D., Green,E.N., Young,D.S., Stark,L.M., Drebot,M.A., Artsob,H., Tesh,R.B., Kramer,L.D., Barrett,A.D., Davis,T.C.","University of Texas Medical Branch, Pathology",USA,10/8/05,NY 2002 Clinton,Orthoflavivirus nilense,11029,complete,"USA: NY, Clinton",USA,NY,Corvus brachyrhynchos,NA,2002,Lineage_1
DQ164194,West Nile virus,GenBank,set:DQ164194,"Davis,C.T., Ebel,G.D., Lanciotti,R.S., Brault,A.C., Guzman,H., Siirin,M., Lambert,A., Parsons,R.E., Beasley,D.W., Novak,R.J., Elizondo-Quiroga,D., Green,E.N., Young,D.S., Stark,L.M., Drebot,M.A., Artsob,H., Tesh,R.B., Kramer,L.D., Barrett,A.D., Davis,T.C.","University of Texas Medical Branch, Pathology",USA,10/8/05,NY 2001 Suffolk,Orthoflavivirus nilense,11029,complete,"USA: NY, Suffolk",USA,NY,Corvus brachyrhynchos,NA,2001,Lineage_1
DQ164195,West Nile virus,GenBank,set:DQ164195,"Davis,C.T., Ebel,G.D., Lanciotti,R.S., Brault,A.C., Guzman,H., Siirin,M., Lambert,A., Parsons,R.E., Beasley,D.W., Novak,R.J., Elizondo-Quiroga,D., Green,E.N., Young,D.S., Stark,L.M., Drebot,M.A., Artsob,H., Tesh,R.B., Kramer,L.D., Barrett,A.D., Davis,T.C.","University of Texas Medical Branch, Pathology",USA,10/8/05,NY 2002 Nassau,Orthoflavivirus nilense,11029,complete,"USA: NY, Nassau",USA,NY,Culex,NA,2002,Lineage_1
DQ164196,West Nile virus,GenBank,set:DQ164196,"Davis,C.T., Ebel,G.D., Lanciotti,R.S., Brault,A.C., Guzman,H., Siirin,M., Lambert,A., Parsons,R.E., Beasley,D.W., Novak,R.J., Elizondo-Quiroga,D., Green,E.N., Young,D.S., Stark,L.M., Drebot,M.A., Artsob,H., Tesh,R.B., Kramer,L.D., Barrett,A.D., Davis,T.C.","University of Texas Medical Branch, Pathology",USA,10/8/05,GA 2002 1,Orthoflavivirus nilense,11029,complete,USA: GA,USA,GA,Homo sapiens,NA,2002,Lineage_1
DQ164197,West Nile virus,GenBank,set:DQ164197,"Davis,C.T., Ebel,G.D., Lanciotti,R.S., Brault,A.C., Guzman,H., Siirin,M., Lambert,A., Parsons,R.E., Beasley,D.W., Novak,R.J., Elizondo-Quiroga,D., Green,E.N., Young,D.S., Stark,L.M., Drebot,M.A., Artsob,H., Tesh,R.B., Kramer,L.D., Barrett,A.D., Davis,T.C.","University of Texas Medical Branch, Pathology",USA,10/8/05,GA 2002 2,Orthoflavivirus nilense,11029,complete,USA: GA,USA,GA,Homo sapiens,NA,2002,Lineage_1
DQ164198,West Nile virus,GenBank,set:DQ164198,"Davis,C.T., Ebel,G.D., Lanciotti,R.S., Brault,A.C., Guzman,H., Siirin,M., Lambert,A., Parsons,R.E., Beasley,D.W., Novak,R.J., Elizondo-Quiroga,D., Green,E.N., Young,D.S., Stark,L.M., Drebot,M.A., Artsob,H., Tesh,R.B., Kramer,L.D., Barrett,A.D., Davis,T.C.","University of Texas Medical Branch, Pathology",USA,10/8/05,TX 2002 1,Orthoflavivirus nilense,11029,complete,USA: TX,USA,TX,Homo sapiens,NA,2002,Lineage_1
DQ164199,West Nile virus,GenBank,set:DQ164199,"Davis,C.T., Ebel,G.D., Lanciotti,R.S., Brault,A.C., Guzman,H., Siirin,M., Lambert,A., Parsons,R.E., Beasley,D.W., Novak,R.J., Elizondo-Quiroga,D., Green,E.N., Young,D.S., Stark,L.M., Drebot,M.A., Artsob,H., Tesh,R.B., Kramer,L.D., Barrett,A.D., Davis,T.C.","University of Texas Medical Branch, Pathology",USA,10/8/05,TX 2003,Orthoflavivirus nilense,11029,complete,USA: TX,USA,TX,Homo sapiens,NA,2003,Lineage_1
DQ164200,West Nile virus,GenBank,set:DQ164200,"Davis,C.T., Ebel,G.D., Lanciotti,R.S., Brault,A.C., Guzman,H., Siirin,M., Lambert,A., Parsons,R.E., Beasley,D.W., Novak,R.J., Elizondo-Quiroga,D., Green,E.N., Young,D.S., Stark,L.M., Drebot,M.A., Artsob,H., Tesh,R.B., Kramer,L.D., Barrett,A.D., Davis,T.C.","University of Texas Medical Branch, Pathology",USA,10/8/05,IN 2002,Orthoflavivirus nilense,11029,complete,USA: IN,USA,IN,Homo sapiens,NA,2002,Lineage_1
DQ164201,West Nile virus,GenBank,set:DQ164201,"Davis,C.T., Ebel,G.D., Lanciotti,R.S., Brault,A.C., Guzman,H., Siirin,M., Lambert,A., Parsons,R.E., Beasley,D.W., Novak,R.J., Elizondo-Quiroga,D., Green,E.N., Young,D.S., Stark,L.M., Drebot,M.A., Artsob,H., Tesh,R.B., Kramer,L.D., Barrett,A.D., Davis,T.C.","University of Texas Medical Branch, Pathology",USA,10/8/05,AZ 2004,Orthoflavivirus nilense,11029,complete,USA: AZ,USA,AZ,Homo sapiens,NA,2004,Lineage_1
DQ164202,West Nile virus,GenBank,set:DQ164202,"Davis,C.T., Ebel,G.D., Lanciotti,R.S., Brault,A.C., Guzman,H., Siirin,M., Lambert,A., Parsons,R.E., Beasley,D.W., Novak,R.J., Elizondo-Quiroga,D., Green,E.N., Young,D.S., Stark,L.M., Drebot,M.A., Artsob,H., Tesh,R.B., Kramer,L.D., Barrett,A.D., Davis,T.C.","University of Texas Medical Branch, Pathology",USA,10/8/05,OH 2002,Orthoflavivirus nilense,11029,complete,USA: OH,USA,OH,Homo sapiens,NA,2002,Lineage_1
DQ164203,West Nile virus,GenBank,set:DQ164203,"Davis,C.T., Ebel,G.D., Lanciotti,R.S., Brault,A.C., Guzman,H., Siirin,M., Lambert,A., Parsons,R.E., Beasley,D.W., Novak,R.J., Elizondo-Quiroga,D., Green,E.N., Young,D.S., Stark,L.M., Drebot,M.A., Artsob,H., Tesh,R.B., Kramer,L.D., Barrett,A.D., Davis,T.C.","University of Texas Medical Branch, Pathology",USA,10/8/05,CO 2003 2,Orthoflavivirus nilense,11029,complete,USA: CO,USA,CO,Corvidae,NA,2003,Lineage_1
DQ164204,West Nile virus,GenBank,set:DQ164204,"Davis,C.T., Ebel,G.D., Lanciotti,R.S., Brault,A.C., Guzman,H., Siirin,M., Lambert,A., Parsons,R.E., Beasley,D.W., Novak,R.J., Elizondo-Quiroga,D., Green,E.N., Young,D.S., Stark,L.M., Drebot,M.A., Artsob,H., Tesh,R.B., Kramer,L.D., Barrett,A.D., Davis,T.C.","University of Texas Medical Branch, Pathology",USA,10/8/05,CO 2003 1,Orthoflavivirus nilense,11029,complete,USA: CO,USA,CO,Buteo jamaicensis,NA,2003,Lineage_1
DQ164205,West Nile virus,GenBank,set:DQ164205,"Davis,C.T., Ebel,G.D., Lanciotti,R.S., Brault,A.C., Guzman,H., Siirin,M., Lambert,A., Parsons,R.E., Beasley,D.W., Novak,R.J., Elizondo-Quiroga,D., Green,E.N., Young,D.S., Stark,L.M., Drebot,M.A., Artsob,H., Tesh,R.B., Kramer,L.D., Barrett,A.D., Davis,T.C.","University of Texas Medical Branch, Pathology",USA,10/8/05,TX 2002 2,Orthoflavivirus nilense,11029,complete,USA: TX,USA,TX,Homo sapiens,NA,2002,Lineage_1
DQ164206,West Nile virus,GenBank,set:DQ164206,"Davis,C.T., Ebel,G.D., Lanciotti,R.S., Brault,A.C., Guzman,H., Siirin,M., Lambert,A., Parsons,R.E., Beasley,D.W., Novak,R.J., Elizondo-Quiroga,D., Green,E.N., Young,D.S., Stark,L.M., Drebot,M.A., Artsob,H., Tesh,R.B., Kramer,L.D., Barrett,A.D., Davis,T.C.","University of Texas Medical Branch, Pathology",USA,10/8/05,TX 2004 Harris 4,Orthoflavivirus nilense,11029,complete,"USA: TX, Harris",USA,TX,Cyanocitta cristata,NA,2004,Lineage_1
AY646354,West Nile virus,GenBank,set:AY646354,"Grinev,A., Anez,G., Rios,M., Machuca,A.","CBER/FDA, DETTD",USA,6/1/05,NA,Orthoflavivirus nilense,11030,complete,USA,USA,NA,Homo sapiens,blood,NA,Lineage_1
AY603654,West Nile virus,GenBank,set:AY603654,"Beasley,D.W., Whiteman,M.C., Zhang,S., Huang,C.Y., Schneider,B.S., Smith,D.R., Gromowski,G.D., Higgs,S., Kinney,R.M., Barrett,A.D., Beasley,D.W.C., Barrett,A.D.T.","University of Texas Medical Branch, Pathology",USA,5/1/05,NA,Orthoflavivirus nilense,11029,complete,Ethiopia,Ethiopia,NA,NA,NA,NA,Lineage_1
AY795965,West Nile virus,GenBank,set:AY795965,"Grinev,A., Rios,M.","FDA, CBER/DTTD/LMV",USA,3/1/05,ARC10,Orthoflavivirus nilense,11029,complete,USA,USA,NA,NA,NA,NA,Lineage_1
AY848695,West Nile virus strain 385-99,GenBank,set:AY848695,"Ding,X., Wu,X., Duan,T., Siirin,M., Guzman,H., Yang,Z., Tesh,R.B., Xiao,S.Y., Xiao,S.-Y.","University of Texas Medical Branch, Department of Pathology and Center for Biodefense and Emerging Infectious Diseases, Route 0588",USA,1/18/05,hamster passage strain 9317A,Orthoflavivirus nilense,11029,complete,NA,NA,NA,NA,NA,NA,Lineage_1
AY848696,West Nile virus strain 385-99,GenBank,set:AY848696,"Ding,X., Wu,X., Duan,T., Siirin,M., Guzman,H., Yang,Z., Tesh,R.B., Xiao,S.Y., Xiao,S.-Y.","University of Texas Medical Branch, Department of Pathology and Center for Biodefense and Emerging Infectious Diseases, Route 0588",USA,1/18/05,hamster passage strain 9317E,Orthoflavivirus nilense,11029,complete,NA,NA,NA,NA,NA,NA,Lineage_1
AY842931,West Nile virus strain 385-99,GenBank,set:AY842931,"Ding,X., Wu,X., Duan,T., Siirin,M., Guzman,H., Yang,Z., Tesh,R.B., Xiao,S.Y., Xiao,S.-Y.","University of Texas Medical Branch, Department of Pathology and Center for Biodefense and Emerging Infectious Diseases",USA,12/26/04,NA,Orthoflavivirus nilense,11029,complete,USA,USA,NA,NA,NA,NA,Lineage_1
AY660002,West Nile virus,GenBank,set:AY660002,"Beasley,D.W., Davis,C.T., Estrada-Franco,J., Navarro-Lopez,R., Campomanes-Cortes,A., Tesh,R.B., Weaver,S.C., Barrett,A.D., Beasley,D.W.C., Davis,T., Estrada-Franco,J.G., Barrett,A.D.T.","University of Texas Medical Branch, Pathology",USA,12/19/04,Mex03,Orthoflavivirus nilense,11029,complete,Mexico,Mexico,NA,NA,NA,NA,Lineage_1
AY532665,West Nile virus,GenBank,set:AY532665,"Yamshchikov,G., Borisevich,V., Seregin,A., Chaporgina,E., Mishina,M., Mishin,V., Kwok,C.W., Yamshchikov,V., Borisevich,V.G., Yamshchikov,V.F.","University of Kansas, Molecular Biosciences",USA,12/9/04,NA,Orthoflavivirus nilense,11038,complete,NA,NA,NA,NA,NA,NA,Lineage_2
AY712945,West Nile virus,GenBank,set:AY712945,"Davis,C.T., Beasley,D.W., Guzman,H., Siirin,M., Parsons,R.E., Tesh,R.B., Barrett,A.D., Beasley,D.W.C., Barrett,A.D.T.","University of Texas Medical Branch, Pathology",USA,11/13/04,Bird 1153,Orthoflavivirus nilense,11029,complete,USA: Texas,USA,TX,Zenaida macroura,NA,NA,Lineage_1
AY712946,West Nile virus,GenBank,set:AY712946,"Davis,C.T., Beasley,D.W., Guzman,H., Siirin,M., Parsons,R.E., Tesh,R.B., Barrett,A.D., Beasley,D.W.C., Barrett,A.D.T.","University of Texas Medical Branch, Pathology",USA,11/13/04,Bird 1171,Orthoflavivirus nilense,11029,complete,USA: Texas,USA,TX,Cyanocitta cristata,NA,NA,Lineage_1
AY712947,West Nile virus,GenBank,set:AY712947,"Davis,C.T., Beasley,D.W., Guzman,H., Siirin,M., Parsons,R.E., Tesh,R.B., Barrett,A.D., Beasley,D.W.C., Barrett,A.D.T.","University of Texas Medical Branch, Pathology",USA,11/13/04,Bird 1461,Orthoflavivirus nilense,11029,complete,USA: Texas,USA,TX,NA,NA,NA,Lineage_1
AY712948,West Nile virus,GenBank,set:AY712948,"Davis,C.T., Beasley,D.W., Guzman,H., Siirin,M., Parsons,R.E., Tesh,R.B., Barrett,A.D., Beasley,D.W.C., Barrett,A.D.T.","University of Texas Medical Branch, Pathology",USA,11/13/04,Mosquito v4369,Orthoflavivirus nilense,11029,complete,USA: Texas,USA,TX,Culex quinquefasciatus,NA,NA,Lineage_1
AY688948,West Nile virus,GenBank,set:AY688948,"Chu,J.J., Rajamanonmani,R., Li,J., Bhuvanakantham,R., Lescar,J., Ng,M.L., Howe,J., Ng,M.-L.","National University of Singapore, Microbiology",Singapore,8/15/04,NA,Orthoflavivirus nilense,11057,complete,Israel,Israel,NA,NA,NA,NA,Lineage_2
AY289214,West Nile virus,GenBank,set:AY289214,"Granwehr,B.P., Li,L., Davis,C.T., Beasley,D.W., Barrett,A.D., Barrett,A.D.T.","University of Texas Medical Branch, Internal Medicine-Infectious Diseases",USA,6/1/04,NA,Orthoflavivirus nilense,11029,complete,NA,NA,NA,NA,NA,NA,Lineage_1
AY490240,West Nile virus,GenBank,set:AY490240,"Jiang,T., Qin,E., Deng,Y.","Institute of Microbiology and Epidemiology, Virology",China,12/29/03,NA,Orthoflavivirus nilense,11028,complete,China,China,NA,NA,NA,NA,Lineage_1
AY277251,West Nile virus,GenBank,set:AY277251,"Lvov,D.K., Butenko,A.M., Gromashevsky,V.L., Kovtunov,A.I., Prilipov,A.G., Kinney,R., Aristova,V.A., Dzharkenov,A.F., Samokhvalov,E.I., Savage,H.M., Shchelkanov,M.Y., Galkina,I.V., Deryabin,P.G., Gubler,D.J., Kulikova,L.N., Alkhovsky,S.K., Moskvina,T.M., Zlobina,L.V., Sadykova,G.K., Shatalov,A.G., Lvov,D.N., Usachev,V.E., Voronina,A.G., Kinney,R.M., Alkhovsky,S.V., Tsychia,R., Usachev,E.V., Vyshemirsky,O.I., Mokhonov,V.V., Larichev,V.F.","Ivanovsky Virology Institute, Molecular Genetic",Russia,5/3/03,LEIV-Krnd88-190,Orthoflavivirus nilense,10741,complete,Russia,Russia,NA,Dermacentor marginatus,NA,NA,Lineage_2
AY277252,West Nile virus,GenBank,set:AY277252,"Prilipov,A.G., Kinney,R.M., Samokhvalov,E.I., Savage,H.M., Alkhovsky,S.V., Tsychia,R., Gromashevsky,V.L., Sadykova,G.K., Shatalov,A.G., Usachev,E.V., Mokhonov,V.V., Voronina,A.G., Butenko,A.M., Larichev,V.F., Gubler,D.J., Lvov,D.K.","Ivanovsky Virology Institute, Molecular Genetic",Russia,5/3/03,LEIV-Vlg99-27889,Orthoflavivirus nilense,10845,complete,"Russia: Volgograd, low Volga",Russia,NA,NA,brain,NA,Lineage_1
AY278441,West Nile virus,GenBank,set:AY278441,"Voronina,A.G., Prilipov,A.G., Kinney,R.M., Samokhvalov,E.I., Savage,H.M., Alkhovsky,S.V., Tsychia,R., Sadykova,G.K., Shatalov,A.G., Usachev,E.V., Mokhonov,V.V., Butenko,A.M., Larichev,V.F., Gubler,D.J., Lvov,D.K.","Ivanovsky Virology Institute, Molecular Genetic",Russia,5/3/03,Ast99-901,Orthoflavivirus nilense,10998,complete,"Russia: Astrakhan, Volga delta",Russia,NA,NA,blood,NA,Lineage_1
AY278442,West Nile virus,GenBank,set:AY278442,"Sadykova,G.K., Prilipov,A.G., Kinney,R.M., Samokhvalov,E.I., Savage,H.M., Alkhovsky,S.V., Tsychia,R., Gromashevsky,V.L., Usachev,E.V., Mokhonov,V.V., Voronina,A.G., Butenko,A.M., Larichev,V.F., Gubler,D.J., Lvov,D.K.","Ivanovsky Virology Institute, Molecular Genetic",Russia,5/3/03,LEIV-Vlg00-27924,Orthoflavivirus nilense,10842,complete,"Russia: Volgograd, low Volga",Russia,NA,NA,blood,NA,Lineage_1
AF404753,West Nile virus,GenBank,set:AF404753,"Lanciotti,R.S., Ebel,G.D., Deubel,V., Kerst,A.J., Murri,S., Meyer,R., Bowen,M., McKinney,N., Morrill,W.E., Crabtree,M.B., Kramer,L.D., Roehrig,J.T.","Centers for Disease Control & Prevention, Division of Vector-Borne Infectious Diseases",USA,7/23/02,WN MD 2000-crow265,Orthoflavivirus nilense,11029,complete,USA: Maryland,USA,MD,Corvus,NA,NA,Lineage_1
AF404754,West Nile virus,GenBank,set:AF404754,"Lanciotti,R.S., Ebel,G.D., Deubel,V., Kerst,A.J., Murri,S., Meyer,R., Bowen,M., McKinney,N., Morrill,W.E., Crabtree,M.B., Kramer,L.D., Roehrig,J.T.","Centers for Disease Control & Prevention, Division of Vector-Borne Infectious Diseases",USA,7/23/02,WN NJ 2000 MQ5488,Orthoflavivirus nilense,11029,complete,USA: New Jersey,USA,NJ,Culex pipiens,NA,NA,Lineage_1
AF404755,West Nile virus,GenBank,set:AF404755,"Lanciotti,R.S., Ebel,G.D., Deubel,V., Kerst,A.J., Murri,S., Meyer,R., Bowen,M., McKinney,N., Morrill,W.E., Crabtree,M.B., Kramer,L.D., Roehrig,J.T.","Centers for Disease Control & Prevention, Division of Vector-Borne Infectious Diseases",USA,7/23/02,WN NY 2000-grouse3282,Orthoflavivirus nilense,11029,complete,USA: New York,USA,NY,Bonasa umbellus,NA,NA,Lineage_1
AF404756,West Nile virus,GenBank,set:AF404756,"Lanciotti,R.S., Ebel,G.D., Deubel,V., Kerst,A.J., Murri,S., Meyer,R., Bowen,M., McKinney,N., Morrill,W.E., Crabtree,M.B., Kramer,L.D., Roehrig,J.T.","Centers for Disease Control & Prevention, Division of Vector-Borne Infectious Diseases",USA,7/23/02,WN NY 2000-crow3356,Orthoflavivirus nilense,11029,complete,USA: New York,USA,NY,Corvus,NA,NA,Lineage_1
AF404757,West Nile virus,GenBank,set:AF404757,"Lanciotti,R.S., Ebel,G.D., Deubel,V., Kerst,A.J., Murri,S., Meyer,R., Bowen,M., McKinney,N., Morrill,W.E., Crabtree,M.B., Kramer,L.D., Roehrig,J.T., Morrill,W.","Centers for Disease Control & Prevention, Division of Vector-Borne Infectious Diseases",USA,7/23/02,WN Italy 1998-equine,Orthoflavivirus nilense,11029,complete,Italy,Italy,NA,Equus caballus,NA,NA,Lineage_1
AF481864,West Nile virus,GenBank,set:AF481864,"Malkinson,M., Banet,C., Weisman,Y., Pokamunski,S., King,R., Drouet,M.T., Deubel,V.","Institut Pasteur, CERVI",France,3/13/02,NA,Orthoflavivirus nilense,11029,complete,NA,NA,NA,Ciconiidae,NA,NA,Lineage_1
AF260967,West Nile virus,GenBank,set:AF260967,"Bowen,M., Meyer,R.F., McKinney,N., Morrill,W., Lanciotti,R.","Centers for Disease Control & Prevention, Arbovirus Diseases Branch",USA,8/27/00,NA,Orthoflavivirus nilense,11029,complete,USA: New York,USA,NY,Equus caballus,NA,NA,Lineage_1
AF260969,West Nile virus,GenBank,set:AF260969,"Savage,H.M., Ceianu,C., Nicolescu,G., Karabatsos,N., Lanciotti,R., Vladimirescu,A., Laiv,L., Ungureanu,A., Romanca,C., Tsai,T.F., Bowen,M., Meyer,R.F., McKinney,N., Morrill,W.","Centers for Disease Control & Prevention, Arbovirus Diseases Branch",USA,8/27/00,NA,Orthoflavivirus nilense,11029,complete,Romania,Romania,NA,Culex pipiens,NA,NA,Lineage_1
AF206518,West Nile virus,GenBank,set:AF206518,"Anderson,J.F., Andreadis,T.G., Vossbrinck,C.R., Tirrell,S., Wakem,E.M., French,R.A., Garmendia,A.E., Van Kruiningen,H.J.","Connecticut Agricultural Experiment Station, Soil and Water",USA,12/28/99,2741,Orthoflavivirus nilense,10975,complete,"USA:Connecticut, Greenwich-Stanford town line",USA,CT,Culex pipiens,NA,NA,Lineage_1